id,ts,user_id,user_age,user_gender,user_education,poem_title,image_path,image_type,q1_1_right_answer,phase1_response_ms,answers_json,phase2_response_ms,total_response_ms
1,2026-01-27T03:02:10.515019,whu,31,男,硕士,遣怀,/home/ubuntu/workspace/image_voting_system/all_images/遣怀_nano.jpg,nano,D,54979,"{""q1-2"": ""a"", ""q1-1"": ""D"", ""q2-1"": ""a"", ""q2-2"": ""a"", ""q2-3"": ""a"", ""q2-4"": ""a"", ""q2-5"": ""e"", ""q2-6"": ""b"", ""q2-7"": ""b"", ""q2-8"": ""a"", ""q2-9"": ""a"", ""q2-10"": ""b""}",92933,147912
2,2026-01-27T03:11:28.784298,luo,29,男,硕士,杂诗三首·其二,/home/ubuntu/workspace/image_voting_system/all_images/杂诗三首·其二_gpt.jpg,gpt,A,175208,"{""q1-2"": ""a"", ""q1-1"": ""C"", ""q2-1"": ""a"", ""q2-2"": ""a"", ""q2-3"": ""b"", ""q2-4"": ""b"", ""q2-5"": ""b"", ""q2-6"": ""b"", ""q2-7"": ""d"", ""q2-8"": ""a"", ""q2-9"": ""a"", ""q2-10"": ""c""}",95538,270746
3,2026-01-27T03:25:31.225739,Boning,29,女,博士,咏怀古迹五首·其五,/home/ubuntu/workspace/image_voting_system/all_images/咏怀古迹五首·其五_gpt.jpg,gpt,A,66515,"{""q1-2"": ""b"", ""q1-1"": ""A"", ""q2-1"": ""a"", ""q2-2"": ""a"", ""q2-3"": ""a"", ""q2-4"": ""a"", ""q2-5"": ""e"", ""q2-6"": ""a"", ""q2-7"": ""a"", ""q2-8"": ""a"", ""q2-9"": ""b"", ""q2-10"": ""b""}",177779,244294
4,2026-01-27T03:27:37.558572,whu,31,男,硕士,晚次鄂州,/home/ubuntu/workspace/image_voting_system/all_images/晚次鄂州_nano.jpg,nano,D,1290223,"{""q1-2"": ""a"", ""q1-1"": ""D"", ""q2-1"": ""a"", ""q2-2"": ""a"", ""q2-3"": ""a"", ""q2-4"": ""a"", ""q2-5"": ""a"", ""q2-6"": ""a"", ""q2-7"": ""a"", ""q2-8"": ""a"", ""q2-9"": ""a"", ""q2-10"": ""a""}",236821,1527044
5,2026-01-28T06:17:13.126443,Addison,33,女,硕士,宿桐庐江寄广陵旧游,/home/ubuntu/workspace/image_voting_system/all_images/宿桐庐江寄广陵旧游_seedream.jpg,seedream,C,37779,"{""q1-2"": ""c"", ""q1-1"": ""C"", ""q2-1"": ""a"", ""q2-2"": ""a"", ""q2-3"": ""a"", ""q2-4"": ""a"", ""q2-5"": ""a"", ""q2-6"": ""b"", ""q2-7"": ""b"", ""q2-8"": ""d"", ""q2-9"": ""a"", ""q2-10"": ""b""}",94666,132445
6,2026-01-28T06:22:37.671216,Addison,33,女,硕士,春宫曲,/home/ubuntu/workspace/image_voting_system/all_images/春宫曲_nano.jpg,nano,C,213497,"{""q1-2"": ""c"", ""q1-1"": ""C"", ""q2-1"": ""a"", ""q2-2"": ""a"", ""q2-3"": ""a"", ""q2-4"": ""b"", ""q2-5"": ""b"", ""q2-6"": ""d"", ""q2-7"": ""a"", ""q2-8"": ""a"", ""q2-9"": ""a"", ""q2-10"": ""b""}",111048,324545
7,2026-01-28T06:24:00.341333,Addison,33,女,硕士,清明日宴梅道士房,/home/ubuntu/workspace/image_voting_system/all_images/清明日宴梅道士房_nano.jpg,nano,B,47278,"{""q1-2"": ""c"", ""q1-1"": ""B"", ""q2-1"": ""a"", ""q2-2"": ""a"", ""q2-3"": ""a"", ""q2-4"": ""a"", ""q2-5"": ""a"", ""q2-6"": ""a"", ""q2-7"": ""a"", ""q2-8"": ""a"", ""q2-9"": ""a"", ""q2-10"": ""a""}",35392,82670
8,2026-01-28T06:26:24.902453,Addison,33,女,硕士,已凉,/home/ubuntu/workspace/image_voting_system/all_images/已凉_mj.jpg,mj,C,37432,"{""q1-2"": ""b"", ""q1-1"": ""C"", ""q2-1"": ""a"", ""q2-2"": ""a"", ""q2-3"": ""a"", ""q2-4"": ""b"", ""q2-5"": ""a"", ""q2-6"": ""d"", ""q2-7"": ""a"", ""q2-8"": ""a"", ""q2-9"": ""b"", ""q2-10"": ""c""}",107129,144561
9,2026-01-28T06:28:13.296789,Addison,33,女,硕士,次北固山下,/home/ubuntu/workspace/image_voting_system/all_images/次北固山下_nano.jpg,nano,C,69592,"{""q1-2"": ""c"", ""q1-1"": ""A"", ""q2-1"": ""a"", ""q2-2"": ""a"", ""q2-3"": ""a"", ""q2-4"": ""b"", ""q2-5"": ""b"", ""q2-6"": ""d"", ""q2-7"": ""a"", ""q2-8"": ""a"", ""q2-9"": ""a"", ""q2-10"": ""b""}",38802,108394
10,2026-01-28T06:29:02.207367,Addison,33,女,硕士,终南山,/home/ubuntu/workspace/image_voting_system/all_images/终南山_nano.jpg,nano,C,22109,"{""q1-2"": ""c"", ""q1-1"": ""C"", ""q2-1"": ""a"", ""q2-2"": ""a"", ""q2-3"": ""a"", ""q2-4"": ""a"", ""q2-5"": ""a"", ""q2-6"": ""a"", ""q2-7"": ""a"", ""q2-8"": ""a"", ""q2-9"": ""a"", ""q2-10"": ""a""}",26802,48911
11,2026-01-28T06:33:21.492749,Addison,33,女,硕士,自夏口至鹦鹉洲夕望岳阳寄源中丞,/home/ubuntu/workspace/image_voting_system/all_images/自夏口至鹦鹉洲夕望岳阳寄源中丞_seedream.jpg,seedream,A,11213,"{""q1-2"": ""c"", ""q1-1"": ""A"", ""q2-1"": ""a"", ""q2-2"": ""a"", ""q2-3"": ""c"", ""q2-4"": ""c"", ""q2-5"": ""a"", ""q2-6"": ""c"", ""q2-7"": ""a"", ""q2-8"": ""d"", ""q2-9"": ""a"", ""q2-10"": ""b""}",248072,259285
12,2026-01-28T06:34:32.080892,Addison,33,女,硕士,落花,/home/ubuntu/workspace/image_voting_system/all_images/落花_seedream.jpg,seedream,A,56627,"{""q1-2"": ""a"", ""q1-1"": ""A"", ""q2-1"": ""a"", ""q2-2"": ""a"", ""q2-3"": ""a"", ""q2-4"": ""a"", ""q2-5"": ""a"", ""q2-6"": ""a"", ""q2-7"": ""a"", ""q2-8"": ""a"", ""q2-9"": ""a"", ""q2-10"": ""a""}",13961,70588
13,2026-01-28T06:35:13.367106,Addison,33,女,硕士,竹里馆,/home/ubuntu/workspace/image_voting_system/all_images/竹里馆_nano.jpg,nano,C,16029,"{""q1-2"": ""a"", ""q1-1"": ""C"", ""q2-1"": ""a"", ""q2-2"": ""a"", ""q2-3"": ""a"", ""q2-4"": ""a"", ""q2-5"": ""b"", ""q2-6"": ""a"", ""q2-7"": ""a"", ""q2-8"": ""a"", ""q2-9"": ""a"", ""q2-10"": ""b""}",25257,41286
14,2026-01-28T06:35:50.401614,Addison,33,女,硕士,月夜·今夜鄜州月,/home/ubuntu/workspace/image_voting_system/all_images/月夜·今夜鄜州月_nano.jpg,nano,A,16960,"{""q1-2"": ""c"", ""q1-1"": ""A"", ""q2-1"": ""a"", ""q2-2"": ""a"", ""q2-3"": ""a"", ""q2-4"": ""b"", ""q2-5"": ""a"", ""q2-6"": ""a"", ""q2-7"": ""a"", ""q2-8"": ""a"", ""q2-9"": ""a"", ""q2-10"": ""b""}",20075,37035
15,2026-01-29T05:05:13.600705,shuow,31,女,博士,初发扬子寄元大校书,/home/ubuntu/workspace/image_voting_system/all_images/初发扬子寄元大校书_nano.jpg,nano,C,296352,"{""q1-2"": ""b"", ""q1-1"": ""C"", ""q2-1"": ""a"", ""q2-2"": ""a"", ""q2-3"": ""b"", ""q2-4"": ""b"", ""q2-5"": ""a"", ""q2-6"": ""b"", ""q2-7"": ""a"", ""q2-8"": ""a"", ""q2-9"": ""a"", ""q2-10"": ""b""}",175491,471843
16,2026-01-29T05:07:17.207112,shuow,31,女,博士,听筝,/home/ubuntu/workspace/image_voting_system/all_images/听筝_nano.jpg,nano,A,67130,"{""q1-2"": ""a"", ""q1-1"": ""A"", ""q2-1"": ""a"", ""q2-2"": ""a"", ""q2-3"": ""a"", ""q2-4"": ""a"", ""q2-5"": ""a"", ""q2-6"": ""a"", ""q2-7"": ""a"", ""q2-8"": ""a"", ""q2-9"": ""a"", ""q2-10"": ""a""}",56476,123606
17,2026-01-29T05:10:00.061778,shuow,31,女,博士,楚江怀古三首·其一,/home/ubuntu/workspace/image_voting_system/all_images/楚江怀古三首·其一_nano.jpg,nano,B,81949,"{""q1-2"": ""b"", ""q1-1"": ""B"", ""q2-1"": ""a"", ""q2-2"": ""a"", ""q2-3"": ""a"", ""q2-4"": ""a"", ""q2-5"": ""a"", ""q2-6"": ""a"", ""q2-7"": ""a"", ""q2-8"": ""a"", ""q2-9"": ""a"", ""q2-10"": ""b""}",80906,162855
18,2026-01-29T05:12:16.149816,shuow,31,女,博士,无题二首·其一,/home/ubuntu/workspace/image_voting_system/all_images/无题二首·其一_seedream.jpg,seedream,D,107322,"{""q1-2"": ""a"", ""q1-1"": ""D"", ""q2-1"": ""a"", ""q2-2"": ""a"", ""q2-3"": ""a"", ""q2-4"": ""a"", ""q2-5"": ""a"", ""q2-6"": ""a"", ""q2-7"": ""a"", ""q2-8"": ""a"", ""q2-9"": ""a"", ""q2-10"": ""a""}",28766,136088
19,2026-01-29T05:17:08.301673,shuow,31,女,博士,白雪歌送武判官归京,/home/ubuntu/workspace/image_voting_system/all_images/白雪歌送武判官归京_mj.jpg,mj,D,224035,"{""q1-2"": ""c"", ""q1-1"": ""D"", ""q2-1"": ""a"", ""q2-2"": ""a"", ""q2-3"": ""a"", ""q2-4"": ""b"", ""q2-5"": ""b"", ""q2-6"": ""c"", ""q2-7"": ""a"", ""q2-8"": ""b"", ""q2-9"": ""a"", ""q2-10"": ""b""}",68117,292152
20,2026-01-29T05:18:39.735025,shuow,31,女,博士,长安遇冯著,/home/ubuntu/workspace/image_voting_system/all_images/长安遇冯著_gpt.jpg,gpt,B,74478,"{""q1-2"": ""a"", ""q1-1"": ""B"", ""q2-1"": ""a"", ""q2-2"": ""a"", ""q2-3"": ""a"", ""q2-4"": ""a"", ""q2-5"": ""a"", ""q2-6"": ""a"", ""q2-7"": ""a"", ""q2-8"": ""a"", ""q2-9"": ""a"", ""q2-10"": ""a""}",16955,91433
21,2026-01-29T05:20:04.111617,shuow,31,女,博士,和张仆射塞下曲·其二,/home/ubuntu/workspace/image_voting_system/all_images/和张仆射塞下曲·其二_nano.jpg,nano,A,47992,"{""q1-2"": ""a"", ""q1-1"": ""A"", ""q2-1"": ""a"", ""q2-2"": ""b"", ""q2-3"": ""a"", ""q2-4"": ""a"", ""q2-5"": ""a"", ""q2-6"": ""c"", ""q2-7"": ""a"", ""q2-8"": ""a"", ""q2-9"": ""a"", ""q2-10"": ""b""}",36385,84377
22,2026-01-29T05:22:04.309136,shuow,31,女,博士,哀江头,/home/ubuntu/workspace/image_voting_system/all_images/哀江头_nano.jpg,nano,D,81240,"{""q1-2"": ""b"", ""q1-1"": ""D"", ""q2-1"": ""a"", ""q2-2"": ""b"", ""q2-3"": ""a"", ""q2-4"": ""b"", ""q2-5"": ""a"", ""q2-6"": ""b"", ""q2-7"": ""a"", ""q2-8"": ""a"", ""q2-9"": ""a"", ""q2-10"": ""b""}",38957,120197
23,2026-01-29T05:23:28.077786,shuow,31,女,博士,宿王昌龄隐居,/home/ubuntu/workspace/image_voting_system/all_images/宿王昌龄隐居_seedream.jpg,seedream,C,69068,"{""q1-2"": ""a"", ""q1-1"": ""C"", ""q2-1"": ""a"", ""q2-2"": ""a"", ""q2-3"": ""a"", ""q2-4"": ""a"", ""q2-5"": ""a"", ""q2-6"": ""a"", ""q2-7"": ""a"", ""q2-8"": ""a"", ""q2-9"": ""a"", ""q2-10"": ""a""}",14701,83769
24,2026-01-29T05:24:54.101710,shuow,31,女,博士,终南望余雪,/home/ubuntu/workspace/image_voting_system/all_images/终南望余雪_nano.jpg,nano,A,69571,"{""q1-2"": ""b"", ""q1-1"": ""A"", ""q2-1"": ""a"", ""q2-2"": ""a"", ""q2-3"": ""a"", ""q2-4"": ""a"", ""q2-5"": ""a"", ""q2-6"": ""a"", ""q2-7"": ""a"", ""q2-8"": ""a"", ""q2-9"": ""a"", ""q2-10"": ""b""}",16453,86024
25,2026-01-30T04:15:57.061460,s,24,男,硕士,酬张少府,/home/ubuntu/workspace/image_voting_system/all_images/酬张少府_seedream.jpg,seedream,A,17908,"{""q1-2"": ""b"", ""q1-1"": ""B"", ""q2-10"": ""c"", ""q2-9"": ""c"", ""q2-8"": ""c"", ""q2-7"": ""c"", ""q2-6"": ""d"", ""q2-5"": ""b"", ""q2-4"": ""a"", ""q2-3"": ""c"", ""q2-2"": ""b"", ""q2-1"": ""b""}",24487,42395
26,2026-01-30T04:19:59.841918,赵匡胤,30,男,硕士,江南曲,/home/ubuntu/workspace/image_voting_system/all_images/江南曲_seedream.jpg,seedream,C,52020,"{""q1-2"": ""a"", ""q1-1"": ""C"", ""q2-1"": ""a"", ""q2-2"": ""a"", ""q2-3"": ""a"", ""q2-4"": ""a"", ""q2-5"": ""a"", ""q2-6"": ""a"", ""q2-7"": ""a"", ""q2-8"": ""a"", ""q2-9"": ""a"", ""q2-10"": ""a""}",59410,111430
27,2026-01-30T04:22:59.261887,李煜,29,男,本科,孤雁二首·其二,/home/ubuntu/workspace/image_voting_system/all_images/孤雁二首·其二_mj.jpg,mj,A,97265,"{""q1-2"": ""a"", ""q1-1"": ""D"", ""q2-1"": ""a"", ""q2-2"": ""b"", ""q2-3"": ""b"", ""q2-4"": ""b"", ""q2-5"": ""b"", ""q2-6"": ""b"", ""q2-7"": ""a"", ""q2-8"": ""a"", ""q2-9"": ""a"", ""q2-10"": ""b""}",111407,208672
28,2026-01-30T04:24:00.523853,Remus,28,男,博士,石鼓歌,/home/ubuntu/workspace/image_voting_system/all_images/石鼓歌_nano.jpg,nano,D,52307,"{""q1-2"": ""c"", ""q1-1"": ""D"", ""q2-1"": ""a"", ""q2-2"": ""a"", ""q2-3"": ""a"", ""q2-4"": ""a"", ""q2-5"": ""a"", ""q2-6"": ""b"", ""q2-7"": ""a"", ""q2-8"": ""a"", ""q2-9"": ""a"", ""q2-10"": ""b""}",38386,90693
29,2026-01-30T04:24:13.584970,66,31,女,硕士,渡汉江,/home/ubuntu/workspace/image_voting_system/all_images/渡汉江_gpt.jpg,gpt,B,75611,"{""q1-2"": ""b"", ""q1-1"": ""B"", ""q2-1"": ""a"", ""q2-2"": ""b"", ""q2-3"": ""b"", ""q2-4"": ""b"", ""q2-5"": ""a"", ""q2-6"": ""b"", ""q2-7"": ""a"", ""q2-8"": ""b"", ""q2-9"": ""a"", ""q2-10"": ""b""}",115693,191304
30,2026-01-30T04:24:46.991360,李煜,29,男,本科,贼平后送人北归,/home/ubuntu/workspace/image_voting_system/all_images/贼平后送人北归_mj.jpg,mj,C,66830,"{""q1-2"": ""a"", ""q1-1"": ""B"", ""q2-1"": ""a"", ""q2-2"": ""a"", ""q2-3"": ""a"", ""q2-4"": ""b"", ""q2-5"": ""b"", ""q2-6"": ""b"", ""q2-7"": ""a"", ""q2-8"": ""a"", ""q2-9"": ""a"", ""q2-10"": ""c""}",40900,107730
31,2026-01-30T04:25:43.172580,李煜,29,男,本科,马嵬坡,/home/ubuntu/workspace/image_voting_system/all_images/马嵬坡_gpt.jpg,gpt,B,21254,"{""q1-2"": ""a"", ""q1-1"": ""B"", ""q2-1"": ""a"", ""q2-2"": ""b"", ""q2-3"": ""a"", ""q2-4"": ""a"", ""q2-5"": ""a"", ""q2-6"": ""b"", ""q2-7"": ""a"", ""q2-8"": ""a"", ""q2-9"": ""a"", ""q2-10"": ""b""}",34927,56181
32,2026-01-30T04:27:46.542095,66,31,女,硕士,听蜀僧濬弹琴,/home/ubuntu/workspace/image_voting_system/all_images/听蜀僧濬弹琴_nano.jpg,nano,D,84401,"{""q1-2"": ""a"", ""q1-1"": ""D"", ""q2-1"": ""a"", ""q2-2"": ""a"", ""q2-3"": ""a"", ""q2-4"": ""a"", ""q2-5"": ""a"", ""q2-6"": ""c"", ""q2-7"": ""d"", ""q2-8"": ""a"", ""q2-9"": ""a"", ""q2-10"": ""b""}",128556,212957
33,2026-01-30T04:27:53.164841,李煜,29,男,本科,长恨歌,/home/ubuntu/workspace/image_voting_system/all_images/长恨歌_mj.jpg,mj,A,30559,"{""q1-2"": ""b"", ""q1-1"": ""D"", ""q2-1"": ""a"", ""q2-2"": ""c"", ""q2-3"": ""b"", ""q2-4"": ""d"", ""q2-5"": ""b"", ""q2-6"": ""d"", ""q2-7"": ""a"", ""q2-8"": ""a"", ""q2-9"": ""a"", ""q2-10"": ""d""}",99433,129992
34,2026-01-30T04:28:33.506755,李煜,29,男,本科,和张仆射塞下曲·其二,/home/ubuntu/workspace/image_voting_system/all_images/和张仆射塞下曲·其二_gpt.jpg,gpt,A,16156,"{""q1-2"": ""a"", ""q1-1"": ""A"", ""q2-1"": ""a"", ""q2-2"": ""a"", ""q2-3"": ""a"", ""q2-4"": ""a"", ""q2-5"": ""a"", ""q2-6"": ""a"", ""q2-7"": ""a"", ""q2-8"": ""a"", ""q2-9"": ""a"", ""q2-10"": ""b""}",24186,40342
35,2026-01-30T04:29:32.657355,李煜,29,男,本科,月下独酌·其一,/home/ubuntu/workspace/image_voting_system/all_images/月下独酌·其一_nano.jpg,nano,B,23242,"{""q1-2"": ""a"", ""q1-1"": ""B"", ""q2-1"": ""a"", ""q2-2"": ""a"", ""q2-3"": ""c"", ""q2-4"": ""a"", ""q2-5"": ""a"", ""q2-6"": ""a"", ""q2-7"": ""b"", ""q2-8"": ""a"", ""q2-9"": ""a"", ""q2-10"": ""b""}",35909,59151
36,2026-01-30T04:31:00.181664,李煜,29,男,本科,阙题,/home/ubuntu/workspace/image_voting_system/all_images/阙题_seedream.jpg,seedream,A,32729,"{""q1-2"": ""a"", ""q1-1"": ""B"", ""q2-1"": ""a"", ""q2-2"": ""b"", ""q2-3"": ""d"", ""q2-4"": ""b"", ""q2-5"": ""a"", ""q2-6"": ""d"", ""q2-7"": ""a"", ""q2-8"": ""a"", ""q2-9"": ""a"", ""q2-10"": ""c""}",54795,87524
37,2026-01-30T04:31:43.559112,李煜,29,男,本科,石鱼湖上醉歌,/home/ubuntu/workspace/image_voting_system/all_images/石鱼湖上醉歌_gpt.jpg,gpt,C,17346,"{""q1-2"": ""a"", ""q1-1"": ""C"", ""q2-1"": ""a"", ""q2-2"": ""a"", ""q2-3"": ""b"", ""q2-4"": ""b"", ""q2-5"": ""a"", ""q2-6"": ""b"", ""q2-7"": ""a"", ""q2-8"": ""a"", ""q2-9"": ""a"", ""q2-10"": ""b""}",26031,43377
38,2026-01-30T04:32:51.543236,李煜,29,男,本科,无题·来是空言去绝踪,/home/ubuntu/workspace/image_voting_system/all_images/无题·来是空言去绝踪_gpt.jpg,gpt,C,30214,"{""q1-2"": ""b"", ""q1-1"": ""A"", ""q2-1"": ""a"", ""q2-2"": ""a"", ""q2-3"": ""b"", ""q2-4"": ""c"", ""q2-5"": ""a"", ""q2-6"": ""b"", ""q2-7"": ""a"", ""q2-8"": ""a"", ""q2-9"": ""a"", ""q2-10"": ""c""}",37771,67985
39,2026-01-30T04:33:10.627535,高达,30,男,硕士,行宫,/home/ubuntu/workspace/image_voting_system/all_images/行宫_gpt.jpg,gpt,B,117994,"{""q1-2"": ""c"", ""q1-1"": ""B"", ""q2-1"": ""a"", ""q2-2"": ""b"", ""q2-3"": ""b"", ""q2-4"": ""b"", ""q2-5"": ""b"", ""q2-6"": ""b"", ""q2-7"": ""b"", ""q2-10"": ""b"", ""q2-9"": ""a"", ""q2-8"": ""a""}",335747,453741
40,2026-01-30T04:33:47.915813,李煜,29,男,本科,西施咏,/home/ubuntu/workspace/image_voting_system/all_images/西施咏_seedream.jpg,seedream,C,17764,"{""q1-2"": ""a"", ""q1-1"": ""A"", ""q2-1"": ""a"", ""q2-2"": ""a"", ""q2-3"": ""b"", ""q2-4"": ""b"", ""q2-5"": ""b"", ""q2-6"": ""b"", ""q2-7"": ""a"", ""q2-8"": ""a"", ""q2-9"": ""a"", ""q2-10"": ""c""}",38608,56372
41,2026-01-30T04:34:29.458737,李煜,29,男,本科,送崔九,/home/ubuntu/workspace/image_voting_system/all_images/送崔九_mj.jpg,mj,C,16633,"{""q1-2"": ""a"", ""q1-1"": ""C"", ""q2-1"": ""a"", ""q2-2"": ""a"", ""q2-3"": ""a"", ""q2-4"": ""a"", ""q2-5"": ""a"", ""q2-6"": ""a"", ""q2-7"": ""a"", ""q2-8"": ""a"", ""q2-9"": ""a"", ""q2-10"": ""a""}",23108,39741
42,2026-01-30T04:35:14.505124,李煜,29,男,本科,春思·燕草如碧丝,/home/ubuntu/workspace/image_voting_system/all_images/春思·燕草如碧丝_nano.jpg,nano,A,22340,"{""q1-2"": ""b"", ""q1-1"": ""A"", ""q2-1"": ""a"", ""q2-2"": ""a"", ""q2-3"": ""a"", ""q2-4"": ""a"", ""q2-5"": ""a"", ""q2-6"": ""a"", ""q2-7"": ""a"", ""q2-8"": ""a"", ""q2-9"": ""a"", ""q2-10"": ""a""}",22706,45046
43,2026-01-30T04:36:14.024411,李煜,29,男,本科,和贾舍人早朝大明宫之作,/home/ubuntu/workspace/image_voting_system/all_images/和贾舍人早朝大明宫之作_gpt.jpg,gpt,B,21818,"{""q1-2"": ""b"", ""q1-1"": ""C"", ""q2-1"": ""a"", ""q2-2"": ""a"", ""q2-3"": ""a"", ""q2-4"": ""d"", ""q2-5"": ""a"", ""q2-6"": ""b"", ""q2-7"": ""a"", ""q2-8"": ""a"", ""q2-9"": ""a"", ""q2-10"": ""d""}",37702,59520
44,2026-01-30T04:37:00.662826,李煜,29,男,本科,灞上秋居,/home/ubuntu/workspace/image_voting_system/all_images/灞上秋居_gpt.jpg,gpt,B,24299,"{""q1-2"": ""b"", ""q1-1"": ""B"", ""q2-1"": ""a"", ""q2-2"": ""a"", ""q2-3"": ""a"", ""q2-4"": ""a"", ""q2-5"": ""a"", ""q2-6"": ""a"", ""q2-7"": ""a"", ""q2-8"": ""a"", ""q2-9"": ""a"", ""q2-10"": ""b""}",22339,46638
45,2026-01-30T04:37:57.401308,李煜,29,男,本科,寻陆鸿渐不遇,/home/ubuntu/workspace/image_voting_system/all_images/寻陆鸿渐不遇_gpt.jpg,gpt,C,17786,"{""q1-2"": ""b"", ""q1-1"": ""D"", ""q2-1"": ""a"", ""q2-2"": ""a"", ""q2-3"": ""a"", ""q2-4"": ""c"", ""q2-5"": ""a"", ""q2-6"": ""c"", ""q2-7"": ""a"", ""q2-8"": ""a"", ""q2-9"": ""a"", ""q2-10"": ""c""}",38953,56739
46,2026-01-30T04:38:30.110629,RemusLi,29,男,博士,长安遇冯著,/home/ubuntu/workspace/image_voting_system/all_images/长安遇冯著_seedream.jpg,seedream,A,20151,"{""q1-2"": ""c"", ""q1-1"": ""A"", ""q2-1"": ""a"", ""q2-2"": ""b"", ""q2-3"": ""a"", ""q2-4"": ""b"", ""q2-5"": ""a"", ""q2-6"": ""b"", ""q2-7"": ""a"", ""q2-8"": ""a"", ""q2-9"": ""b"", ""q2-10"": ""b""}",32258,52409
47,2026-01-30T04:39:11.080298,RemusLi,29,男,博士,行经华山,/home/ubuntu/workspace/image_voting_system/all_images/行经华山_gpt.jpg,gpt,B,18302,"{""q1-2"": ""d"", ""q1-1"": ""A"", ""q2-1"": ""a"", ""q2-2"": ""b"", ""q2-3"": ""a"", ""q2-4"": ""b"", ""q2-5"": ""a"", ""q2-6"": ""b"", ""q2-7"": ""b"", ""q2-8"": ""b"", ""q2-9"": ""a"", ""q2-10"": ""b""}",22667,40969
48,2026-01-30T04:43:26.714310,谢灵运,25,女,硕士,淮上喜会梁州故人,/home/ubuntu/workspace/image_voting_system/all_images/淮上喜会梁州故人_seedream.jpg,seedream,C,117045,"{""q1-2"": ""a"", ""q1-1"": ""C"", ""q2-1"": ""a"", ""q2-2"": ""a"", ""q2-3"": ""a"", ""q2-4"": ""a"", ""q2-7"": ""b"", ""q2-6"": ""b"", ""q2-5"": ""b"", ""q2-8"": ""a"", ""q2-9"": ""b"", ""q2-10"": ""c""}",100837,217882
49,2026-01-30T04:44:58.654169,谢灵运,25,女,硕士,阙题,/home/ubuntu/workspace/image_voting_system/all_images/阙题_seedream.jpg,seedream,B,34185,"{""q1-2"": ""b"", ""q1-1"": ""C"", ""q2-2"": ""a"", ""q2-1"": ""a"", ""q2-3"": ""c"", ""q2-4"": ""c"", ""q2-5"": ""b"", ""q2-6"": ""d"", ""q2-7"": ""a"", ""q2-9"": ""b"", ""q2-8"": ""a"", ""q2-10"": ""d""}",57754,91939
50,2026-01-30T04:46:06.843294,谢灵运,25,女,硕士,登柳州城楼寄漳汀封连四州,/home/ubuntu/workspace/image_voting_system/all_images/登柳州城楼寄漳汀封连四州_mj.jpg,mj,D,23392,"{""q1-2"": ""c"", ""q1-1"": ""D"", ""q2-1"": ""a"", ""q2-2"": ""a"", ""q2-3"": ""b"", ""q2-4"": ""b"", ""q2-5"": ""a"", ""q2-6"": ""d"", ""q2-7"": ""b"", ""q2-8"": ""a"", ""q2-9"": ""b"", ""q2-10"": ""c""}",44798,68190
51,2026-01-30T04:46:38.381596,谢灵运,25,女,硕士,寻隐者不遇,/home/ubuntu/workspace/image_voting_system/all_images/寻隐者不遇_nano.jpg,nano,C,15910,"{""q1-2"": ""a"", ""q1-1"": ""C"", ""q2-1"": ""a"", ""q2-2"": ""a"", ""q2-3"": ""a"", ""q2-4"": ""a"", ""q2-5"": ""a"", ""q2-6"": ""a"", ""q2-7"": ""a"", ""q2-8"": ""a"", ""q2-9"": ""a"", ""q2-10"": ""a""}",15628,31538
52,2026-01-30T04:47:51.552250,谢灵运,25,女,硕士,酬郭给事,/home/ubuntu/workspace/image_voting_system/all_images/酬郭给事_gpt.jpg,gpt,A,19998,"{""q1-2"": ""c"", ""q1-1"": ""A"", ""q2-1"": ""a"", ""q2-2"": ""b"", ""q2-3"": ""b"", ""q2-4"": ""b"", ""q2-5"": ""b"", ""q2-6"": ""e"", ""q2-7"": ""b"", ""q2-8"": ""a"", ""q2-9"": ""b"", ""q2-10"": ""d""}",53172,73170
53,2026-01-30T04:49:15.802279,谢灵运,25,女,硕士,同题仙游观,/home/ubuntu/workspace/image_voting_system/all_images/同题仙游观_gpt.jpg,gpt,B,46158,"{""q1-2"": ""c"", ""q1-1"": ""B"", ""q2-1"": ""a"", ""q2-2"": ""a"", ""q2-3"": ""a"", ""q2-4"": ""c"", ""q2-5"": ""b"", ""q2-6"": ""d"", ""q2-7"": ""b"", ""q2-8"": ""a"", ""q2-9"": ""b"", ""q2-10"": ""e""}",38093,84251
54,2026-01-30T04:50:15.089230,鱼,55,女,大专,送友人,/home/ubuntu/workspace/image_voting_system/all_images/送友人_nano.jpg,nano,B,61320,"{""q1-2"": ""b"", ""q1-1"": ""B"", ""q2-1"": ""a"", ""q2-3"": ""a"", ""q2-4"": ""b"", ""q2-5"": ""a"", ""q2-6"": ""b"", ""q2-7"": ""a"", ""q2-8"": ""a"", ""q2-9"": ""b"", ""q2-10"": ""b"", ""q2-2"": ""a""}",312928,374248
55,2026-01-30T04:50:35.781682,谢灵运,25,女,硕士,长沙过贾谊宅,/home/ubuntu/workspace/image_voting_system/all_images/长沙过贾谊宅_mj.jpg,mj,C,23228,"{""q1-2"": ""c"", ""q1-1"": ""B"", ""q2-1"": ""a"", ""q2-2"": ""a"", ""q2-3"": ""c"", ""q2-4"": ""d"", ""q2-5"": ""d"", ""q2-6"": ""d"", ""q2-7"": ""c"", ""q2-8"": ""a"", ""q2-9"": ""c"", ""q2-10"": ""e""}",56751,79979
56,2026-01-30T04:52:02.663019,谢灵运,25,女,硕士,西塞山怀古,/home/ubuntu/workspace/image_voting_system/all_images/西塞山怀古_nano.jpg,nano,A,52567,"{""q1-2"": ""d"", ""q1-1"": ""A"", ""q2-1"": ""a"", ""q2-2"": ""a"", ""q2-3"": ""a"", ""q2-4"": ""a"", ""q2-5"": ""a"", ""q2-6"": ""a"", ""q2-7"": ""a"", ""q2-8"": ""a"", ""q2-9"": ""a"", ""q2-10"": ""b""}",34314,86881
57,2026-01-30T04:53:14.148992,鱼,55,女,大专,谒衡岳庙遂宿岳寺题门楼,/home/ubuntu/workspace/image_voting_system/all_images/谒衡岳庙遂宿岳寺题门楼_gpt.jpg,gpt,C,96870,"{""q1-2"": ""b"", ""q1-1"": ""B"", ""q2-1"": ""a"", ""q2-2"": ""a"", ""q2-3"": ""a"", ""q2-4"": ""a"", ""q2-5"": ""a"", ""q2-6"": ""a"", ""q2-7"": ""a"", ""q2-8"": ""a"", ""q2-9"": ""a"", ""q2-10"": ""b""}",82189,179059
58,2026-01-30T04:53:40.742707,谢灵运,25,女,硕士,送陈章甫,/home/ubuntu/workspace/image_voting_system/all_images/送陈章甫_nano.jpg,nano,A,34011,"{""q1-2"": ""d"", ""q1-1"": ""A"", ""q2-1"": ""a"", ""q2-2"": ""a"", ""q2-3"": ""a"", ""q2-4"": ""b"", ""q2-5"": ""a"", ""q2-6"": ""e"", ""q2-7"": ""a"", ""q2-8"": ""a"", ""q2-9"": ""a"", ""q2-10"": ""c""}",64069,98080
59,2026-01-30T04:55:28.224794,鱼,55,女,大专,瑶瑟怨,/home/ubuntu/workspace/image_voting_system/all_images/瑶瑟怨_nano.jpg,nano,C,47763,"{""q1-2"": ""a"", ""q1-1"": ""C"", ""q2-1"": ""a"", ""q2-2"": ""a"", ""q2-3"": ""a"", ""q2-4"": ""a"", ""q2-5"": ""a"", ""q2-6"": ""a"", ""q2-7"": ""a"", ""q2-8"": ""a"", ""q2-9"": ""a"", ""q2-10"": ""b""}",86313,134076
60,2026-01-30T04:56:28.185249,谢灵运,25,女,硕士,送梓州李使君,/home/ubuntu/workspace/image_voting_system/all_images/送梓州李使君_seedream.jpg,seedream,A,23915,"{""q1-2"": ""d"", ""q1-1"": ""A"", ""q2-1"": ""a"", ""q2-2"": ""a"", ""q2-3"": ""b"", ""q2-4"": ""b"", ""q2-5"": ""a"", ""q2-6"": ""c"", ""q2-7"": ""b"", ""q2-8"": ""a"", ""q2-9"": ""b"", ""q2-10"": ""d""}",143528,167443
61,2026-01-30T04:57:08.768785,xiaolu,40,女,硕士,赠别二首·其二,/home/ubuntu/workspace/image_voting_system/all_images/赠别二首·其二_gpt.jpg,gpt,D,28709,"{""q1-2"": ""a"", ""q1-1"": ""D"", ""q2-1"": ""a"", ""q2-2"": ""a"", ""q2-3"": ""a"", ""q2-4"": ""a"", ""q2-5"": ""a"", ""q2-6"": ""a"", ""q2-7"": ""a"", ""q2-8"": ""a"", ""q2-9"": ""a"", ""q2-10"": ""b""}",29030,57739
62,2026-01-30T04:58:16.866360,鱼,55,女,大专,赠阙下裴舍人,/home/ubuntu/workspace/image_voting_system/all_images/赠阙下裴舍人_mj.jpg,mj,C,34363,"{""q1-2"": ""a"", ""q1-1"": ""C"", ""q2-1"": ""a"", ""q2-2"": ""a"", ""q2-3"": ""a"", ""q2-4"": ""a"", ""q2-5"": ""a"", ""q2-6"": ""c"", ""q2-7"": ""a"", ""q2-8"": ""a"", ""q2-9"": ""b"", ""q2-10"": ""b""}",134279,168642
63,2026-01-30T04:59:20.749463,Yolanda,46,女,本科,和乐天春词,/home/ubuntu/workspace/image_voting_system/all_images/和乐天春词_gpt.jpg,gpt,C,78808,"{""q1-2"": ""d"", ""q1-1"": ""C"", ""q2-1"": ""a"", ""q2-2"": ""a"", ""q2-3"": ""b"", ""q2-4"": ""b"", ""q2-5"": ""a"", ""q2-6"": ""b"", ""q2-7"": ""a"", ""q2-8"": ""a"", ""q2-9"": ""b"", ""q2-10"": ""c""}",167973,246781
64,2026-01-30T05:00:36.973183,鱼,55,女,大专,望岳,/home/ubuntu/workspace/image_voting_system/all_images/望岳_mj.jpg,mj,D,52242,"{""q1-2"": ""a"", ""q1-1"": ""B"", ""q2-1"": ""a"", ""q2-2"": ""a"", ""q2-3"": ""a"", ""q2-4"": ""b"", ""q2-5"": ""a"", ""q2-6"": ""b"", ""q2-7"": ""a"", ""q2-8"": ""a"", ""q2-9"": ""a"", ""q2-10"": ""b""}",87865,140107
65,2026-01-30T05:01:51.708684,鱼,55,女,大专,古意,/home/ubuntu/workspace/image_voting_system/all_images/古意_nano.jpg,nano,D,42793,"{""q1-2"": ""a"", ""q1-1"": ""D"", ""q2-1"": ""a"", ""q2-2"": ""a"", ""q2-3"": ""a"", ""q2-4"": ""a"", ""q2-5"": ""a"", ""q2-6"": ""a"", ""q2-7"": ""a"", ""q2-8"": ""a"", ""q2-9"": ""a"", ""q2-10"": ""b""}",31942,74735
66,2026-01-30T05:04:37.088998,王维大哥大,30,女,硕士,闺怨,/home/ubuntu/workspace/image_voting_system/all_images/闺怨_nano.jpg,nano,D,68028,"{""q1-2"": ""c"", ""q1-1"": ""D"", ""q2-1"": ""a"", ""q2-2"": ""a"", ""q2-3"": ""a"", ""q2-4"": ""b"", ""q2-5"": ""a"", ""q2-6"": ""d"", ""q2-7"": ""a"", ""q2-8"": ""a"", ""q2-9"": ""a"", ""q2-10"": ""b""}",85502,153530
67,2026-01-30T05:06:18.923750,鱼,55,女,大专,桃源行,/home/ubuntu/workspace/image_voting_system/all_images/桃源行_nano.jpg,nano,C,130057,"{""q1-2"": ""a"", ""q1-1"": ""A"", ""q2-1"": ""a"", ""q2-2"": ""a"", ""q2-3"": ""a"", ""q2-4"": ""b"", ""q2-5"": ""a"", ""q2-6"": ""a"", ""q2-7"": ""a"", ""q2-8"": ""a"", ""q2-9"": ""a"", ""q2-10"": ""b""}",137158,267215
68,2026-01-30T05:09:06.741699,高千伟,26,男,本科,无题·来是空言去绝踪,/home/ubuntu/workspace/image_voting_system/all_images/无题·来是空言去绝踪_nano.jpg,nano,A,84725,"{""q1-2"": ""c"", ""q1-1"": ""A"", ""q2-4"": ""a"", ""q2-1"": ""a"", ""q2-2"": ""a"", ""q2-3"": ""a"", ""q2-5"": ""a"", ""q2-6"": ""c"", ""q2-7"": ""a"", ""q2-10"": ""b"", ""q2-9"": ""a"", ""q2-8"": ""a""}",112030,196755
69,2026-01-30T05:10:44.273095,鱼,55,女,大专,逢入京使,/home/ubuntu/workspace/image_voting_system/all_images/逢入京使_nano.jpg,nano,C,50239,"{""q1-2"": ""a"", ""q1-1"": ""C"", ""q2-1"": ""a"", ""q2-2"": ""a"", ""q2-3"": ""a"", ""q2-4"": ""a"", ""q2-5"": ""a"", ""q2-6"": ""a"", ""q2-7"": ""a"", ""q2-8"": ""a"", ""q2-9"": ""a"", ""q2-10"": ""b""}",18098,68337
70,2026-01-30T05:11:34.041797,鱼,55,女,大专,没蕃故人,/home/ubuntu/workspace/image_voting_system/all_images/没蕃故人_nano.jpg,nano,B,32520,"{""q1-2"": ""a"", ""q1-1"": ""B"", ""q2-1"": ""a"", ""q2-2"": ""a"", ""q2-3"": ""a"", ""q2-4"": ""a"", ""q2-5"": ""a"", ""q2-6"": ""a"", ""q2-7"": ""a"", ""q2-8"": ""a"", ""q2-9"": ""a"", ""q2-10"": ""b""}",17249,49769
71,2026-01-30T05:13:06.613715,鱼,55,女,大专,送李少府贬峡中王少府贬长沙,/home/ubuntu/workspace/image_voting_system/all_images/送李少府贬峡中王少府贬长沙_mj.jpg,mj,A,73153,"{""q1-2"": ""a"", ""q1-1"": ""A"", ""q2-1"": ""a"", ""q2-2"": ""a"", ""q2-3"": ""a"", ""q2-4"": ""a"", ""q2-5"": ""a"", ""q2-6"": ""a"", ""q2-7"": ""a"", ""q2-8"": ""a"", ""q2-9"": ""a"", ""q2-10"": ""b""}",19419,92572
72,2026-01-30T05:13:51.905373,tangx,29,女,硕士,金谷园,/home/ubuntu/workspace/image_voting_system/all_images/金谷园_mj.jpg,mj,D,84761,"{""q1-2"": ""b"", ""q1-1"": ""D"", ""q2-1"": ""a"", ""q2-2"": ""a"", ""q2-3"": ""b"", ""q2-4"": ""b"", ""q2-5"": ""b"", ""q2-6"": ""d"", ""q2-7"": ""d"", ""q2-8"": ""b"", ""q2-9"": ""b"", ""q2-10"": ""c""}",207030,291791
73,2026-01-30T05:36:42.143482,Ym,30,女,博士,行路难·其一,/home/ubuntu/workspace/image_voting_system/all_images/行路难·其一_gpt.jpg,gpt,D,65344,"{""q1-2"": ""b"", ""q1-1"": ""C"", ""q2-1"": ""a"", ""q2-2"": ""a"", ""q2-3"": ""b"", ""q2-4"": ""c"", ""q2-5"": ""b"", ""q2-6"": ""b"", ""q2-7"": ""b"", ""q2-8"": ""a"", ""q2-9"": ""a"", ""q2-10"": ""b""}",119208,184552
74,2026-01-30T05:37:32.256962,Zhiyu,32,男,博士,淮上喜会梁州故人,/home/ubuntu/workspace/image_voting_system/all_images/淮上喜会梁州故人_mj.jpg,mj,D,69121,"{""q1-2"": ""c"", ""q1-1"": ""D"", ""q2-1"": ""a"", ""q2-2"": ""a"", ""q2-3"": ""a"", ""q2-4"": ""b"", ""q2-5"": ""a"", ""q2-6"": ""b"", ""q2-7"": ""a"", ""q2-8"": ""a"", ""q2-9"": ""a"", ""q2-10"": ""b""}",102983,172104
75,2026-01-30T05:37:59.054332,二狗子,37,女,硕士,长沙过贾谊宅,/home/ubuntu/workspace/image_voting_system/all_images/长沙过贾谊宅_nano.jpg,nano,D,161053,"{""q1-2"": ""b"", ""q1-1"": ""D"", ""q2-1"": ""a"", ""q2-2"": ""a"", ""q2-3"": ""a"", ""q2-4"": ""b"", ""q2-5"": ""b"", ""q2-6"": ""b"", ""q2-7"": ""a"", ""q2-8"": ""a"", ""q2-9"": ""a"", ""q2-10"": ""b""}",159676,320729
76,2026-01-30T05:38:31.296591,Ym,30,女,博士,送杨氏女,/home/ubuntu/workspace/image_voting_system/all_images/送杨氏女_seedream.jpg,seedream,D,63218,"{""q1-2"": ""b"", ""q1-1"": ""D"", ""q2-1"": ""a"", ""q2-2"": ""b"", ""q2-3"": ""c"", ""q2-4"": ""c"", ""q2-5"": ""a"", ""q2-6"": ""b"", ""q2-7"": ""b"", ""q2-8"": ""a"", ""q2-9"": ""a"", ""q2-10"": ""b""}",45935,109153
77,2026-01-30T05:39:25.458084,Zhiyu,32,男,博士,辋川闲居赠裴秀才迪,/home/ubuntu/workspace/image_voting_system/all_images/辋川闲居赠裴秀才迪_mj.jpg,mj,D,50314,"{""q1-2"": ""a"", ""q1-1"": ""A"", ""q2-1"": ""a"", ""q2-2"": ""a"", ""q2-3"": ""a"", ""q2-4"": ""b"", ""q2-5"": ""a"", ""q2-6"": ""a"", ""q2-7"": ""a"", ""q2-8"": ""a"", ""q2-9"": ""a"", ""q2-10"": ""b""}",62887,113201
78,2026-01-30T05:40:11.718877,zl_lmm,33,女,博士,寄全椒山中道士,/home/ubuntu/workspace/image_voting_system/all_images/寄全椒山中道士_seedream.jpg,seedream,C,177560,"{""q1-2"": ""a"", ""q1-1"": ""C"", ""q2-1"": ""a"", ""q2-2"": ""a"", ""q2-3"": ""a"", ""q2-4"": ""a"", ""q2-5"": ""a"", ""q2-6"": ""c"", ""q2-7"": ""a"", ""q2-8"": ""a"", ""q2-9"": ""a"", ""q2-10"": ""b""}",233767,411327
79,2026-01-30T05:40:46.361753,Ym,30,女,博士,送友人,/home/ubuntu/workspace/image_voting_system/all_images/送友人_gpt.jpg,gpt,C,71252,"{""q1-2"": ""c"", ""q1-1"": ""C"", ""q2-1"": ""a"", ""q2-2"": ""b"", ""q2-3"": ""b"", ""q2-4"": ""b"", ""q2-5"": ""b"", ""q2-6"": ""e"", ""q2-7"": ""b"", ""q2-8"": ""a"", ""q2-9"": ""b"", ""q2-10"": ""c""}",63813,135065
80,2026-01-30T05:40:54.724654,二狗子,37,女,硕士,赋得暮雨送李胄,/home/ubuntu/workspace/image_voting_system/all_images/赋得暮雨送李胄_gpt.jpg,gpt,D,97368,"{""q1-2"": ""a"", ""q1-1"": ""D"", ""q2-1"": ""a"", ""q2-2"": ""b"", ""q2-3"": ""b"", ""q2-4"": ""b"", ""q2-5"": ""a"", ""q2-6"": ""a"", ""q2-7"": ""a"", ""q2-8"": ""a"", ""q2-9"": ""b"", ""q2-10"": ""b""}",78302,175670
81,2026-01-30T05:41:33.566689,睿睿,30,男,本科,长相思·其一,/home/ubuntu/workspace/image_voting_system/all_images/长相思·其一_nano.jpg,nano,B,55674,"{""q1-2"": ""c"", ""q1-1"": ""B"", ""q2-1"": ""a"", ""q2-2"": ""a"", ""q2-3"": ""a"", ""q2-4"": ""a"", ""q2-5"": ""d"", ""q2-6"": ""b"", ""q2-7"": ""a"", ""q2-8"": ""a"", ""q2-10"": ""b"", ""q2-9"": ""a""}",89006,144680
82,2026-01-30T05:42:03.056752,Ym,30,女,博士,黄鹤楼送孟浩然之广陵,/home/ubuntu/workspace/image_voting_system/all_images/黄鹤楼送孟浩然之广陵_gpt.jpg,gpt,D,46406,"{""q1-2"": ""c"", ""q1-1"": ""D"", ""q2-1"": ""a"", ""q2-2"": ""a"", ""q2-3"": ""b"", ""q2-4"": ""a"", ""q2-5"": ""a"", ""q2-6"": ""a"", ""q2-7"": ""a"", ""q2-8"": ""a"", ""q2-9"": ""a"", ""q2-10"": ""a""}",30289,76695
83,2026-01-30T05:42:21.091356,pp,32,女,博士,听蜀僧濬弹琴,/home/ubuntu/workspace/image_voting_system/all_images/听蜀僧濬弹琴_seedream.jpg,seedream,A,37054,"{""q1-2"": ""a"", ""q1-1"": ""A"", ""q2-1"": ""a"", ""q2-2"": ""b"", ""q2-3"": ""a"", ""q2-4"": ""a"", ""q2-5"": ""a"", ""q2-6"": ""a"", ""q2-7"": ""a"", ""q2-8"": ""a"", ""q2-9"": ""a"", ""q2-10"": ""a""}",142224,179278
84,2026-01-30T05:43:59.434716,Ym,30,女,博士,寄扬州韩绰判官,/home/ubuntu/workspace/image_voting_system/all_images/寄扬州韩绰判官_gpt.jpg,gpt,A,85851,"{""q1-2"": ""c"", ""q1-1"": ""A"", ""q2-1"": ""a"", ""q2-2"": ""b"", ""q2-3"": ""a"", ""q2-4"": ""a"", ""q2-5"": ""a"", ""q2-6"": ""b"", ""q2-7"": ""a"", ""q2-8"": ""a"", ""q2-9"": ""a"", ""q2-10"": ""a""}",30527,116378
85,2026-01-30T05:44:48.026217,Zhiyu,32,男,博士,送人东游,/home/ubuntu/workspace/image_voting_system/all_images/送人东游_nano.jpg,nano,A,288864,"{""q1-2"": ""a"", ""q1-1"": ""B"", ""q2-1"": ""a"", ""q2-2"": ""a"", ""q2-3"": ""a"", ""q2-4"": ""a"", ""q2-5"": ""a"", ""q2-6"": ""a"", ""q2-7"": ""a"", ""q2-8"": ""a"", ""q2-9"": ""a"", ""q2-10"": ""a""}",33705,322569
86,2026-01-30T05:44:55.142335,zl_lmm,33,女,博士,遣怀,/home/ubuntu/workspace/image_voting_system/all_images/遣怀_mj.jpg,mj,B,90911,"{""q1-2"": ""c"", ""q1-1"": ""B"", ""q2-1"": ""a"", ""q2-2"": ""a"", ""q2-3"": ""a"", ""q2-4"": ""b"", ""q2-5"": ""a"", ""q2-6"": ""c"", ""q2-7"": ""b"", ""q2-8"": ""b"", ""q2-9"": ""a"", ""q2-10"": ""c""}",192513,283424
87,2026-01-30T05:45:32.617486,Ym,30,女,博士,赤壁,/home/ubuntu/workspace/image_voting_system/all_images/赤壁_gpt.jpg,gpt,A,49096,"{""q1-2"": ""a"", ""q1-1"": ""A"", ""q2-1"": ""a"", ""q2-2"": ""b"", ""q2-3"": ""b"", ""q2-4"": ""c"", ""q2-5"": ""c"", ""q2-6"": ""d"", ""q2-7"": ""b"", ""q2-8"": ""a"", ""q2-9"": ""b"", ""q2-10"": ""b""}",44087,93183
88,2026-01-30T05:45:38.031211,Zhiyu,32,男,博士,楚江怀古三首·其一,/home/ubuntu/workspace/image_voting_system/all_images/楚江怀古三首·其一_gpt.jpg,gpt,B,28491,"{""q1-2"": ""a"", ""q1-1"": ""B"", ""q2-1"": ""a"", ""q2-2"": ""a"", ""q2-3"": ""a"", ""q2-4"": ""a"", ""q2-5"": ""a"", ""q2-6"": ""c"", ""q2-7"": ""a"", ""q2-8"": ""a"", ""q2-9"": ""a"", ""q2-10"": ""a""}",21513,50004
89,2026-01-30T05:46:04.525324,pp,32,女,博士,贾生,/home/ubuntu/workspace/image_voting_system/all_images/贾生_gpt.jpg,gpt,C,139923,"{""q1-2"": ""d"", ""q1-1"": ""C"", ""q2-1"": ""a"", ""q2-2"": ""a"", ""q2-3"": ""a"", ""q2-4"": ""a"", ""q2-5"": ""e"", ""q2-6"": ""a"", ""q2-7"": ""a"", ""q2-8"": ""a"", ""q2-9"": ""a"", ""q2-10"": ""b""}",83511,223434
90,2026-01-30T05:46:23.207296,高千伟,26,男,本科,韩碑,/home/ubuntu/workspace/image_voting_system/all_images/韩碑_seedream.jpg,seedream,C,43515,"{""q1-2"": ""a"", ""q1-1"": ""C"", ""q2-1"": ""a"", ""q2-2"": ""a"", ""q2-3"": ""a"", ""q2-4"": ""a"", ""q2-5"": ""a"", ""q2-6"": ""a"", ""q2-7"": ""a"", ""q2-10"": ""b"", ""q2-9"": ""a"", ""q2-8"": ""a""}",40967,84482
91,2026-01-30T05:46:29.299750,zl_lmm,33,女,博士,登柳州城楼寄漳汀封连四州,/home/ubuntu/workspace/image_voting_system/all_images/登柳州城楼寄漳汀封连四州_gpt.jpg,gpt,B,37260,"{""q1-2"": ""a"", ""q1-1"": ""B"", ""q2-1"": ""a"", ""q2-2"": ""a"", ""q2-3"": ""a"", ""q2-4"": ""a"", ""q2-5"": ""a"", ""q2-6"": ""b"", ""q2-7"": ""a"", ""q2-8"": ""a"", ""q2-9"": ""a"", ""q2-10"": ""a""}",56897,94157
92,2026-01-30T05:47:28.673355,Zhiyu,32,男,博士,筹笔驿,/home/ubuntu/workspace/image_voting_system/all_images/筹笔驿_seedream.jpg,seedream,D,45713,"{""q1-2"": ""a"", ""q1-1"": ""D"", ""q2-1"": ""a"", ""q2-2"": ""a"", ""q2-3"": ""a"", ""q2-4"": ""a"", ""q2-5"": ""a"", ""q2-6"": ""a"", ""q2-7"": ""a"", ""q2-8"": ""c"", ""q2-9"": ""a"", ""q2-10"": ""a""}",64930,110643
93,2026-01-30T05:48:35.398576,Ym,30,女,博士,岁暮归南山,/home/ubuntu/workspace/image_voting_system/all_images/岁暮归南山_mj.jpg,mj,A,105342,"{""q1-2"": ""a"", ""q1-1"": ""C"", ""q2-1"": ""a"", ""q2-2"": ""c"", ""q2-3"": ""c"", ""q2-4"": ""c"", ""q2-5"": ""c"", ""q2-6"": ""d"", ""q2-7"": ""b"", ""q2-8"": ""b"", ""q2-9"": ""b"", ""q2-10"": ""c""}",77439,182781
94,2026-01-30T05:48:58.091447,Zhiyu,32,男,博士,送陈章甫,/home/ubuntu/workspace/image_voting_system/all_images/送陈章甫_gpt.jpg,gpt,B,46916,"{""q1-2"": ""b"", ""q1-1"": ""B"", ""q2-1"": ""a"", ""q2-2"": ""a"", ""q2-3"": ""a"", ""q2-4"": ""b"", ""q2-5"": ""a"", ""q2-6"": ""b"", ""q2-7"": ""a"", ""q2-8"": ""a"", ""q2-9"": ""a"", ""q2-10"": ""c""}",42502,89418
95,2026-01-30T05:49:14.915752,pp,32,女,博士,梦李白二首·其二,/home/ubuntu/workspace/image_voting_system/all_images/梦李白二首·其二_mj.jpg,mj,C,80237,"{""q1-2"": ""b"", ""q1-1"": ""C"", ""q2-1"": ""a"", ""q2-2"": ""a"", ""q2-3"": ""a"", ""q2-4"": ""a"", ""q2-5"": ""a"", ""q2-6"": ""d"", ""q2-7"": ""a"", ""q2-8"": ""b"", ""q2-9"": ""a"", ""q2-10"": ""b""}",110153,190390
96,2026-01-30T05:49:29.760932,高千伟,26,男,本科,和乐天春词,/home/ubuntu/workspace/image_voting_system/all_images/和乐天春词_seedream.jpg,seedream,C,19639,"{""q1-2"": ""a"", ""q1-1"": ""C"", ""q2-1"": ""a"", ""q2-3"": ""a"", ""q2-4"": ""a"", ""q2-5"": ""a"", ""q2-6"": ""a"", ""q2-7"": ""a"", ""q2-8"": ""a"", ""q2-9"": ""a"", ""q2-10"": ""b"", ""q2-2"": ""a""}",166914,186553
97,2026-01-30T05:50:23.626202,pp,32,女,博士,琴歌,/home/ubuntu/workspace/image_voting_system/all_images/琴歌_nano.jpg,nano,D,26050,"{""q1-2"": ""a"", ""q1-1"": ""C"", ""q2-1"": ""a"", ""q2-2"": ""a"", ""q2-3"": ""a"", ""q2-4"": ""a"", ""q2-5"": ""a"", ""q2-6"": ""a"", ""q2-7"": ""a"", ""q2-8"": ""a"", ""q2-9"": ""a"", ""q2-10"": ""a""}",42660,68710
98,2026-01-30T05:51:02.662933,高千伟,26,男,本科,长相思·其二,/home/ubuntu/workspace/image_voting_system/all_images/长相思·其二_gpt.jpg,gpt,D,48024,"{""q1-2"": ""a"", ""q1-1"": ""D"", ""q2-1"": ""a"", ""q2-2"": ""a"", ""q2-3"": ""a"", ""q2-4"": ""a"", ""q2-5"": ""a"", ""q2-6"": ""a"", ""q2-7"": ""a"", ""q2-8"": ""a"", ""q2-9"": ""a"", ""q2-10"": ""b""}",44878,92902
99,2026-01-30T05:51:06.365238,Ym,30,女,博士,子夜吴歌·秋歌,/home/ubuntu/workspace/image_voting_system/all_images/子夜吴歌·秋歌_mj.jpg,mj,D,98963,"{""q1-2"": ""b"", ""q1-1"": ""D"", ""q2-1"": ""a"", ""q2-2"": ""a"", ""q2-3"": ""a"", ""q2-4"": ""a"", ""q2-5"": ""a"", ""q2-6"": ""a"", ""q2-7"": ""a"", ""q2-8"": ""d"", ""q2-9"": ""b"", ""q2-10"": ""a""}",52003,150966
100,2026-01-30T05:52:09.588694,zl_yl,43,女,硕士,赠别二首·其一,/home/ubuntu/workspace/image_voting_system/all_images/赠别二首·其一_mj.jpg,mj,B,55575,"{""q1-2"": ""b"", ""q1-1"": ""C"", ""q2-1"": ""a"", ""q2-2"": ""b"", ""q2-3"": ""b"", ""q2-4"": ""b"", ""q2-5"": ""d"", ""q2-6"": ""d"", ""q2-7"": ""b"", ""q2-8"": ""d"", ""q2-9"": ""b"", ""q2-10"": ""c""}",120631,176206
101,2026-01-30T05:52:12.348842,嘉茵,55,女,本科,遣悲怀三首·其一,/home/ubuntu/workspace/image_voting_system/all_images/遣悲怀三首·其一_seedream.jpg,seedream,D,74832,"{""q1-2"": ""a"", ""q1-1"": ""D"", ""q2-1"": ""a"", ""q2-2"": ""a"", ""q2-3"": ""a"", ""q2-4"": ""a"", ""q2-5"": ""a"", ""q2-6"": ""b"", ""q2-7"": ""a"", ""q2-8"": ""a"", ""q2-9"": ""a"", ""q2-10"": ""b""}",143126,217958
102,2026-01-30T05:52:39.437572,Ym,30,女,博士,汉江临泛,/home/ubuntu/workspace/image_voting_system/all_images/汉江临泛_seedream.jpg,seedream,B,59344,"{""q1-2"": ""c"", ""q1-1"": ""B"", ""q2-1"": ""a"", ""q2-2"": ""a"", ""q2-3"": ""a"", ""q2-4"": ""b"", ""q2-5"": ""b"", ""q2-6"": ""d"", ""q2-7"": ""a"", ""q2-8"": ""d"", ""q2-9"": ""b"", ""q2-10"": ""b""}",33729,93073
103,2026-01-30T05:53:00.537499,丁丁丁丁,35,女,本科,寄韩谏议注,/home/ubuntu/workspace/image_voting_system/all_images/寄韩谏议注_gpt.jpg,gpt,B,33225,"{""q1-2"": ""b"", ""q1-1"": ""D"", ""q2-1"": ""b"", ""q2-2"": ""a"", ""q2-3"": ""a"", ""q2-4"": ""a"", ""q2-5"": ""a"", ""q2-6"": ""a"", ""q2-7"": ""a"", ""q2-8"": ""a"", ""q2-9"": ""a"", ""q2-10"": ""b""}",46506,79731
104,2026-01-30T05:53:45.974161,丁丁丁丁,35,女,本科,行经华山,/home/ubuntu/workspace/image_voting_system/all_images/行经华山_mj.jpg,mj,C,30830,"{""q1-2"": ""b"", ""q1-1"": ""A"", ""q2-1"": ""a"", ""q2-2"": ""a"", ""q2-3"": ""a"", ""q2-4"": ""a"", ""q2-5"": ""a"", ""q2-6"": ""b"", ""q2-7"": ""a"", ""q2-8"": ""a"", ""q2-9"": ""a"", ""q2-10"": ""b""}",14606,45436
105,2026-01-30T05:54:23.504865,兰可欣然,50,女,小学,谒衡岳庙遂宿岳寺题门楼,/home/ubuntu/workspace/image_voting_system/all_images/谒衡岳庙遂宿岳寺题门楼_gpt.jpg,gpt,A,83245,"{""q1-2"": ""b"", ""q1-1"": ""A"", ""q2-1"": ""a"", ""q2-2"": ""a"", ""q2-3"": ""a"", ""q2-4"": ""a"", ""q2-5"": ""a"", ""q2-6"": ""a"", ""q2-7"": ""a"", ""q2-8"": ""a"", ""q2-9"": ""a"", ""q2-10"": ""b""}",50620,133865
106,2026-01-30T05:54:25.157624,Ym,30,女,博士,蜀相,/home/ubuntu/workspace/image_voting_system/all_images/蜀相_mj.jpg,mj,A,55966,"{""q1-2"": ""a"", ""q1-1"": ""A"", ""q2-1"": ""a"", ""q2-2"": ""b"", ""q2-3"": ""a"", ""q2-4"": ""b"", ""q2-5"": ""b"", ""q2-6"": ""d"", ""q2-7"": ""b"", ""q2-8"": ""c"", ""q2-9"": ""b"", ""q2-10"": ""b""}",49754,105720
107,2026-01-30T05:54:32.095448,高千伟,26,男,本科,下终南山过斛斯山人宿置酒,/home/ubuntu/workspace/image_voting_system/all_images/下终南山过斛斯山人宿置酒_mj.jpg,mj,C,101268,"{""q1-2"": ""a"", ""q1-1"": ""C"", ""q2-1"": ""a"", ""q2-3"": ""a"", ""q2-4"": ""a"", ""q2-5"": ""a"", ""q2-7"": ""a"", ""q2-8"": ""a"", ""q2-9"": ""a"", ""q2-10"": ""b"", ""q2-2"": ""a"", ""q2-6"": ""a""}",108165,209433
108,2026-01-30T05:54:50.496786,丁丁丁丁,35,女,本科,送别·山中相送罢,/home/ubuntu/workspace/image_voting_system/all_images/送别·山中相送罢_nano.jpg,nano,C,28503,"{""q1-2"": ""b"", ""q1-1"": ""A"", ""q2-1"": ""b"", ""q2-3"": ""a"", ""q2-4"": ""a"", ""q2-5"": ""a"", ""q2-6"": ""b"", ""q2-7"": ""a"", ""q2-8"": ""a"", ""q2-9"": ""b"", ""q2-10"": ""b"", ""q2-2"": ""a""}",36020,64523
109,2026-01-30T05:55:03.892167,Jessica高大人,31,女,硕士,寒食,/home/ubuntu/workspace/image_voting_system/all_images/寒食_mj.jpg,mj,C,288354,"{""q1-2"": ""d"", ""q1-1"": ""C"", ""q2-1"": ""a"", ""q2-2"": ""a"", ""q2-3"": ""a"", ""q2-4"": ""b"", ""q2-5"": ""b"", ""q2-6"": ""c"", ""q2-7"": ""d"", ""q2-8"": ""a"", ""q2-9"": ""a"", ""q2-10"": ""b""}",447297,735651
110,2026-01-30T05:55:12.037941,zl_yl,43,女,硕士,洛阳女儿行,/home/ubuntu/workspace/image_voting_system/all_images/洛阳女儿行_mj.jpg,mj,D,88380,"{""q1-2"": ""b"", ""q1-1"": ""D"", ""q2-1"": ""a"", ""q2-2"": ""b"", ""q2-3"": ""d"", ""q2-4"": ""d"", ""q2-5"": ""d"", ""q2-6"": ""e"", ""q2-7"": ""c"", ""q2-8"": ""d"", ""q2-9"": ""c"", ""q2-10"": ""e""}",94069,182449
112,2026-01-30T05:55:19.329150,董小杰,37,男,高中,石鼓歌,/home/ubuntu/workspace/image_voting_system/all_images/石鼓歌_gpt.jpg,gpt,A,101436,"{""q1-2"": ""a"", ""q1-1"": ""A"", ""q2-1"": ""a"", ""q2-2"": ""a"", ""q2-3"": ""a"", ""q2-4"": ""a"", ""q2-5"": ""a"", ""q2-6"": ""a"", ""q2-7"": ""a"", ""q2-8"": ""a"", ""q2-9"": ""a"", ""q2-10"": ""a""}",76721,178157
113,2026-01-30T05:55:36.665930,兰可欣然,50,女,小学,江南逢李龟年,/home/ubuntu/workspace/image_voting_system/all_images/江南逢李龟年_nano.jpg,nano,D,45130,"{""q1-2"": ""a"", ""q1-1"": ""D"", ""q2-1"": ""a"", ""q2-2"": ""a"", ""q2-3"": ""a"", ""q2-4"": ""a"", ""q2-5"": ""a"", ""q2-6"": ""a"", ""q2-7"": ""a"", ""q2-8"": ""a"", ""q2-9"": ""a"", ""q2-10"": ""b""}",28031,73161
114,2026-01-30T05:55:37.643100,深蓝,44,女,本科,征怨,/home/ubuntu/workspace/image_voting_system/all_images/征怨_nano.jpg,nano,A,41921,"{""q1-2"": ""a"", ""q1-1"": ""A"", ""q2-1"": ""a"", ""q2-2"": ""a"", ""q2-3"": ""a"", ""q2-4"": ""a"", ""q2-5"": ""a"", ""q2-6"": ""b"", ""q2-7"": ""a"", ""q2-8"": ""a"", ""q2-9"": ""a"", ""q2-10"": ""b""}",75758,117679
115,2026-01-30T05:55:43.391115,渡,33,女,本科,清平调·其三,/home/ubuntu/workspace/image_voting_system/all_images/清平调·其三_gpt.jpg,gpt,D,68535,"{""q1-2"": ""a"", ""q1-1"": ""D"", ""q2-1"": ""a"", ""q2-2"": ""a"", ""q2-3"": ""a"", ""q2-4"": ""a"", ""q2-5"": ""a"", ""q2-6"": ""a"", ""q2-7"": ""a"", ""q2-8"": ""a"", ""q2-9"": ""a"", ""q2-10"": ""a""}",41053,109588
117,2026-01-30T05:55:48.802858,小张,40,女,本科,哀江头,/home/ubuntu/workspace/image_voting_system/all_images/哀江头_seedream.jpg,seedream,C,97713,"{""q1-2"": ""b"", ""q1-1"": ""D"", ""q2-1"": ""a"", ""q2-2"": ""a"", ""q2-3"": ""a"", ""q2-4"": ""a"", ""q2-5"": ""a"", ""q2-6"": ""b"", ""q2-7"": ""a"", ""q2-8"": ""a"", ""q2-9"": ""a"", ""q2-10"": ""a""}",82669,180382
119,2026-01-30T05:56:16.704195,J,30,女,大专,后宫词,/home/ubuntu/workspace/image_voting_system/all_images/后宫词_nano.jpg,nano,B,39852,"{""q1-2"": ""b"", ""q1-1"": ""B"", ""q2-1"": ""a"", ""q2-2"": ""a"", ""q2-3"": ""a"", ""q2-4"": ""a"", ""q2-5"": ""a"", ""q2-6"": ""a"", ""q2-7"": ""a"", ""q2-8"": ""a"", ""q2-9"": ""a"", ""q2-10"": ""a""}",62332,102184
121,2026-01-30T05:56:31.409426,渡,33,女,本科,云阳馆与韩绅宿别,/home/ubuntu/workspace/image_voting_system/all_images/云阳馆与韩绅宿别_mj.jpg,mj,B,24407,"{""q1-2"": ""a"", ""q1-1"": ""A"", ""q2-1"": ""a"", ""q2-2"": ""a"", ""q2-3"": ""a"", ""q2-4"": ""a"", ""q2-5"": ""a"", ""q2-6"": ""a"", ""q2-7"": ""a"", ""q2-8"": ""a"", ""q2-9"": ""a"", ""q2-10"": ""a""}",23612,48019
122,2026-01-30T05:56:33.704230,兰可欣然,50,女,小学,至德二载甫自京金光门出间道归凤翔乾元初从左拾遗移华州掾与亲故别因出此门有悲往事,/home/ubuntu/workspace/image_voting_system/all_images/至德二载甫自京金光门出间道归凤翔乾元初从左拾遗移华州掾与亲故别因出此门有悲往事_seedream.jpg,seedream,C,32828,"{""q1-2"": ""a"", ""q1-1"": ""C"", ""q2-1"": ""a"", ""q2-2"": ""a"", ""q2-3"": ""a"", ""q2-4"": ""a"", ""q2-5"": ""a"", ""q2-6"": ""a"", ""q2-7"": ""a"", ""q2-8"": ""a"", ""q2-9"": ""a"", ""q2-10"": ""b""}",24210,57038
124,2026-01-30T05:56:45.674682,韦韦,48,女,初中,集灵台·其二,/home/ubuntu/workspace/image_voting_system/all_images/集灵台·其二_gpt.jpg,gpt,C,70716,"{""q1-2"": ""a"", ""q1-1"": ""C"", ""q2-1"": ""a"", ""q2-2"": ""c"", ""q2-3"": ""b"", ""q2-4"": ""a"", ""q2-5"": ""b"", ""q2-6"": ""d"", ""q2-7"": ""b"", ""q2-8"": ""a"", ""q2-9"": ""b"", ""q2-10"": ""c""}",166784,237500
125,2026-01-30T05:56:47.619665,zl_yl,43,女,硕士,庐山谣寄卢侍御虚舟,/home/ubuntu/workspace/image_voting_system/all_images/庐山谣寄卢侍御虚舟_seedream.jpg,seedream,A,18125,"{""q1-2"": ""a"", ""q1-1"": ""A"", ""q2-1"": ""a"", ""q2-2"": ""b"", ""q2-3"": ""b"", ""q2-4"": ""b"", ""q2-5"": ""a"", ""q2-6"": ""c"", ""q2-7"": ""a"", ""q2-8"": ""a"", ""q2-9"": ""b"", ""q2-10"": ""b""}",77457,95582
126,2026-01-30T05:56:51.560665,锐哥,38,男,大专,塞下曲·饮马渡秋水,/home/ubuntu/workspace/image_voting_system/all_images/塞下曲·饮马渡秋水_nano.jpg,nano,D,73060,"{""q1-2"": ""b"", ""q1-1"": ""D"", ""q2-1"": ""b"", ""q2-2"": ""b"", ""q2-3"": ""c"", ""q2-4"": ""c"", ""q2-5"": ""d"", ""q2-6"": ""e"", ""q2-7"": ""c"", ""q2-8"": ""c"", ""q2-9"": ""b"", ""q2-10"": ""a""}",29684,102744
127,2026-01-30T05:56:52.485164,深蓝,44,女,本科,和张仆射塞下曲·其一,/home/ubuntu/workspace/image_voting_system/all_images/和张仆射塞下曲·其一_seedream.jpg,seedream,A,36881,"{""q1-2"": ""a"", ""q1-1"": ""A"", ""q2-1"": ""a"", ""q2-2"": ""a"", ""q2-3"": ""a"", ""q2-4"": ""a"", ""q2-5"": ""a"", ""q2-6"": ""a"", ""q2-7"": ""a"", ""q2-8"": ""a"", ""q2-9"": ""a"", ""q2-10"": ""b""}",37961,74842
129,2026-01-30T05:57:02.238356,一个,8,女,小学,山石,/home/ubuntu/workspace/image_voting_system/all_images/山石_seedream.jpg,seedream,C,113934,"{""q1-2"": ""a"", ""q1-1"": ""A"", ""q2-10"": ""e"", ""q2-9"": ""b"", ""q2-1"": ""a"", ""q2-2"": ""a"", ""q2-3"": ""a"", ""q2-4"": ""a"", ""q2-5"": ""a"", ""q2-6"": ""a"", ""q2-7"": ""a"", ""q2-8"": ""a""}",159046,272980
130,2026-01-30T05:57:14.485416,董小杰,37,男,高中,登乐游原,/home/ubuntu/workspace/image_voting_system/all_images/登乐游原_gpt.jpg,gpt,D,77778,"{""q1-2"": ""a"", ""q1-1"": ""D"", ""q2-1"": ""a"", ""q2-2"": ""a"", ""q2-3"": ""a"", ""q2-4"": ""a"", ""q2-5"": ""a"", ""q2-6"": ""a"", ""q2-7"": ""a"", ""q2-8"": ""a"", ""q2-9"": ""a"", ""q2-10"": ""a""}",37379,115157
131,2026-01-30T05:57:14.573860,二狗子,37,女,硕士,登鹳雀楼,/home/ubuntu/workspace/image_voting_system/all_images/登鹳雀楼_nano.jpg,nano,C,46303,"{""q1-2"": ""a"", ""q1-1"": ""A"", ""q2-1"": ""a"", ""q2-2"": ""a"", ""q2-3"": ""a"", ""q2-4"": ""c"", ""q2-5"": ""d"", ""q2-6"": ""c"", ""q2-7"": ""d"", ""q2-8"": ""a"", ""q2-9"": ""a"", ""q2-10"": ""d""}",161052,207355
133,2026-01-30T05:57:30.843290,高千伟,26,男,本科,寄全椒山中道士,/home/ubuntu/workspace/image_voting_system/all_images/寄全椒山中道士_seedream.jpg,seedream,D,28521,"{""q1-2"": ""a"", ""q1-1"": ""D"", ""q2-2"": ""a"", ""q2-3"": ""a"", ""q2-4"": ""a"", ""q2-5"": ""a"", ""q2-6"": ""b"", ""q2-7"": ""a"", ""q2-8"": ""a"", ""q2-9"": ""a"", ""q2-10"": ""a"", ""q2-1"": ""a""}",150227,178748
134,2026-01-30T05:57:40.540870,小张,40,女,本科,咏怀古迹五首·其一,/home/ubuntu/workspace/image_voting_system/all_images/咏怀古迹五首·其一_gpt.jpg,gpt,D,23282,"{""q1-2"": ""a"", ""q1-1"": ""A"", ""q2-1"": ""a"", ""q2-2"": ""a"", ""q2-3"": ""a"", ""q2-4"": ""a"", ""q2-5"": ""a"", ""q2-6"": ""a"", ""q2-7"": ""a"", ""q2-8"": ""a"", ""q2-9"": ""a"", ""q2-10"": ""a""}",28217,51499
135,2026-01-30T05:58:11.466654,小陆姑娘,32,女,大专,征怨,/home/ubuntu/workspace/image_voting_system/all_images/征怨_nano.jpg,nano,C,44427,"{""q1-2"": ""a"", ""q1-1"": ""D"", ""q2-1"": ""a"", ""q2-2"": ""b"", ""q2-3"": ""b"", ""q2-4"": ""b"", ""q2-5"": ""b"", ""q2-6"": ""b"", ""q2-7"": ""a"", ""q2-8"": ""a"", ""q2-9"": ""a"", ""q2-10"": ""c""}",95565,139992
136,2026-01-30T05:58:29.211408,高千伟,26,男,本科,夕次盱眙县,/home/ubuntu/workspace/image_voting_system/all_images/夕次盱眙县_mj.jpg,mj,C,41634,"{""q1-2"": ""a"", ""q1-1"": ""C"", ""q2-1"": ""a"", ""q2-2"": ""a"", ""q2-3"": ""a"", ""q2-4"": ""a"", ""q2-5"": ""a"", ""q2-6"": ""a"", ""q2-7"": ""a"", ""q2-8"": ""a"", ""q2-9"": ""a"", ""q2-10"": ""a""}",16734,58368
137,2026-01-30T05:58:43.070421,深蓝,44,女,本科,燕歌行·并序,/home/ubuntu/workspace/image_voting_system/all_images/燕歌行·并序_nano.jpg,nano,D,68685,"{""q1-2"": ""a"", ""q1-1"": ""D"", ""q2-1"": ""a"", ""q2-2"": ""b"", ""q2-3"": ""b"", ""q2-4"": ""b"", ""q2-5"": ""a"", ""q2-6"": ""a"", ""q2-7"": ""a"", ""q2-8"": ""a"", ""q2-9"": ""a"", ""q2-10"": ""b""}",41901,110586
138,2026-01-30T05:58:48.006747,喵鸣嚎,27,男,博士,集灵台·其一,/home/ubuntu/workspace/image_voting_system/all_images/集灵台·其一_seedream.jpg,seedream,B,38730,"{""q1-2"": ""a"", ""q1-1"": ""B"", ""q2-1"": ""a"", ""q2-2"": ""a"", ""q2-3"": ""a"", ""q2-4"": ""a"", ""q2-5"": ""a"", ""q2-6"": ""a"", ""q2-7"": ""a"", ""q2-8"": ""a"", ""q2-9"": ""a"", ""q2-10"": ""a""}",32825,71555
139,2026-01-30T05:58:53.457968,zl_yl,43,女,硕士,梦李白二首·其二,/home/ubuntu/workspace/image_voting_system/all_images/梦李白二首·其二_seedream.jpg,seedream,C,41939,"{""q1-2"": ""c"", ""q1-1"": ""C"", ""q2-1"": ""a"", ""q2-2"": ""b"", ""q2-3"": ""d"", ""q2-4"": ""b"", ""q2-5"": ""d"", ""q2-6"": ""d"", ""q2-7"": ""c"", ""q2-8"": ""a"", ""q2-9"": ""c"", ""q2-10"": ""d""}",83899,125838
140,2026-01-30T05:58:55.467420,平冉,7,男,小学,淮上喜会梁州故人,/home/ubuntu/workspace/image_voting_system/all_images/淮上喜会梁州故人_nano.jpg,nano,D,123252,"{""q1-2"": ""b"", ""q1-1"": ""D"", ""q2-1"": ""a"", ""q2-2"": ""a"", ""q2-3"": ""a"", ""q2-4"": ""b"", ""q2-5"": ""a"", ""q2-6"": ""b"", ""q2-7"": ""a"", ""q2-8"": ""a"", ""q2-9"": ""a"", ""q2-10"": ""b""}",87802,211054
141,2026-01-30T05:59:03.721082,董小杰,37,男,高中,玉台体,/home/ubuntu/workspace/image_voting_system/all_images/玉台体_seedream.jpg,seedream,B,78227,"{""q1-2"": ""a"", ""q1-1"": ""B"", ""q2-1"": ""a"", ""q2-2"": ""a"", ""q2-3"": ""a"", ""q2-4"": ""a"", ""q2-5"": ""a"", ""q2-6"": ""a"", ""q2-7"": ""a"", ""q2-8"": ""a"", ""q2-9"": ""a"", ""q2-10"": ""a""}",31008,109235
142,2026-01-30T05:59:38.559971,柯,30,男,本科,西塞山怀古,/home/ubuntu/workspace/image_voting_system/all_images/西塞山怀古_mj.jpg,mj,B,65250,"{""q1-2"": ""a"", ""q1-1"": ""B"", ""q2-1"": ""a"", ""q2-2"": ""a"", ""q2-3"": ""a"", ""q2-4"": ""a"", ""q2-5"": ""a"", ""q2-6"": ""a"", ""q2-7"": ""a"", ""q2-8"": ""a"", ""q2-9"": ""a"", ""q2-10"": ""a""}",89213,154463
143,2026-01-30T05:59:58.140521,Star-小幸运,38,女,大专,夜雨寄北,/home/ubuntu/workspace/image_voting_system/all_images/夜雨寄北_seedream.jpg,seedream,A,73249,"{""q1-2"": ""a"", ""q1-1"": ""A"", ""q2-1"": ""a"", ""q2-2"": ""a"", ""q2-3"": ""a"", ""q2-4"": ""a"", ""q2-5"": ""a"", ""q2-6"": ""a"", ""q2-7"": ""a"", ""q2-8"": ""a"", ""q2-9"": ""a"", ""q2-10"": ""a""}",116384,189633
144,2026-01-30T06:00:26.753491,高千伟,26,男,本科,感遇十二首·其七,/home/ubuntu/workspace/image_voting_system/all_images/感遇十二首·其七_seedream.jpg,seedream,D,14866,"{""q1-2"": ""a"", ""q1-1"": ""D"", ""q2-1"": ""a"", ""q2-2"": ""a"", ""q2-4"": ""a"", ""q2-5"": ""a"", ""q2-6"": ""a"", ""q2-7"": ""a"", ""q2-8"": ""a"", ""q2-9"": ""a"", ""q2-10"": ""a"", ""q2-3"": ""a""}",102676,117542
145,2026-01-30T06:00:42.223838,zl_yl,43,女,硕士,月夜忆舍弟,/home/ubuntu/workspace/image_voting_system/all_images/月夜忆舍弟_gpt.jpg,gpt,C,29962,"{""q1-2"": ""c"", ""q1-1"": ""D"", ""q2-1"": ""a"", ""q2-2"": ""a"", ""q2-3"": ""a"", ""q2-4"": ""b"", ""q2-5"": ""a"", ""q2-6"": ""c"", ""q2-7"": ""a"", ""q2-8"": ""a"", ""q2-9"": ""a"", ""q2-10"": ""b""}",78804,108766
146,2026-01-30T06:00:54.324834,小张,40,女,本科,春泛若耶溪,/home/ubuntu/workspace/image_voting_system/all_images/春泛若耶溪_mj.jpg,mj,D,171413,"{""q1-2"": ""a"", ""q1-1"": ""D"", ""q2-1"": ""a"", ""q2-2"": ""a"", ""q2-3"": ""a"", ""q2-4"": ""a"", ""q2-5"": ""a"", ""q2-6"": ""a"", ""q2-7"": ""a"", ""q2-8"": ""a"", ""q2-9"": ""a"", ""q2-10"": ""a""}",22371,193784
147,2026-01-30T06:01:21.824688,小陆姑娘,32,女,大专,梦李白二首·其一,/home/ubuntu/workspace/image_voting_system/all_images/梦李白二首·其一_mj.jpg,mj,B,40334,"{""q1-2"": ""b"", ""q1-1"": ""D"", ""q2-1"": ""b"", ""q2-2"": ""b"", ""q2-3"": ""b"", ""q2-4"": ""b"", ""q2-5"": ""b"", ""q2-6"": ""b"", ""q2-7"": ""a"", ""q2-8"": ""a"", ""q2-9"": ""a"", ""q2-10"": ""c""}",150024,190358
148,2026-01-30T06:01:24.048712,程倩,39,女,本科,秋日赴阙题潼关驿楼,/home/ubuntu/workspace/image_voting_system/all_images/秋日赴阙题潼关驿楼_gpt.jpg,gpt,B,47284,"{""q1-2"": ""a"", ""q1-1"": ""B"", ""q2-1"": ""a"", ""q2-2"": ""a"", ""q2-3"": ""a"", ""q2-4"": ""a"", ""q2-5"": ""a"", ""q2-6"": ""a"", ""q2-7"": ""a"", ""q2-8"": ""a"", ""q2-9"": ""a"", ""q2-10"": ""a""}",63515,110799
149,2026-01-30T06:01:32.557804,深蓝,44,女,本科,登金陵凤凰台,/home/ubuntu/workspace/image_voting_system/all_images/登金陵凤凰台_gpt.jpg,gpt,B,147074,"{""q1-2"": ""a"", ""q1-1"": ""B"", ""q2-1"": ""a"", ""q2-2"": ""a"", ""q2-3"": ""a"", ""q2-4"": ""a"", ""q2-5"": ""a"", ""q2-6"": ""a"", ""q2-8"": ""a"", ""q2-9"": ""a"", ""q2-10"": ""b"", ""q2-7"": ""a""}",22413,169487
150,2026-01-30T06:01:49.872517,棉花贝,41,女,本科,书边事,/home/ubuntu/workspace/image_voting_system/all_images/书边事_gpt.jpg,gpt,C,79374,"{""q1-2"": ""b"", ""q1-1"": ""C"", ""q2-1"": ""a"", ""q2-2"": ""a"", ""q2-3"": ""a"", ""q2-4"": ""b"", ""q2-5"": ""a"", ""q2-6"": ""a"", ""q2-7"": ""a"", ""q2-8"": ""a"", ""q2-9"": ""a"", ""q2-10"": ""b""}",105242,184616
151,2026-01-30T06:02:05.225707,深蓝,44,女,本科,经邹鲁祭孔子而叹之,/home/ubuntu/workspace/image_voting_system/all_images/经邹鲁祭孔子而叹之_seedream.jpg,seedream,A,15208,"{""q1-2"": ""a"", ""q1-1"": ""A"", ""q2-1"": ""a"", ""q2-2"": ""a"", ""q2-3"": ""a"", ""q2-4"": ""a"", ""q2-5"": ""a"", ""q2-6"": ""a"", ""q2-7"": ""a"", ""q2-8"": ""a"", ""q2-9"": ""a"", ""q2-10"": ""b""}",17460,32668
152,2026-01-30T06:02:12.448615,zl_yl,43,女,硕士,春怨·纱窗日落渐黄昏,/home/ubuntu/workspace/image_voting_system/all_images/春怨·纱窗日落渐黄昏_nano.jpg,nano,A,32119,"{""q1-2"": ""a"", ""q1-1"": ""A"", ""q2-1"": ""a"", ""q2-2"": ""a"", ""q2-3"": ""a"", ""q2-4"": ""a"", ""q2-5"": ""a"", ""q2-6"": ""c"", ""q2-7"": ""a"", ""q2-8"": ""a"", ""q2-9"": ""a"", ""q2-10"": ""a""}",58106,90225
153,2026-01-30T06:02:33.846994,beauty,32,女,本科,宿建德江,/home/ubuntu/workspace/image_voting_system/all_images/宿建德江_gpt.jpg,gpt,B,80991,"{""q1-2"": ""b"", ""q1-1"": ""B"", ""q2-1"": ""a"", ""q2-2"": ""a"", ""q2-3"": ""a"", ""q2-4"": ""b"", ""q2-5"": ""a"", ""q2-6"": ""b"", ""q2-10"": ""b"", ""q2-8"": ""a"", ""q2-7"": ""a"", ""q2-9"": ""a""}",194045,275036
154,2026-01-30T06:02:36.744901,平冉,7,男,小学,塞下曲·蝉鸣空桑林,/home/ubuntu/workspace/image_voting_system/all_images/塞下曲·蝉鸣空桑林_mj.jpg,mj,B,188170,"{""q1-2"": ""b"", ""q1-1"": ""B"", ""q2-1"": ""a"", ""q2-2"": ""a"", ""q2-3"": ""b"", ""q2-4"": ""b"", ""q2-5"": ""b"", ""q2-6"": ""b"", ""q2-7"": ""b"", ""q2-8"": ""a"", ""q2-9"": ""a"", ""q2-10"": ""b""}",33107,221277
155,2026-01-30T06:02:37.606349,董小杰,37,男,高中,滁州西涧,/home/ubuntu/workspace/image_voting_system/all_images/滁州西涧_nano.jpg,nano,B,78985,"{""q1-2"": ""a"", ""q1-1"": ""B"", ""q2-1"": ""a"", ""q2-2"": ""a"", ""q2-3"": ""a"", ""q2-4"": ""a"", ""q2-5"": ""a"", ""q2-6"": ""a"", ""q2-7"": ""a"", ""q2-8"": ""a"", ""q2-9"": ""a"", ""q2-10"": ""b""}",134901,213886
156,2026-01-30T06:02:41.019674,深蓝,44,女,本科,蜀道难,/home/ubuntu/workspace/image_voting_system/all_images/蜀道难_seedream.jpg,seedream,A,20544,"{""q1-2"": ""a"", ""q1-1"": ""A"", ""q2-1"": ""a"", ""q2-2"": ""a"", ""q2-3"": ""a"", ""q2-4"": ""a"", ""q2-5"": ""a"", ""q2-6"": ""a"", ""q2-7"": ""a"", ""q2-8"": ""a"", ""q2-9"": ""a"", ""q2-10"": ""b""}",15250,35794
157,2026-01-30T06:02:46.403474,小陆姑娘,32,女,大专,渡汉江,/home/ubuntu/workspace/image_voting_system/all_images/渡汉江_nano.jpg,nano,C,52111,"{""q1-2"": ""b"", ""q1-1"": ""B"", ""q2-1"": ""b"", ""q2-2"": ""b"", ""q2-3"": ""b"", ""q2-4"": ""b"", ""q2-5"": ""b"", ""q2-6"": ""b"", ""q2-7"": ""a"", ""q2-8"": ""b"", ""q2-9"": ""b"", ""q2-10"": ""c""}",32468,84579
158,2026-01-30T06:02:49.620151,小张,40,女,本科,夜泊牛渚怀古,/home/ubuntu/workspace/image_voting_system/all_images/夜泊牛渚怀古_gpt.jpg,gpt,A,84267,"{""q1-2"": ""a"", ""q1-1"": ""B"", ""q2-1"": ""a"", ""q2-2"": ""a"", ""q2-3"": ""a"", ""q2-4"": ""a"", ""q2-5"": ""a"", ""q2-6"": ""a"", ""q2-7"": ""a"", ""q2-8"": ""a"", ""q2-9"": ""a"", ""q2-10"": ""a""}",31028,115295
159,2026-01-30T06:03:29.280226,小张,40,女,本科,喜见外弟又言别,/home/ubuntu/workspace/image_voting_system/all_images/喜见外弟又言别_gpt.jpg,gpt,A,21803,"{""q1-2"": ""a"", ""q1-1"": ""A"", ""q2-1"": ""a"", ""q2-2"": ""a"", ""q2-3"": ""a"", ""q2-4"": ""a"", ""q2-5"": ""a"", ""q2-6"": ""a"", ""q2-7"": ""a"", ""q2-8"": ""a"", ""q2-9"": ""a"", ""q2-10"": ""a""}",17857,39660
160,2026-01-30T06:03:39.148239,平冉,7,男,小学,石鼓歌,/home/ubuntu/workspace/image_voting_system/all_images/石鼓歌_gpt.jpg,gpt,B,40827,"{""q1-2"": ""b"", ""q1-1"": ""B"", ""q2-1"": ""a"", ""q2-2"": ""a"", ""q2-3"": ""a"", ""q2-4"": ""b"", ""q2-5"": ""b"", ""q2-6"": ""b"", ""q2-7"": ""b"", ""q2-8"": ""a"", ""q2-9"": ""a"", ""q2-10"": ""b""}",21576,62403
161,2026-01-30T06:03:45.774764,深蓝,44,女,本科,古意,/home/ubuntu/workspace/image_voting_system/all_images/古意_mj.jpg,mj,A,43784,"{""q1-2"": ""a"", ""q1-1"": ""A"", ""q2-2"": ""a"", ""q2-3"": ""a"", ""q2-4"": ""a"", ""q2-5"": ""a"", ""q2-6"": ""a"", ""q2-7"": ""a"", ""q2-8"": ""a"", ""q2-9"": ""a"", ""q2-10"": ""b"", ""q2-1"": ""a""}",20971,64755
162,2026-01-30T06:04:01.078637,zl_yl,43,女,硕士,晚次鄂州,/home/ubuntu/workspace/image_voting_system/all_images/晚次鄂州_mj.jpg,mj,A,49000,"{""q1-2"": ""c"", ""q1-1"": ""D"", ""q2-1"": ""a"", ""q2-3"": ""a"", ""q2-2"": ""b"", ""q2-5"": ""d"", ""q2-4"": ""c"", ""q2-6"": ""c"", ""q2-7"": ""d"", ""q2-8"": ""a"", ""q2-9"": ""a"", ""q2-10"": ""c""}",59630,108630
163,2026-01-30T06:04:06.166572,小张,40,女,本科,丽人行,/home/ubuntu/workspace/image_voting_system/all_images/丽人行_mj.jpg,mj,B,16502,"{""q1-2"": ""a"", ""q1-1"": ""A"", ""q2-1"": ""a"", ""q2-2"": ""a"", ""q2-3"": ""a"", ""q2-4"": ""a"", ""q2-5"": ""a"", ""q2-6"": ""a"", ""q2-7"": ""a"", ""q2-8"": ""a"", ""q2-9"": ""a"", ""q2-10"": ""a""}",20385,36887
164,2026-01-30T06:04:21.166275,高千伟,26,男,本科,金谷园,/home/ubuntu/workspace/image_voting_system/all_images/金谷园_seedream.jpg,seedream,B,220027,"{""q1-2"": ""a"", ""q1-1"": ""B"", ""q2-1"": ""a"", ""q2-2"": ""a"", ""q2-3"": ""a"", ""q2-4"": ""a"", ""q2-5"": ""a"", ""q2-6"": ""a"", ""q2-7"": ""a"", ""q2-8"": ""a"", ""q2-9"": ""a"", ""q2-10"": ""a""}",14385,234412
166,2026-01-30T06:04:42.921562,深蓝,44,女,本科,蝉,/home/ubuntu/workspace/image_voting_system/all_images/蝉_nano.jpg,nano,A,29834,"{""q1-2"": ""a"", ""q1-1"": ""C"", ""q2-1"": ""a"", ""q2-2"": ""a"", ""q2-3"": ""a"", ""q2-4"": ""a"", ""q2-5"": ""a"", ""q2-6"": ""a"", ""q2-7"": ""a"", ""q2-8"": ""a"", ""q2-9"": ""a"", ""q2-10"": ""b""}",27313,57147
167,2026-01-30T06:05:01.202397,度。,33,女,本科,登柳州城楼寄漳汀封连四州,/home/ubuntu/workspace/image_voting_system/all_images/登柳州城楼寄漳汀封连四州_seedream.jpg,seedream,C,50106,"{""q1-2"": ""a"", ""q1-1"": ""C"", ""q2-1"": ""a"", ""q2-2"": ""a"", ""q2-3"": ""a"", ""q2-4"": ""a"", ""q2-5"": ""a"", ""q2-6"": ""a"", ""q2-7"": ""a"", ""q2-8"": ""a"", ""q2-9"": ""a"", ""q2-10"": ""a""}",17591,67697
168,2026-01-30T06:05:05.247873,小张,40,女,本科,次北固山下,/home/ubuntu/workspace/image_voting_system/all_images/次北固山下_gpt.jpg,gpt,A,18073,"{""q1-2"": ""a"", ""q1-1"": ""A"", ""q2-1"": ""a"", ""q2-2"": ""a"", ""q2-3"": ""a"", ""q2-4"": ""a"", ""q2-5"": ""a"", ""q2-6"": ""a"", ""q2-7"": ""a"", ""q2-8"": ""a"", ""q2-9"": ""a"", ""q2-10"": ""a""}",16410,34483
170,2026-01-30T06:05:23.128880,高千伟,26,男,本科,阙题,/home/ubuntu/workspace/image_voting_system/all_images/阙题_nano.jpg,nano,A,47996,"{""q1-2"": ""a"", ""q1-1"": ""A"", ""q2-1"": ""a"", ""q2-2"": ""a"", ""q2-3"": ""a"", ""q2-4"": ""a"", ""q2-5"": ""a"", ""q2-6"": ""a"", ""q2-7"": ""a"", ""q2-8"": ""a"", ""q2-9"": ""a"", ""q2-10"": ""a""}",13967,61963
171,2026-01-30T06:05:29.593005,zl_yl,43,女,硕士,春宿左省,/home/ubuntu/workspace/image_voting_system/all_images/春宿左省_nano.jpg,nano,B,26699,"{""q1-2"": ""a"", ""q1-1"": ""B"", ""q2-1"": ""a"", ""q2-2"": ""b"", ""q2-3"": ""b"", ""q2-4"": ""a"", ""q2-5"": ""d"", ""q2-6"": ""b"", ""q2-7"": ""a"", ""q2-8"": ""a"", ""q2-9"": ""b"", ""q2-10"": ""b""}",61815,88514
172,2026-01-30T06:05:41.481414,小张,40,女,本科,庐山谣寄卢侍御虚舟,/home/ubuntu/workspace/image_voting_system/all_images/庐山谣寄卢侍御虚舟_gpt.jpg,gpt,D,13008,"{""q1-2"": ""a"", ""q1-1"": ""A"", ""q2-1"": ""a"", ""q2-2"": ""a"", ""q2-3"": ""a"", ""q2-4"": ""a"", ""q2-5"": ""a"", ""q2-6"": ""a"", ""q2-7"": ""a"", ""q2-8"": ""a"", ""q2-9"": ""a"", ""q2-10"": ""a""}",23226,36234
173,2026-01-30T06:06:13.633089,小张,40,女,本科,贫女,/home/ubuntu/workspace/image_voting_system/all_images/贫女_seedream.jpg,seedream,C,15715,"{""q1-2"": ""a"", ""q1-1"": ""C"", ""q2-1"": ""a"", ""q2-2"": ""a"", ""q2-3"": ""a"", ""q2-4"": ""a"", ""q2-5"": ""a"", ""q2-6"": ""a"", ""q2-7"": ""a"", ""q2-8"": ""a"", ""q2-9"": ""a"", ""q2-10"": ""a""}",16436,32151
174,2026-01-30T06:06:24.673408,zl_yl,43,女,硕士,淮上喜会梁州故人,/home/ubuntu/workspace/image_voting_system/all_images/淮上喜会梁州故人_nano.jpg,nano,D,32271,"{""q1-2"": ""a"", ""q1-1"": ""D"", ""q2-1"": ""a"", ""q2-2"": ""a"", ""q2-3"": ""a"", ""q2-4"": ""a"", ""q2-5"": ""a"", ""q2-6"": ""a"", ""q2-7"": ""a"", ""q2-8"": ""a"", ""q2-9"": ""a"", ""q2-10"": ""a""}",22810,55081
175,2026-01-30T06:06:31.610979,平冉,7,男,小学,杂诗三首·其三,/home/ubuntu/workspace/image_voting_system/all_images/杂诗三首·其三_nano.jpg,nano,B,144865,"{""q1-2"": ""b"", ""q1-1"": ""B"", ""q2-1"": ""a"", ""q2-2"": ""a"", ""q2-3"": ""a"", ""q2-4"": ""a"", ""q2-5"": ""a"", ""q2-6"": ""b"", ""q2-7"": ""a"", ""q2-8"": ""a"", ""q2-9"": ""a"", ""q2-10"": ""b""}",27598,172463
176,2026-01-30T06:06:53.913773,度。,33,女,本科,长沙过贾谊宅,/home/ubuntu/workspace/image_voting_system/all_images/长沙过贾谊宅_nano.jpg,nano,C,62620,"{""q1-2"": ""a"", ""q1-1"": ""B"", ""q2-1"": ""a"", ""q2-2"": ""a"", ""q2-3"": ""a"", ""q2-5"": ""a"", ""q2-6"": ""a"", ""q2-7"": ""a"", ""q2-8"": ""a"", ""q2-9"": ""a"", ""q2-10"": ""a"", ""q2-4"": ""a""}",50091,112711
177,2026-01-30T06:06:56.947329,董小杰,37,男,高中,隋宫·乘兴南游不戒严,/home/ubuntu/workspace/image_voting_system/all_images/隋宫·乘兴南游不戒严_nano.jpg,nano,D,229142,"{""q1-2"": ""c"", ""q1-1"": ""D"", ""q2-1"": ""a"", ""q2-2"": ""a"", ""q2-3"": ""a"", ""q2-4"": ""a"", ""q2-5"": ""a"", ""q2-6"": ""a"", ""q2-7"": ""a"", ""q2-8"": ""a"", ""q2-9"": ""a"", ""q2-10"": ""a""}",30199,259341
178,2026-01-30T06:06:58.546822,深蓝,44,女,本科,旅夜书怀,/home/ubuntu/workspace/image_voting_system/all_images/旅夜书怀_seedream.jpg,seedream,D,83617,"{""q1-2"": ""a"", ""q1-1"": ""D"", ""q2-1"": ""a"", ""q2-2"": ""a"", ""q2-3"": ""a"", ""q2-4"": ""a"", ""q2-5"": ""a"", ""q2-6"": ""a"", ""q2-7"": ""a"", ""q2-8"": ""a"", ""q2-9"": ""a"", ""q2-10"": ""b""}",27149,110766
179,2026-01-30T06:07:26.773597,zl_yl,43,女,硕士,感遇十二首·其七,/home/ubuntu/workspace/image_voting_system/all_images/感遇十二首·其七_gpt.jpg,gpt,A,19220,"{""q1-2"": ""a"", ""q1-1"": ""A"", ""q2-1"": ""a"", ""q2-2"": ""a"", ""q2-3"": ""a"", ""q2-4"": ""b"", ""q2-5"": ""b"", ""q2-6"": ""b"", ""q2-7"": ""a"", ""q2-8"": ""a"", ""q2-9"": ""a"", ""q2-10"": ""c""}",42880,62100
180,2026-01-30T06:07:53.200808,葡萄,30,女,本科,子夜吴歌·秋歌,/home/ubuntu/workspace/image_voting_system/all_images/子夜吴歌·秋歌_seedream.jpg,seedream,C,60483,"{""q1-2"": ""a"", ""q1-1"": ""B"", ""q2-1"": ""a"", ""q2-2"": ""a"", ""q2-3"": ""a"", ""q2-4"": ""b"", ""q2-5"": ""a"", ""q2-6"": ""a"", ""q2-7"": ""a"", ""q2-8"": ""a"", ""q2-9"": ""a"", ""q2-10"": ""a""}",74398,134881
181,2026-01-30T06:08:00.401269,度。,33,女,本科,咏怀古迹五首·其一,/home/ubuntu/workspace/image_voting_system/all_images/咏怀古迹五首·其一_gpt.jpg,gpt,A,49043,"{""q1-2"": ""a"", ""q1-1"": ""D"", ""q2-1"": ""a"", ""q2-2"": ""a"", ""q2-3"": ""a"", ""q2-4"": ""a"", ""q2-5"": ""a"", ""q2-6"": ""a"", ""q2-7"": ""a"", ""q2-8"": ""a"", ""q2-9"": ""a"", ""q2-10"": ""a""}",17445,66488
182,2026-01-30T06:08:11.191355,钱高磊,8,男,小学,石鱼湖上醉歌,/home/ubuntu/workspace/image_voting_system/all_images/石鱼湖上醉歌_seedream.jpg,seedream,D,59911,"{""q1-2"": ""c"", ""q1-1"": ""D"", ""q2-1"": ""a"", ""q2-2"": ""a"", ""q2-3"": ""a"", ""q2-4"": ""b"", ""q2-5"": ""a"", ""q2-6"": ""a"", ""q2-7"": ""b"", ""q2-8"": ""a"", ""q2-9"": ""b"", ""q2-10"": ""b""}",80840,140751
183,2026-01-30T06:08:25.760321,zl_lmm,33,女,博士,老将行,/home/ubuntu/workspace/image_voting_system/all_images/老将行_seedream.jpg,seedream,D,1217974,"{""q1-2"": ""b"", ""q1-1"": ""D"", ""q2-1"": ""a"", ""q2-2"": ""a"", ""q2-3"": ""a"", ""q2-4"": ""b"", ""q2-5"": ""a"", ""q2-6"": ""a"", ""q2-7"": ""a"", ""q2-8"": ""a"", ""q2-9"": ""a"", ""q2-10"": ""b""}",98486,1316460
184,2026-01-30T06:09:34.764298,葡萄,30,女,本科,送友人,/home/ubuntu/workspace/image_voting_system/all_images/送友人_gpt.jpg,gpt,D,82405,"{""q1-2"": ""a"", ""q1-1"": ""D"", ""q2-1"": ""a"", ""q2-2"": ""a"", ""q2-3"": ""a"", ""q2-4"": ""a"", ""q2-5"": ""a"", ""q2-6"": ""a"", ""q2-7"": ""a"", ""q2-8"": ""a"", ""q2-9"": ""a"", ""q2-10"": ""a""}",19158,101563
185,2026-01-30T06:10:27.924252,温实初,15,男,硕士,饯别王十一南游,/home/ubuntu/workspace/image_voting_system/all_images/饯别王十一南游_mj.jpg,mj,C,24411,"{""q1-2"": ""a"", ""q1-1"": ""C"", ""q2-1"": ""a"", ""q2-2"": ""a"", ""q2-3"": ""a"", ""q2-4"": ""b"", ""q2-5"": ""a"", ""q2-6"": ""c"", ""q2-7"": ""a"", ""q2-8"": ""a"", ""q2-10"": ""a"", ""q2-9"": ""a""}",109306,133717
186,2026-01-30T06:10:49.847476,董小杰,37,男,高中,寻隐者不遇,/home/ubuntu/workspace/image_voting_system/all_images/寻隐者不遇_gpt.jpg,gpt,C,149980,"{""q1-2"": ""b"", ""q1-1"": ""B"", ""q2-2"": ""b"", ""q2-3"": ""b"", ""q2-4"": ""b"", ""q2-5"": ""b"", ""q2-6"": ""b"", ""q2-8"": ""b"", ""q2-9"": ""b"", ""q2-10"": ""b"", ""q2-7"": ""b"", ""q2-1"": ""b""}",80781,230761
187,2026-01-30T06:12:01.766541,度。,33,女,本科,淮上喜会梁州故人,/home/ubuntu/workspace/image_voting_system/all_images/淮上喜会梁州故人_gpt.jpg,gpt,D,56075,"{""q1-2"": ""a"", ""q1-1"": ""D"", ""q2-1"": ""b"", ""q2-3"": ""b"", ""q2-4"": ""b"", ""q2-5"": ""b"", ""q2-6"": ""b"", ""q2-7"": ""b"", ""q2-8"": ""b"", ""q2-9"": ""b"", ""q2-10"": ""a"", ""q2-2"": ""b""}",185290,241365
188,2026-01-30T06:12:16.358968,铁树开花,41,女,高中,走马川行奉送封大夫出师西征,/home/ubuntu/workspace/image_voting_system/all_images/走马川行奉送封大夫出师西征_nano.jpg,nano,D,99018,"{""q1-2"": ""a"", ""q1-1"": ""D"", ""q2-1"": ""a"", ""q2-2"": ""a"", ""q2-3"": ""a"", ""q2-4"": ""a"", ""q2-5"": ""a"", ""q2-6"": ""a"", ""q2-7"": ""a"", ""q2-8"": ""a"", ""q2-10"": ""a"", ""q2-9"": ""a""}",79230,178248
190,2026-01-30T06:12:46.188722,J,30,女,大专,夜泊牛渚怀古,/home/ubuntu/workspace/image_voting_system/all_images/夜泊牛渚怀古_gpt.jpg,gpt,D,29423,"{""q1-2"": ""a"", ""q1-1"": ""D"", ""q2-1"": ""a"", ""q2-2"": ""a"", ""q2-3"": ""a"", ""q2-4"": ""a"", ""q2-5"": ""a"", ""q2-6"": ""a"", ""q2-7"": ""a"", ""q2-8"": ""a"", ""q2-9"": ""a"", ""q2-10"": ""a""}",17680,47103
191,2026-01-30T06:12:47.509314,whu,31,男,硕士,春怨·纱窗日落渐黄昏,/home/ubuntu/workspace/image_voting_system/all_images/春怨·纱窗日落渐黄昏_mj.jpg,mj,A,42144,"{""q1-2"": ""d"", ""q1-1"": ""A"", ""q2-1"": ""a"", ""q2-2"": ""c"", ""q2-3"": ""b"", ""q2-4"": ""c"", ""q2-5"": ""b"", ""q2-6"": ""d"", ""q2-7"": ""b"", ""q2-8"": ""a"", ""q2-9"": ""b"", ""q2-10"": ""d""}",94562,136706
192,2026-01-30T06:12:51.894892,zl_zcy,35,男,博士,宿建德江,/home/ubuntu/workspace/image_voting_system/all_images/宿建德江_mj.jpg,mj,A,50403,"{""q1-2"": ""b"", ""q1-1"": ""A"", ""q2-10"": ""b"", ""q2-1"": ""a"", ""q2-2"": ""a"", ""q2-3"": ""b"", ""q2-4"": ""a"", ""q2-5"": ""a"", ""q2-6"": ""a"", ""q2-7"": ""a"", ""q2-8"": ""a"", ""q2-9"": ""a""}",80884,131287
193,2026-01-30T06:12:54.388848,zl_lmm,33,女,博士,送灵澈上人,/home/ubuntu/workspace/image_voting_system/all_images/送灵澈上人_seedream.jpg,seedream,D,239331,"{""q1-2"": ""a"", ""q1-1"": ""D"", ""q2-1"": ""a"", ""q2-2"": ""a"", ""q2-3"": ""a"", ""q2-4"": ""a"", ""q2-5"": ""a"", ""q2-6"": ""c"", ""q2-7"": ""a"", ""q2-8"": ""a"", ""q2-9"": ""a"", ""q2-10"": ""a""}",29298,268629
194,2026-01-30T06:13:11.391768,度。,33,女,本科,金陵图,/home/ubuntu/workspace/image_voting_system/all_images/金陵图_seedream.jpg,seedream,D,23239,"{""q1-2"": ""a"", ""q1-1"": ""D"", ""q2-1"": ""a"", ""q2-2"": ""a"", ""q2-3"": ""a"", ""q2-4"": ""a"", ""q2-5"": ""a"", ""q2-6"": ""a"", ""q2-7"": ""a"", ""q2-8"": ""a"", ""q2-9"": ""b"", ""q2-10"": ""b""}",17190,40429
195,2026-01-30T06:13:16.829678,铁树开花,41,女,高中,嫦娥,/home/ubuntu/workspace/image_voting_system/all_images/嫦娥_seedream.jpg,seedream,D,40180,"{""q1-2"": ""a"", ""q1-1"": ""D"", ""q2-1"": ""a"", ""q2-2"": ""a"", ""q2-3"": ""a"", ""q2-4"": ""a"", ""q2-5"": ""a"", ""q2-6"": ""a"", ""q2-7"": ""a"", ""q2-8"": ""a"", ""q2-9"": ""a"", ""q2-10"": ""a""}",20291,60471
196,2026-01-30T06:13:23.333232,J,30,女,大专,赠卫八处士,/home/ubuntu/workspace/image_voting_system/all_images/赠卫八处士_gpt.jpg,gpt,B,18835,"{""q1-2"": ""a"", ""q1-1"": ""B"", ""q2-1"": ""a"", ""q2-2"": ""a"", ""q2-3"": ""a"", ""q2-4"": ""a"", ""q2-5"": ""a"", ""q2-6"": ""a"", ""q2-7"": ""a"", ""q2-8"": ""a"", ""q2-9"": ""a"", ""q2-10"": ""a""}",18309,37144
197,2026-01-30T06:13:44.143284,度。,33,女,本科,蜀相,/home/ubuntu/workspace/image_voting_system/all_images/蜀相_seedream.jpg,seedream,D,15955,"{""q1-2"": ""a"", ""q1-1"": ""C"", ""q2-1"": ""b"", ""q2-2"": ""b"", ""q2-3"": ""b"", ""q2-4"": ""b"", ""q2-5"": ""b"", ""q2-6"": ""b"", ""q2-7"": ""b"", ""q2-8"": ""b"", ""q2-9"": ""b"", ""q2-10"": ""b""}",16797,32752
198,2026-01-30T06:14:12.511648,J,30,女,大专,凉思,/home/ubuntu/workspace/image_voting_system/all_images/凉思_seedream.jpg,seedream,A,17511,"{""q1-2"": ""a"", ""q1-1"": ""A"", ""q2-1"": ""a"", ""q2-3"": ""a"", ""q2-4"": ""a"", ""q2-5"": ""a"", ""q2-6"": ""a"", ""q2-7"": ""a"", ""q2-8"": ""a"", ""q2-9"": ""a"", ""q2-10"": ""a"", ""q2-2"": ""a""}",31668,49179
199,2026-01-30T06:14:15.839233,铁树开花,41,女,高中,至德二载甫自京金光门出间道归凤翔乾元初从左拾遗移华州掾与亲故别因出此门有悲往事,/home/ubuntu/workspace/image_voting_system/all_images/至德二载甫自京金光门出间道归凤翔乾元初从左拾遗移华州掾与亲故别因出此门有悲往事_gpt.jpg,gpt,A,41145,"{""q1-2"": ""a"", ""q1-1"": ""A"", ""q2-1"": ""a"", ""q2-2"": ""a"", ""q2-3"": ""a"", ""q2-4"": ""a"", ""q2-5"": ""a"", ""q2-6"": ""a"", ""q2-7"": ""a"", ""q2-8"": ""a"", ""q2-9"": ""a"", ""q2-10"": ""a""}",17865,59010
200,2026-01-30T06:14:29.761231,度。,33,女,本科,锦瑟,/home/ubuntu/workspace/image_voting_system/all_images/锦瑟_mj.jpg,mj,C,24717,"{""q1-2"": ""a"", ""q1-1"": ""B"", ""q2-2"": ""b"", ""q2-1"": ""b"", ""q2-3"": ""b"", ""q2-4"": ""b"", ""q2-5"": ""b"", ""q2-6"": ""b"", ""q2-7"": ""b"", ""q2-8"": ""b"", ""q2-9"": ""b"", ""q2-10"": ""b""}",20901,45618
201,2026-01-30T06:14:33.906912,温实初,15,男,硕士,梦李白二首·其一,/home/ubuntu/workspace/image_voting_system/all_images/梦李白二首·其一_nano.jpg,nano,A,53049,"{""q1-2"": ""b"", ""q1-1"": ""A"", ""q2-1"": ""a"", ""q2-2"": ""a"", ""q2-3"": ""a"", ""q2-4"": ""b"", ""q2-5"": ""a"", ""q2-6"": ""b"", ""q2-7"": ""a"", ""q2-8"": ""a"", ""q2-9"": ""a"", ""q2-10"": ""b""}",192934,245983
202,2026-01-30T06:14:51.378163,J,30,女,大专,春宫怨,/home/ubuntu/workspace/image_voting_system/all_images/春宫怨_nano.jpg,nano,B,24014,"{""q1-2"": ""a"", ""q1-1"": ""B"", ""q2-1"": ""a"", ""q2-2"": ""a"", ""q2-3"": ""a"", ""q2-4"": ""a"", ""q2-5"": ""a"", ""q2-6"": ""a"", ""q2-7"": ""a"", ""q2-8"": ""a"", ""q2-9"": ""a"", ""q2-10"": ""a""}",14852,38866
203,2026-01-30T06:15:04.683017,度。,33,女,本科,无题·飒飒东风细雨来,/home/ubuntu/workspace/image_voting_system/all_images/无题·飒飒东风细雨来_nano.jpg,nano,C,21091,"{""q1-2"": ""a"", ""q1-1"": ""C"", ""q2-1"": ""a"", ""q2-2"": ""a"", ""q2-3"": ""a"", ""q2-4"": ""a"", ""q2-5"": ""a"", ""q2-6"": ""a"", ""q2-7"": ""a"", ""q2-8"": ""a"", ""q2-9"": ""a"", ""q2-10"": ""a""}",13830,34921
204,2026-01-30T06:15:45.529405,铁树开花,41,女,高中,自夏口至鹦鹉洲夕望岳阳寄源中丞,/home/ubuntu/workspace/image_voting_system/all_images/自夏口至鹦鹉洲夕望岳阳寄源中丞_gpt.jpg,gpt,D,60344,"{""q1-2"": ""a"", ""q1-1"": ""D"", ""q2-1"": ""a"", ""q2-2"": ""a"", ""q2-3"": ""a"", ""q2-4"": ""a"", ""q2-5"": ""a"", ""q2-6"": ""a"", ""q2-7"": ""a"", ""q2-8"": ""a"", ""q2-9"": ""a"", ""q2-10"": ""a""}",29346,89690
205,2026-01-30T06:16:02.424519,度。,33,女,本科,春宫曲,/home/ubuntu/workspace/image_voting_system/all_images/春宫曲_gpt.jpg,gpt,C,21502,"{""q1-2"": ""a"", ""q1-1"": ""C"", ""q2-2"": ""b"", ""q2-3"": ""b"", ""q2-4"": ""b"", ""q2-5"": ""b"", ""q2-6"": ""b"", ""q2-7"": ""b"", ""q2-8"": ""b"", ""q2-9"": ""b"", ""q2-10"": ""b"", ""q2-1"": ""b""}",36240,57742
206,2026-01-30T06:17:48.364709,铁树开花,41,女,高中,夕次盱眙县,/home/ubuntu/workspace/image_voting_system/all_images/夕次盱眙县_gpt.jpg,gpt,A,98230,"{""q1-2"": ""a"", ""q1-1"": ""A"", ""q2-1"": ""a"", ""q2-2"": ""a"", ""q2-3"": ""a"", ""q2-4"": ""a"", ""q2-5"": ""a"", ""q2-6"": ""a"", ""q2-7"": ""a"", ""q2-8"": ""a"", ""q2-9"": ""a"", ""q2-10"": ""a""}",24605,122835
207,2026-01-30T06:19:30.784330,王蓉,36,女,本科,秋日赴阙题潼关驿楼,/home/ubuntu/workspace/image_voting_system/all_images/秋日赴阙题潼关驿楼_gpt.jpg,gpt,A,24624,"{""q1-2"": ""a"", ""q1-1"": ""A"", ""q2-1"": ""a"", ""q2-2"": ""a"", ""q2-3"": ""a"", ""q2-4"": ""a"", ""q2-5"": ""a"", ""q2-6"": ""a"", ""q2-7"": ""a"", ""q2-8"": ""a"", ""q2-9"": ""a"", ""q2-10"": ""a""}",22569,47193
208,2026-01-30T06:19:54.115740,露,33,女,大专,轮台歌奉送封大夫出师西征,/home/ubuntu/workspace/image_voting_system/all_images/轮台歌奉送封大夫出师西征_gpt.jpg,gpt,D,37709,"{""q1-2"": ""a"", ""q1-1"": ""C"", ""q2-1"": ""a"", ""q2-3"": ""b"", ""q2-4"": ""b"", ""q2-5"": ""a"", ""q2-6"": ""b"", ""q2-7"": ""a"", ""q2-8"": ""b"", ""q2-9"": ""a"", ""q2-10"": ""b"", ""q2-2"": ""a""}",115187,152896
209,2026-01-30T06:20:36.878029,zl_lmm,33,女,博士,巴山道中除夜书怀,/home/ubuntu/workspace/image_voting_system/all_images/巴山道中除夜书怀_gpt.jpg,gpt,A,421922,"{""q1-2"": ""a"", ""q1-1"": ""A"", ""q2-1"": ""a"", ""q2-2"": ""a"", ""q2-3"": ""a"", ""q2-4"": ""b"", ""q2-5"": ""b"", ""q2-6"": ""a"", ""q2-7"": ""a"", ""q2-8"": ""a"", ""q2-9"": ""a"", ""q2-10"": ""c""}",40567,462489
210,2026-01-30T06:20:55.438741,熊二,30,男,博士,巴山道中除夜书怀,/home/ubuntu/workspace/image_voting_system/all_images/巴山道中除夜书怀_seedream.jpg,seedream,D,65880,"{""q1-2"": ""b"", ""q1-1"": ""B"", ""q2-1"": ""a"", ""q2-2"": ""a"", ""q2-3"": ""a"", ""q2-4"": ""b"", ""q2-5"": ""a"", ""q2-6"": ""d"", ""q2-7"": ""d"", ""q2-8"": ""a"", ""q2-9"": ""a"", ""q2-10"": ""b""}",119054,184934
211,2026-01-30T06:22:16.340360,平冉,7,男,小学,贫女,/home/ubuntu/workspace/image_voting_system/all_images/贫女_mj.jpg,mj,D,57980,"{""q1-2"": ""b"", ""q1-1"": ""D"", ""q2-1"": ""a"", ""q2-2"": ""a"", ""q2-3"": ""a"", ""q2-4"": ""b"", ""q2-5"": ""a"", ""q2-6"": ""b"", ""q2-7"": ""a"", ""q2-8"": ""a"", ""q2-9"": ""a"", ""q2-10"": ""b""}",17394,75374
212,2026-01-30T06:23:05.269361,苏轼,29,女,硕士,黄鹤楼送孟浩然之广陵,/home/ubuntu/workspace/image_voting_system/all_images/黄鹤楼送孟浩然之广陵_mj.jpg,mj,A,19579,"{""q1-2"": ""c"", ""q1-1"": ""A"", ""q2-1"": ""a"", ""q2-2"": ""a"", ""q2-3"": ""a"", ""q2-4"": ""b"", ""q2-5"": ""a"", ""q2-6"": ""c"", ""q2-7"": ""a"", ""q2-8"": ""a"", ""q2-9"": ""b"", ""q2-10"": ""c""}",61125,80704
213,2026-01-30T06:23:22.107851,平冉,7,男,小学,塞下曲·月黑雁飞高,/home/ubuntu/workspace/image_voting_system/all_images/塞下曲·月黑雁飞高_seedream.jpg,seedream,C,48347,"{""q1-2"": ""a"", ""q1-1"": ""C"", ""q2-1"": ""a"", ""q2-2"": ""a"", ""q2-3"": ""a"", ""q2-4"": ""a"", ""q2-5"": ""a"", ""q2-6"": ""a"", ""q2-7"": ""a"", ""q2-8"": ""a"", ""q2-9"": ""a"", ""q2-10"": ""a""}",17420,65767
214,2026-01-30T06:24:06.738733,平冉,7,男,小学,咏怀古迹五首·其五,/home/ubuntu/workspace/image_voting_system/all_images/咏怀古迹五首·其五_nano.jpg,nano,C,31421,"{""q1-2"": ""a"", ""q1-1"": ""C"", ""q2-1"": ""a"", ""q2-2"": ""a"", ""q2-3"": ""a"", ""q2-4"": ""a"", ""q2-5"": ""a"", ""q2-6"": ""a"", ""q2-7"": ""a"", ""q2-8"": ""a"", ""q2-9"": ""a"", ""q2-10"": ""a""}",13210,44631
215,2026-01-30T06:24:11.048739,苏轼,29,女,硕士,巴山道中除夜书怀,/home/ubuntu/workspace/image_voting_system/all_images/巴山道中除夜书怀_gpt.jpg,gpt,A,31954,"{""q1-2"": ""a"", ""q1-1"": ""A"", ""q2-1"": ""a"", ""q2-2"": ""a"", ""q2-3"": ""a"", ""q2-4"": ""b"", ""q2-5"": ""a"", ""q2-6"": ""b"", ""q2-7"": ""a"", ""q2-8"": ""a"", ""q2-9"": ""b"", ""q2-10"": ""b""}",33825,65779
216,2026-01-30T06:25:15.520345,luke,33,女,高中,没蕃故人,/home/ubuntu/workspace/image_voting_system/all_images/没蕃故人_mj.jpg,mj,B,126052,"{""q1-2"": ""b"", ""q1-1"": ""B"", ""q2-1"": ""a"", ""q2-2"": ""b"", ""q2-3"": ""b"", ""q2-4"": ""b"", ""q2-5"": ""a"", ""q2-6"": ""b"", ""q2-7"": ""d"", ""q2-8"": ""a"", ""q2-9"": ""b"", ""q2-10"": ""b""}",131485,257537
217,2026-01-30T06:26:05.640572,露,33,女,大专,赠别二首·其二,/home/ubuntu/workspace/image_voting_system/all_images/赠别二首·其二_gpt.jpg,gpt,C,88206,"{""q1-2"": ""b"", ""q1-1"": ""C"", ""q2-1"": ""a"", ""q2-2"": ""a"", ""q2-3"": ""a"", ""q2-4"": ""a"", ""q2-5"": ""a"", ""q2-6"": ""a"", ""q2-7"": ""a"", ""q2-8"": ""a"", ""q2-9"": ""a"", ""q2-10"": ""a""}",16945,105151
218,2026-01-30T06:26:31.794112,luke,33,女,高中,月夜·更深月色半人家,/home/ubuntu/workspace/image_voting_system/all_images/月夜·更深月色半人家_gpt.jpg,gpt,C,49752,"{""q1-2"": ""b"", ""q1-1"": ""D"", ""q2-1"": ""a"", ""q2-2"": ""a"", ""q2-3"": ""a"", ""q2-4"": ""a"", ""q2-5"": ""a"", ""q2-6"": ""a"", ""q2-7"": ""a"", ""q2-8"": ""a"", ""q2-9"": ""a"", ""q2-10"": ""a""}",26521,76273
219,2026-01-30T06:26:32.376735,睿睿,30,男,本科,赠孟浩然,/home/ubuntu/workspace/image_voting_system/all_images/赠孟浩然_seedream.jpg,seedream,C,40570,"{""q1-2"": ""d"", ""q1-1"": ""D"", ""q2-1"": ""a"", ""q2-2"": ""a"", ""q2-3"": ""a"", ""q2-4"": ""c"", ""q2-5"": ""d"", ""q2-6"": ""c"", ""q2-7"": ""a"", ""q2-8"": ""a"", ""q2-9"": ""a"", ""q2-10"": ""c""}",49460,90030
220,2026-01-30T06:26:42.456382,露,33,女,大专,旅宿,/home/ubuntu/workspace/image_voting_system/all_images/旅宿_nano.jpg,nano,B,21616,"{""q1-2"": ""a"", ""q1-1"": ""C"", ""q2-1"": ""a"", ""q2-2"": ""a"", ""q2-3"": ""a"", ""q2-4"": ""a"", ""q2-5"": ""a"", ""q2-6"": ""a"", ""q2-7"": ""a"", ""q2-8"": ""a"", ""q2-9"": ""a"", ""q2-10"": ""a""}",15199,36815
221,2026-01-30T06:27:18.363187,平冉,7,男,小学,和张仆射塞下曲·其四,/home/ubuntu/workspace/image_voting_system/all_images/和张仆射塞下曲·其四_nano.jpg,nano,A,179650,"{""q1-2"": ""a"", ""q1-1"": ""A"", ""q2-1"": ""a"", ""q2-2"": ""a"", ""q2-3"": ""a"", ""q2-4"": ""a"", ""q2-5"": ""a"", ""q2-6"": ""a"", ""q2-7"": ""a"", ""q2-8"": ""a"", ""q2-9"": ""a"", ""q2-10"": ""a""}",11974,191624
222,2026-01-30T06:27:49.821528,睿睿,30,男,本科,丹青引赠曹将军霸,/home/ubuntu/workspace/image_voting_system/all_images/丹青引赠曹将军霸_gpt.jpg,gpt,C,32745,"{""q1-2"": ""b"", ""q1-1"": ""D"", ""q2-1"": ""a"", ""q2-2"": ""b"", ""q2-3"": ""b"", ""q2-4"": ""c"", ""q2-5"": ""b"", ""q2-6"": ""a"", ""q2-7"": ""a"", ""q2-8"": ""a"", ""q2-9"": ""b"", ""q2-10"": ""c""}",44700,77445
223,2026-01-30T06:27:50.065668,露,33,女,大专,九日登望仙台呈刘明府,/home/ubuntu/workspace/image_voting_system/all_images/九日登望仙台呈刘明府_nano.jpg,nano,A,50650,"{""q1-2"": ""a"", ""q1-1"": ""C"", ""q2-1"": ""b"", ""q2-3"": ""a"", ""q2-4"": ""b"", ""q2-2"": ""a"", ""q2-5"": ""a"", ""q2-6"": ""a"", ""q2-7"": ""a"", ""q2-8"": ""a"", ""q2-9"": ""a"", ""q2-10"": ""a""}",16960,67610
224,2026-01-30T06:28:10.897192,luke,33,女,高中,汉江临泛,/home/ubuntu/workspace/image_voting_system/all_images/汉江临泛_mj.jpg,mj,D,55072,"{""q1-2"": ""a"", ""q1-1"": ""C"", ""q2-1"": ""b"", ""q2-2"": ""a"", ""q2-3"": ""a"", ""q2-4"": ""a"", ""q2-5"": ""a"", ""q2-6"": ""a"", ""q2-7"": ""a"", ""q2-8"": ""a"", ""q2-9"": ""a"", ""q2-10"": ""a""}",44031,99103
225,2026-01-30T06:28:27.325578,露,33,女,大专,题金陵渡,/home/ubuntu/workspace/image_voting_system/all_images/题金陵渡_gpt.jpg,gpt,C,16286,"{""q1-2"": ""a"", ""q1-1"": ""C"", ""q2-1"": ""a"", ""q2-2"": ""a"", ""q2-3"": ""a"", ""q2-4"": ""a"", ""q2-5"": ""a"", ""q2-6"": ""a"", ""q2-7"": ""a"", ""q2-8"": ""a"", ""q2-9"": ""a"", ""q2-10"": ""a""}",20974,37260
226,2026-01-30T06:28:37.937643,睿睿,30,男,本科,送崔九,/home/ubuntu/workspace/image_voting_system/all_images/送崔九_gpt.jpg,gpt,A,27736,"{""q1-2"": ""b"", ""q1-1"": ""A"", ""q2-1"": ""a"", ""q2-2"": ""a"", ""q2-3"": ""a"", ""q2-4"": ""b"", ""q2-5"": ""b"", ""q2-6"": ""b"", ""q2-7"": ""a"", ""q2-8"": ""a"", ""q2-9"": ""a"", ""q2-10"": ""b""}",20380,48116
227,2026-01-30T06:29:00.381505,luke,33,女,高中,将赴吴兴登乐游原一绝,/home/ubuntu/workspace/image_voting_system/all_images/将赴吴兴登乐游原一绝_nano.jpg,nano,B,14339,"{""q1-2"": ""a"", ""q1-1"": ""A"", ""q2-1"": ""a"", ""q2-2"": ""a"", ""q2-3"": ""a"", ""q2-4"": ""a"", ""q2-5"": ""a"", ""q2-6"": ""a"", ""q2-7"": ""a"", ""q2-8"": ""a"", ""q2-9"": ""a"", ""q2-10"": ""a""}",35146,49485
228,2026-01-30T06:29:11.035786,平冉,7,男,小学,长沙过贾谊宅,/home/ubuntu/workspace/image_voting_system/all_images/长沙过贾谊宅_gpt.jpg,gpt,D,83475,"{""q1-2"": ""b"", ""q1-1"": ""B"", ""q2-1"": ""a"", ""q2-2"": ""a"", ""q2-3"": ""a"", ""q2-4"": ""b"", ""q2-5"": ""b"", ""q2-6"": ""b"", ""q2-7"": ""a"", ""q2-8"": ""a"", ""q2-9"": ""a"", ""q2-10"": ""b""}",29198,112673
229,2026-01-30T06:29:30.973611,睿睿,30,男,本科,鹿柴,/home/ubuntu/workspace/image_voting_system/all_images/鹿柴_nano.jpg,nano,C,29420,"{""q1-2"": ""b"", ""q1-1"": ""C"", ""q2-1"": ""a"", ""q2-2"": ""a"", ""q2-3"": ""a"", ""q2-4"": ""b"", ""q2-5"": ""b"", ""q2-6"": ""b"", ""q2-7"": ""a"", ""q2-8"": ""a"", ""q2-9"": ""a"", ""q2-10"": ""b""}",23616,53036
231,2026-01-30T06:29:40.956834,露,33,女,大专,赤壁,/home/ubuntu/workspace/image_voting_system/all_images/赤壁_mj.jpg,mj,C,15561,"{""q1-2"": ""a"", ""q1-1"": ""D"", ""q2-1"": ""a"", ""q2-2"": ""a"", ""q2-3"": ""a"", ""q2-4"": ""a"", ""q2-5"": ""a"", ""q2-6"": ""a"", ""q2-7"": ""a"", ""q2-8"": ""a"", ""q2-9"": ""a"", ""q2-10"": ""a""}",58070,73631
232,2026-01-30T06:29:43.695783,兔,51,男,本科,早发白帝城,/home/ubuntu/workspace/image_voting_system/all_images/早发白帝城_nano.jpg,nano,B,113513,"{""q1-2"": ""a"", ""q1-1"": ""B"", ""q2-1"": ""a"", ""q2-2"": ""a"", ""q2-3"": ""a"", ""q2-4"": ""a"", ""q2-5"": ""a"", ""q2-6"": ""a"", ""q2-7"": ""a"", ""q2-8"": ""a"", ""q2-9"": ""a"", ""q2-10"": ""a""}",118507,232020
233,2026-01-30T06:29:50.719222,小张,40,女,本科,寄左省杜拾遗,/home/ubuntu/workspace/image_voting_system/all_images/寄左省杜拾遗_gpt.jpg,gpt,B,107132,"{""q1-2"": ""b"", ""q1-1"": ""A"", ""q2-1"": ""a"", ""q2-2"": ""a"", ""q2-3"": ""a"", ""q2-4"": ""a"", ""q2-5"": ""a"", ""q2-6"": ""a"", ""q2-7"": ""a"", ""q2-8"": ""a"", ""q2-9"": ""a"", ""q2-10"": ""a""}",390132,497264
234,2026-01-30T06:29:55.509645,luke,33,女,高中,黄鹤楼送孟浩然之广陵,/home/ubuntu/workspace/image_voting_system/all_images/黄鹤楼送孟浩然之广陵_mj.jpg,mj,B,34343,"{""q1-2"": ""a"", ""q1-1"": ""B"", ""q2-1"": ""a"", ""q2-2"": ""a"", ""q2-3"": ""a"", ""q2-4"": ""a"", ""q2-5"": ""a"", ""q2-6"": ""a"", ""q2-7"": ""a"", ""q2-8"": ""a"", ""q2-9"": ""a"", ""q2-10"": ""a""}",20785,55128
235,2026-01-30T06:30:04.670954,zl_lmm,33,女,博士,寒食,/home/ubuntu/workspace/image_voting_system/all_images/寒食_nano.jpg,nano,C,330732,"{""q1-2"": ""a"", ""q1-1"": ""C"", ""q2-1"": ""a"", ""q2-2"": ""a"", ""q2-3"": ""a"", ""q2-4"": ""c"", ""q2-5"": ""b"", ""q2-6"": ""c"", ""q2-7"": ""a"", ""q2-8"": ""a"", ""q2-9"": ""a"", ""q2-10"": ""c""}",237061,567793
236,2026-01-30T06:30:17.559751,睿睿,30,男,本科,终南望余雪,/home/ubuntu/workspace/image_voting_system/all_images/终南望余雪_mj.jpg,mj,B,25412,"{""q1-2"": ""a"", ""q1-1"": ""B"", ""q2-1"": ""a"", ""q2-2"": ""b"", ""q2-3"": ""b"", ""q2-4"": ""a"", ""q2-5"": ""a"", ""q2-6"": ""a"", ""q2-7"": ""a"", ""q2-8"": ""a"", ""q2-9"": ""a"", ""q2-10"": ""b""}",21174,46586
237,2026-01-30T06:30:27.241457,小张,40,女,本科,春宫曲,/home/ubuntu/workspace/image_voting_system/all_images/春宫曲_seedream.jpg,seedream,D,14802,"{""q1-2"": ""a"", ""q1-1"": ""D"", ""q2-1"": ""a"", ""q2-2"": ""a"", ""q2-3"": ""a"", ""q2-4"": ""a"", ""q2-5"": ""a"", ""q2-6"": ""a"", ""q2-7"": ""a"", ""q2-8"": ""a"", ""q2-9"": ""a"", ""q2-10"": ""a""}",21720,36522
238,2026-01-30T06:30:38.057750,平冉,7,男,小学,过故人庄,/home/ubuntu/workspace/image_voting_system/all_images/过故人庄_nano.jpg,nano,D,42340,"{""q1-2"": ""a"", ""q1-1"": ""A"", ""q2-1"": ""a"", ""q2-2"": ""a"", ""q2-3"": ""a"", ""q2-4"": ""b"", ""q2-5"": ""a"", ""q2-6"": ""b"", ""q2-7"": ""a"", ""q2-8"": ""a"", ""q2-9"": ""a"", ""q2-10"": ""b""}",20982,63322
239,2026-01-30T06:31:06.585267,小张,40,女,本科,子夜吴歌·夏歌,/home/ubuntu/workspace/image_voting_system/all_images/子夜吴歌·夏歌_nano.jpg,nano,D,23388,"{""q1-2"": ""b"", ""q1-1"": ""D"", ""q2-1"": ""a"", ""q2-2"": ""a"", ""q2-3"": ""a"", ""q2-4"": ""a"", ""q2-5"": ""a"", ""q2-6"": ""a"", ""q2-7"": ""a"", ""q2-8"": ""a"", ""q2-9"": ""a"", ""q2-10"": ""a""}",15956,39344
240,2026-01-30T06:31:10.544384,睿睿,30,男,本科,感遇十二首·其一,/home/ubuntu/workspace/image_voting_system/all_images/感遇十二首·其一_seedream.jpg,seedream,D,33237,"{""q1-2"": ""d"", ""q1-1"": ""D"", ""q2-1"": ""a"", ""q2-2"": ""a"", ""q2-3"": ""a"", ""q2-4"": ""a"", ""q2-5"": ""a"", ""q2-6"": ""a"", ""q2-7"": ""a"", ""q2-8"": ""a"", ""q2-9"": ""a"", ""q2-10"": ""b""}",19748,52985
241,2026-01-30T06:31:28.621882,平冉,7,男,小学,送李少府贬峡中王少府贬长沙,/home/ubuntu/workspace/image_voting_system/all_images/送李少府贬峡中王少府贬长沙_nano.jpg,nano,C,38362,"{""q1-2"": ""b"", ""q1-1"": ""C"", ""q2-1"": ""a"", ""q2-2"": ""a"", ""q2-3"": ""a"", ""q2-4"": ""a"", ""q2-5"": ""a"", ""q2-6"": ""a"", ""q2-7"": ""a"", ""q2-8"": ""a"", ""q2-9"": ""a"", ""q2-10"": ""a""}",12202,50564
242,2026-01-30T06:31:31.385780,兔,51,男,本科,登高,/home/ubuntu/workspace/image_voting_system/all_images/登高_gpt.jpg,gpt,B,57943,"{""q1-2"": ""a"", ""q1-1"": ""B"", ""q2-1"": ""a"", ""q2-2"": ""a"", ""q2-3"": ""a"", ""q2-4"": ""a"", ""q2-5"": ""a"", ""q2-6"": ""a"", ""q2-7"": ""a"", ""q2-8"": ""a"", ""q2-9"": ""a"", ""q2-10"": ""a""}",49747,107690
243,2026-01-30T06:31:45.657690,露,33,女,大专,回乡偶书,/home/ubuntu/workspace/image_voting_system/all_images/回乡偶书_mj.jpg,mj,A,112494,"{""q1-2"": ""a"", ""q1-1"": ""A"", ""q2-1"": ""a"", ""q2-2"": ""a"", ""q2-3"": ""a"", ""q2-4"": ""a"", ""q2-5"": ""a"", ""q2-6"": ""a"", ""q2-7"": ""a"", ""q2-8"": ""a"", ""q2-9"": ""a"", ""q2-10"": ""a""}",12207,124701
245,2026-01-30T06:32:00.251950,睿睿,30,男,本科,望月有感,/home/ubuntu/workspace/image_voting_system/all_images/望月有感_seedream.jpg,seedream,D,26388,"{""q1-2"": ""b"", ""q1-1"": ""D"", ""q2-1"": ""a"", ""q2-2"": ""a"", ""q2-3"": ""b"", ""q2-4"": ""a"", ""q2-5"": ""a"", ""q2-6"": ""a"", ""q2-7"": ""a"", ""q2-8"": ""a"", ""q2-9"": ""a"", ""q2-10"": ""b""}",23319,49707
246,2026-01-30T06:32:04.927650,小张,40,女,本科,望洞庭湖赠张丞相,/home/ubuntu/workspace/image_voting_system/all_images/望洞庭湖赠张丞相_gpt.jpg,gpt,A,25342,"{""q1-2"": ""b"", ""q1-1"": ""D"", ""q2-1"": ""a"", ""q2-2"": ""b"", ""q2-3"": ""b"", ""q2-4"": ""b"", ""q2-5"": ""b"", ""q2-6"": ""b"", ""q2-7"": ""a"", ""q2-8"": ""a"", ""q2-9"": ""a"", ""q2-10"": ""a""}",33000,58342
247,2026-01-30T06:32:27.178024,露,33,女,大专,凉思,/home/ubuntu/workspace/image_voting_system/all_images/凉思_seedream.jpg,seedream,B,11309,"{""q1-2"": ""a"", ""q1-1"": ""B"", ""q2-1"": ""a"", ""q2-2"": ""a"", ""q2-3"": ""a"", ""q2-4"": ""a"", ""q2-5"": ""a"", ""q2-6"": ""a"", ""q2-7"": ""a"", ""q2-8"": ""a"", ""q2-9"": ""a"", ""q2-10"": ""a""}",30211,41520
248,2026-01-30T06:32:28.848922,平冉,7,男,小学,登楼,/home/ubuntu/workspace/image_voting_system/all_images/登楼_seedream.jpg,seedream,B,23621,"{""q1-2"": ""a"", ""q1-1"": ""B"", ""q2-1"": ""a"", ""q2-2"": ""a"", ""q2-3"": ""a"", ""q2-4"": ""a"", ""q2-5"": ""a"", ""q2-6"": ""a"", ""q2-7"": ""a"", ""q2-8"": ""a"", ""q2-9"": ""a"", ""q2-10"": ""a""}",10185,33806
249,2026-01-30T06:32:52.709339,小张,40,女,本科,征怨,/home/ubuntu/workspace/image_voting_system/all_images/征怨_gpt.jpg,gpt,D,26728,"{""q1-2"": ""a"", ""q1-1"": ""B"", ""q2-1"": ""a"", ""q2-2"": ""a"", ""q2-3"": ""a"", ""q2-4"": ""a"", ""q2-5"": ""a"", ""q2-6"": ""b"", ""q2-7"": ""a"", ""q2-8"": ""a"", ""q2-9"": ""a"", ""q2-10"": ""a""}",21054,47782
250,2026-01-30T06:33:01.188323,露,33,女,大专,闺怨,/home/ubuntu/workspace/image_voting_system/all_images/闺怨_mj.jpg,mj,A,21195,"{""q1-2"": ""a"", ""q1-1"": ""A"", ""q2-1"": ""a"", ""q2-2"": ""a"", ""q2-3"": ""a"", ""q2-4"": ""a"", ""q2-5"": ""a"", ""q2-6"": ""a"", ""q2-7"": ""a"", ""q2-8"": ""a"", ""q2-9"": ""a"", ""q2-10"": ""a""}",12816,34011
251,2026-01-30T06:33:10.692912,平冉,7,男,小学,和晋陵陆丞早春游望,/home/ubuntu/workspace/image_voting_system/all_images/和晋陵陆丞早春游望_gpt.jpg,gpt,C,31655,"{""q1-2"": ""a"", ""q1-1"": ""C"", ""q2-1"": ""a"", ""q2-2"": ""a"", ""q2-3"": ""a"", ""q2-4"": ""a"", ""q2-5"": ""a"", ""q2-6"": ""a"", ""q2-7"": ""a"", ""q2-8"": ""a"", ""q2-9"": ""a"", ""q2-10"": ""a""}",10189,41844
252,2026-01-30T06:33:17.236620,Luke s,32,女,高中,赋得古原草送别,/home/ubuntu/workspace/image_voting_system/all_images/赋得古原草送别_nano.jpg,nano,D,42751,"{""q1-2"": ""a"", ""q1-1"": ""B"", ""q2-1"": ""a"", ""q2-2"": ""a"", ""q2-3"": ""a"", ""q2-4"": ""a"", ""q2-5"": ""a"", ""q2-6"": ""a"", ""q2-7"": ""a"", ""q2-8"": ""a"", ""q2-9"": ""a"", ""q2-10"": ""a""}",23410,66161
253,2026-01-30T06:33:50.700503,Luke s,32,女,高中,溪居,/home/ubuntu/workspace/image_voting_system/all_images/溪居_gpt.jpg,gpt,D,10909,"{""q1-2"": ""a"", ""q1-1"": ""A"", ""q2-1"": ""a"", ""q2-2"": ""a"", ""q2-3"": ""a"", ""q2-4"": ""a"", ""q2-5"": ""a"", ""q2-6"": ""a"", ""q2-7"": ""a"", ""q2-8"": ""a"", ""q2-9"": ""a"", ""q2-10"": ""a""}",22555,33464
254,2026-01-30T06:33:59.604436,睿睿,30,男,本科,送杜少府之任蜀州,/home/ubuntu/workspace/image_voting_system/all_images/送杜少府之任蜀州_mj.jpg,mj,C,44838,"{""q1-2"": ""d"", ""q1-1"": ""C"", ""q2-1"": ""a"", ""q2-3"": ""b"", ""q2-4"": ""c"", ""q2-5"": ""b"", ""q2-6"": ""d"", ""q2-7"": ""b"", ""q2-8"": ""b"", ""q2-9"": ""b"", ""q2-10"": ""c"", ""q2-2"": ""b""}",74515,119353
255,2026-01-30T06:34:03.617930,兔,51,男,本科,和晋陵陆丞早春游望,/home/ubuntu/workspace/image_voting_system/all_images/和晋陵陆丞早春游望_mj.jpg,mj,A,56407,"{""q1-2"": ""a"", ""q1-1"": ""A"", ""q2-1"": ""a"", ""q2-2"": ""a"", ""q2-3"": ""a"", ""q2-4"": ""a"", ""q2-5"": ""a"", ""q2-6"": ""a"", ""q2-7"": ""a"", ""q2-8"": ""a"", ""q2-9"": ""a"", ""q2-10"": ""a""}",35075,91482
257,2026-01-30T06:34:30.857454,睿睿,30,男,本科,终南山,/home/ubuntu/workspace/image_voting_system/all_images/终南山_gpt.jpg,gpt,B,13929,"{""q1-2"": ""c"", ""q1-1"": ""B"", ""q2-1"": ""a"", ""q2-2"": ""a"", ""q2-3"": ""a"", ""q2-4"": ""b"", ""q2-5"": ""a"", ""q2-6"": ""a"", ""q2-7"": ""a"", ""q2-8"": ""a"", ""q2-9"": ""a"", ""q2-10"": ""b""}",17324,31253
260,2026-01-30T06:36:44.719578,Luke s,32,女,高中,别房太尉墓,/home/ubuntu/workspace/image_voting_system/all_images/别房太尉墓_mj.jpg,mj,A,21761,"{""q1-2"": ""a"", ""q1-1"": ""A"", ""q2-1"": ""b"", ""q2-2"": ""b"", ""q2-3"": ""b"", ""q2-5"": ""b"", ""q2-6"": ""d"", ""q2-7"": ""b"", ""q2-8"": ""b"", ""q2-9"": ""b"", ""q2-10"": ""b"", ""q2-4"": ""b""}",72046,93807
261,2026-01-30T06:36:49.135766,兔,51,男,本科,长恨歌,/home/ubuntu/workspace/image_voting_system/all_images/长恨歌_seedream.jpg,seedream,A,131041,"{""q1-2"": ""a"", ""q1-1"": ""A"", ""q2-1"": ""a"", ""q2-2"": ""a"", ""q2-3"": ""a"", ""q2-4"": ""a"", ""q2-5"": ""a"", ""q2-6"": ""a"", ""q2-7"": ""a"", ""q2-8"": ""a"", ""q2-9"": ""a"", ""q2-10"": ""a""}",34477,165518
262,2026-01-30T06:37:25.325223,Luke s,32,女,高中,早发白帝城,/home/ubuntu/workspace/image_voting_system/all_images/早发白帝城_nano.jpg,nano,D,14266,"{""q1-2"": ""a"", ""q1-1"": ""D"", ""q2-1"": ""a"", ""q2-2"": ""a"", ""q2-3"": ""a"", ""q2-4"": ""a"", ""q2-5"": ""a"", ""q2-6"": ""a"", ""q2-7"": ""a"", ""q2-8"": ""a"", ""q2-9"": ""a"", ""q2-10"": ""b""}",26339,40605
263,2026-01-30T06:38:26.280691,兔,51,男,本科,夜雨寄北,/home/ubuntu/workspace/image_voting_system/all_images/夜雨寄北_gpt.jpg,gpt,C,56513,"{""q1-2"": ""a"", ""q1-1"": ""C"", ""q2-1"": ""a"", ""q2-2"": ""a"", ""q2-3"": ""a"", ""q2-4"": ""a"", ""q2-5"": ""a"", ""q2-6"": ""a"", ""q2-7"": ""a"", ""q2-8"": ""a"", ""q2-9"": ""a"", ""q2-10"": ""a""}",40632,97145
264,2026-01-30T06:38:33.243885,Luke s,32,女,高中,寄韩谏议注,/home/ubuntu/workspace/image_voting_system/all_images/寄韩谏议注_mj.jpg,mj,D,34360,"{""q1-2"": ""a"", ""q1-1"": ""D"", ""q2-1"": ""a"", ""q2-2"": ""b"", ""q2-3"": ""a"", ""q2-4"": ""a"", ""q2-5"": ""a"", ""q2-6"": ""b"", ""q2-7"": ""a"", ""q2-8"": ""a"", ""q2-9"": ""b"", ""q2-10"": ""c""}",33559,67919
265,2026-01-30T06:39:57.433827,zl_lmm,33,女,博士,奉和中书舍人贾至早朝大明宫,/home/ubuntu/workspace/image_voting_system/all_images/奉和中书舍人贾至早朝大明宫_mj.jpg,mj,A,402150,"{""q1-2"": ""d"", ""q1-1"": ""A"", ""q2-1"": ""a"", ""q2-2"": ""a"", ""q2-3"": ""c"", ""q2-4"": ""c"", ""q2-5"": ""d"", ""q2-6"": ""e"", ""q2-7"": ""b"", ""q2-8"": ""d"", ""q2-9"": ""b"", ""q2-10"": ""d""}",190613,592763
266,2026-01-30T06:43:01.533946,Luke s,32,女,高中,送方外上人,/home/ubuntu/workspace/image_voting_system/all_images/送方外上人_mj.jpg,mj,D,18708,"{""q1-2"": ""a"", ""q1-1"": ""D"", ""q2-2"": ""b"", ""q2-3"": ""b"", ""q2-4"": ""b"", ""q2-5"": ""b"", ""q2-6"": ""b"", ""q2-7"": ""d"", ""q2-8"": ""b"", ""q2-9"": ""b"", ""q2-10"": ""c"", ""q2-1"": ""a""}",249582,268290
267,2026-01-30T06:43:44.484743,Luke s,32,女,高中,行路难·其三,/home/ubuntu/workspace/image_voting_system/all_images/行路难·其三_mj.jpg,mj,C,25881,"{""q1-2"": ""a"", ""q1-1"": ""C"", ""q2-1"": ""a"", ""q2-2"": ""a"", ""q2-3"": ""a"", ""q2-4"": ""a"", ""q2-5"": ""a"", ""q2-6"": ""a"", ""q2-7"": ""a"", ""q2-8"": ""a"", ""q2-9"": ""a"", ""q2-10"": ""b""}",17070,42951
268,2026-01-30T06:44:13.280946,兔,51,男,本科,哀王孙,/home/ubuntu/workspace/image_voting_system/all_images/哀王孙_nano.jpg,nano,C,270803,"{""q1-2"": ""a"", ""q1-1"": ""B"", ""q2-1"": ""a"", ""q2-2"": ""a"", ""q2-3"": ""a"", ""q2-4"": ""a"", ""q2-5"": ""a"", ""q2-6"": ""a"", ""q2-7"": ""a"", ""q2-8"": ""a"", ""q2-9"": ""a"", ""q2-10"": ""a""}",76197,347000
269,2026-01-30T06:45:16.846005,zl_lmm,33,女,博士,清平调·其三,/home/ubuntu/workspace/image_voting_system/all_images/清平调·其三_seedream.jpg,seedream,D,191199,"{""q1-2"": ""e"", ""q1-1"": ""D"", ""q2-1"": ""a"", ""q2-2"": ""a"", ""q2-3"": ""a"", ""q2-4"": ""b"", ""q2-5"": ""a"", ""q2-6"": ""a"", ""q2-7"": ""a"", ""q2-8"": ""a"", ""q2-9"": ""a"", ""q2-10"": ""b""}",128213,319412
270,2026-01-30T06:45:38.558725,whu,31,男,硕士,宿业师山房期丁大不至,/home/ubuntu/workspace/image_voting_system/all_images/宿业师山房期丁大不至_seedream.jpg,seedream,A,83051,"{""q1-2"": ""e"", ""q1-1"": ""A"", ""q2-1"": ""a"", ""q2-2"": ""a"", ""q2-3"": ""a"", ""q2-4"": ""a"", ""q2-5"": ""b"", ""q2-6"": ""b"", ""q2-7"": ""a"", ""q2-8"": ""a"", ""q2-9"": ""a"", ""q2-10"": ""b""}",78862,161913
271,2026-01-30T06:46:17.668325,兔,51,男,本科,蜀先主庙,/home/ubuntu/workspace/image_voting_system/all_images/蜀先主庙_mj.jpg,mj,C,40135,"{""q1-2"": ""a"", ""q1-1"": ""D"", ""q2-1"": ""a"", ""q2-2"": ""a"", ""q2-3"": ""a"", ""q2-4"": ""a"", ""q2-5"": ""a"", ""q2-6"": ""a"", ""q2-7"": ""a"", ""q2-8"": ""a"", ""q2-9"": ""a"", ""q2-10"": ""a""}",84252,124387
272,2026-01-30T06:47:50.432933,兔,51,男,本科,洛阳女儿行,/home/ubuntu/workspace/image_voting_system/all_images/洛阳女儿行_gpt.jpg,gpt,D,71395,"{""q1-2"": ""a"", ""q1-1"": ""D"", ""q2-1"": ""a"", ""q2-2"": ""a"", ""q2-3"": ""a"", ""q2-4"": ""a"", ""q2-5"": ""a"", ""q2-6"": ""a"", ""q2-7"": ""a"", ""q2-8"": ""a"", ""q2-9"": ""a"", ""q2-10"": ""a""}",21370,92765
273,2026-01-30T06:48:07.926064,谢道韫,28,女,硕士,经邹鲁祭孔子而叹之,/home/ubuntu/workspace/image_voting_system/all_images/经邹鲁祭孔子而叹之_nano.jpg,nano,A,81834,"{""q1-2"": ""a"", ""q1-1"": ""A"", ""q2-1"": ""a"", ""q2-2"": ""a"", ""q2-3"": ""b"", ""q2-4"": ""b"", ""q2-5"": ""b"", ""q2-6"": ""b"", ""q2-7"": ""a"", ""q2-8"": ""a"", ""q2-9"": ""a"", ""q2-10"": ""b""}",131834,213668
274,2026-01-30T06:48:58.785429,兔,51,男,本科,筹笔驿,/home/ubuntu/workspace/image_voting_system/all_images/筹笔驿_mj.jpg,mj,D,33958,"{""q1-2"": ""a"", ""q1-1"": ""A"", ""q2-1"": ""a"", ""q2-2"": ""a"", ""q2-3"": ""a"", ""q2-4"": ""a"", ""q2-5"": ""a"", ""q2-6"": ""a"", ""q2-7"": ""a"", ""q2-8"": ""a"", ""q2-9"": ""a"", ""q2-10"": ""a""}",34395,68353
275,2026-01-30T06:50:31.918681,zl_lmm,33,女,博士,黄鹤楼,/home/ubuntu/workspace/image_voting_system/all_images/黄鹤楼_gpt.jpg,gpt,D,167009,"{""q1-2"": ""c"", ""q1-1"": ""B"", ""q2-1"": ""a"", ""q2-2"": ""a"", ""q2-3"": ""b"", ""q2-4"": ""c"", ""q2-5"": ""b"", ""q2-6"": ""d"", ""q2-7"": ""a"", ""q2-8"": ""a"", ""q2-9"": ""a"", ""q2-10"": ""d""}",148064,315073
276,2026-01-30T06:50:44.217548,兔,51,男,本科,行路难·其二,/home/ubuntu/workspace/image_voting_system/all_images/行路难·其二_nano.jpg,nano,B,47802,"{""q1-2"": ""a"", ""q1-1"": ""B"", ""q2-1"": ""a"", ""q2-2"": ""a"", ""q2-3"": ""a"", ""q2-4"": ""a"", ""q2-5"": ""a"", ""q2-6"": ""a"", ""q2-7"": ""a"", ""q2-8"": ""a"", ""q2-9"": ""a"", ""q2-10"": ""a""}",57630,105432
277,2026-01-30T06:51:47.948490,兔,51,男,本科,咏怀古迹五首·其五,/home/ubuntu/workspace/image_voting_system/all_images/咏怀古迹五首·其五_nano.jpg,nano,B,30993,"{""q1-2"": ""a"", ""q1-1"": ""B"", ""q2-1"": ""a"", ""q2-2"": ""a"", ""q2-3"": ""a"", ""q2-4"": ""a"", ""q2-5"": ""a"", ""q2-6"": ""a"", ""q2-7"": ""a"", ""q2-8"": ""a"", ""q2-9"": ""a"", ""q2-10"": ""a""}",23288,54281
278,2026-01-30T06:52:47.847483,兔,51,男,本科,桃花溪,/home/ubuntu/workspace/image_voting_system/all_images/桃花溪_nano.jpg,nano,B,42022,"{""q1-2"": ""a"", ""q1-1"": ""B"", ""q2-1"": ""a"", ""q2-2"": ""a"", ""q2-3"": ""a"", ""q2-4"": ""a"", ""q2-5"": ""a"", ""q2-6"": ""a"", ""q2-7"": ""a"", ""q2-8"": ""a"", ""q2-9"": ""a"", ""q2-10"": ""a""}",17877,59899
279,2026-01-30T06:53:08.544150,小心意,34,女,大专,贫女,/home/ubuntu/workspace/image_voting_system/all_images/贫女_gpt.jpg,gpt,A,91855,"{""q1-2"": ""b"", ""q1-1"": ""A"", ""q2-1"": ""a"", ""q2-2"": ""a"", ""q2-3"": ""a"", ""q2-4"": ""a"", ""q2-5"": ""a"", ""q2-6"": ""a"", ""q2-7"": ""a"", ""q2-8"": ""a"", ""q2-9"": ""a"", ""q2-10"": ""b""}",108034,199889
280,2026-01-30T06:53:30.626315,兔,51,男,本科,新嫁娘词,/home/ubuntu/workspace/image_voting_system/all_images/新嫁娘词_mj.jpg,mj,D,23592,"{""q1-2"": ""a"", ""q1-1"": ""D"", ""q2-1"": ""a"", ""q2-2"": ""a"", ""q2-3"": ""a"", ""q2-4"": ""a"", ""q2-5"": ""a"", ""q2-6"": ""a"", ""q2-7"": ""a"", ""q2-8"": ""a"", ""q2-9"": ""a"", ""q2-10"": ""a""}",19187,42779
281,2026-01-30T06:54:21.395604,兔,51,男,本科,渭川田家,/home/ubuntu/workspace/image_voting_system/all_images/渭川田家_seedream.jpg,seedream,D,32838,"{""q1-2"": ""a"", ""q1-1"": ""D"", ""q2-1"": ""a"", ""q2-2"": ""a"", ""q2-3"": ""a"", ""q2-4"": ""a"", ""q2-5"": ""a"", ""q2-6"": ""a"", ""q2-7"": ""a"", ""q2-8"": ""a"", ""q2-9"": ""a"", ""q2-10"": ""a""}",17931,50769
282,2026-01-30T06:55:06.716692,兔,51,男,本科,秋日赴阙题潼关驿楼,/home/ubuntu/workspace/image_voting_system/all_images/秋日赴阙题潼关驿楼_gpt.jpg,gpt,A,24681,"{""q1-2"": ""a"", ""q1-1"": ""A"", ""q2-1"": ""a"", ""q2-2"": ""a"", ""q2-3"": ""a"", ""q2-4"": ""a"", ""q2-5"": ""a"", ""q2-6"": ""a"", ""q2-7"": ""a"", ""q2-8"": ""a"", ""q2-9"": ""a"", ""q2-10"": ""a""}",20640,45321
283,2026-01-30T06:56:49.449401,小心意,34,女,大专,渡荆门送别,/home/ubuntu/workspace/image_voting_system/all_images/渡荆门送别_gpt.jpg,gpt,B,193266,"{""q1-2"": ""a"", ""q1-1"": ""B"", ""q2-1"": ""a"", ""q2-2"": ""a"", ""q2-3"": ""a"", ""q2-4"": ""a"", ""q2-5"": ""a"", ""q2-6"": ""a"", ""q2-7"": ""a"", ""q2-8"": ""a"", ""q2-9"": ""a"", ""q2-10"": ""a""}",27640,220906
284,2026-01-30T06:56:50.782703,zl_zcy,35,男,博士,清明日宴梅道士房,/home/ubuntu/workspace/image_voting_system/all_images/清明日宴梅道士房_seedream.jpg,seedream,A,34661,"{""q1-2"": ""b"", ""q1-1"": ""A"", ""q2-1"": ""a"", ""q2-2"": ""a"", ""q2-3"": ""a"", ""q2-4"": ""b"", ""q2-5"": ""a"", ""q2-6"": ""a"", ""q2-7"": ""a"", ""q2-8"": ""a"", ""q2-9"": ""a"", ""q2-10"": ""b""}",23054,57715
285,2026-01-30T06:56:55.013655,铁树开花,41,女,高中,塞下曲·饮马渡秋水,/home/ubuntu/workspace/image_voting_system/all_images/塞下曲·饮马渡秋水_mj.jpg,mj,D,2209044,"{""q1-2"": ""a"", ""q1-1"": ""A"", ""q2-1"": ""a"", ""q2-2"": ""a"", ""q2-3"": ""a"", ""q2-4"": ""b"", ""q2-5"": ""b"", ""q2-6"": ""b"", ""q2-7"": ""a"", ""q2-8"": ""b"", ""q2-9"": ""a"", ""q2-10"": ""b""}",137605,2346649
286,2026-01-30T06:57:32.314670,zl_zcy,35,男,博士,塞下曲·月黑雁飞高,/home/ubuntu/workspace/image_voting_system/all_images/塞下曲·月黑雁飞高_gpt.jpg,gpt,B,20153,"{""q1-2"": ""b"", ""q1-1"": ""B"", ""q2-1"": ""a"", ""q2-2"": ""b"", ""q2-3"": ""a"", ""q2-4"": ""a"", ""q2-5"": ""a"", ""q2-6"": ""a"", ""q2-7"": ""a"", ""q2-8"": ""a"", ""q2-9"": ""a"", ""q2-10"": ""a""}",21379,41532
287,2026-01-30T06:57:51.851503,小心意,34,女,大专,无题·凤尾香罗薄几重,/home/ubuntu/workspace/image_voting_system/all_images/无题·凤尾香罗薄几重_nano.jpg,nano,B,42951,"{""q1-2"": ""a"", ""q1-1"": ""B"", ""q2-1"": ""a"", ""q2-2"": ""a"", ""q2-3"": ""a"", ""q2-4"": ""a"", ""q2-5"": ""a"", ""q2-6"": ""a"", ""q2-7"": ""a"", ""q2-8"": ""a"", ""q2-9"": ""a"", ""q2-10"": ""a""}",19451,62402
288,2026-01-30T06:58:26.590413,zl_zcy,35,男,博士,无题二首·其一,/home/ubuntu/workspace/image_voting_system/all_images/无题二首·其一_gpt.jpg,gpt,D,35427,"{""q1-2"": ""b"", ""q1-1"": ""B"", ""q2-1"": ""a"", ""q2-2"": ""a"", ""q2-3"": ""a"", ""q2-4"": ""c"", ""q2-5"": ""b"", ""q2-6"": ""a"", ""q2-7"": ""a"", ""q2-8"": ""a"", ""q2-9"": ""a"", ""q2-10"": ""b""}",18849,54276
289,2026-01-30T06:58:58.034978,彬爷,29,男,硕士,夕次盱眙县,/home/ubuntu/workspace/image_voting_system/all_images/夕次盱眙县_seedream.jpg,seedream,D,509274,"{""q1-2"": ""b"", ""q1-1"": ""A"", ""q2-1"": ""a"", ""q2-2"": ""a"", ""q2-3"": ""a"", ""q2-4"": ""b"", ""q2-5"": ""a"", ""q2-6"": ""a"", ""q2-7"": ""a"", ""q2-8"": ""a"", ""q2-9"": ""a"", ""q2-10"": ""b""}",112364,621638
290,2026-01-30T06:59:05.143762,zl_zcy,35,男,博士,经邹鲁祭孔子而叹之,/home/ubuntu/workspace/image_voting_system/all_images/经邹鲁祭孔子而叹之_nano.jpg,nano,B,19382,"{""q1-2"": ""b"", ""q1-1"": ""B"", ""q2-1"": ""a"", ""q2-2"": ""a"", ""q2-3"": ""a"", ""q2-4"": ""b"", ""q2-5"": ""a"", ""q2-6"": ""b"", ""q2-7"": ""b"", ""q2-8"": ""a"", ""q2-9"": ""a"", ""q2-10"": ""b""}",19171,38553
291,2026-01-30T06:59:10.000951,铁树开花,41,女,高中,春晓,/home/ubuntu/workspace/image_voting_system/all_images/春晓_nano.jpg,nano,C,93052,"{""q1-2"": ""a"", ""q1-1"": ""D"", ""q2-1"": ""a"", ""q2-2"": ""a"", ""q2-3"": ""a"", ""q2-4"": ""b"", ""q2-5"": ""a"", ""q2-6"": ""a"", ""q2-7"": ""a"", ""q2-8"": ""a"", ""q2-9"": ""a"", ""q2-10"": ""a""}",41935,134987
293,2026-01-30T07:00:12.666957,zl_zcy,35,男,博士,古从军行,/home/ubuntu/workspace/image_voting_system/all_images/古从军行_mj.jpg,mj,C,19109,"{""q1-2"": ""b"", ""q1-1"": ""C"", ""q2-2"": ""a"", ""q2-1"": ""a"", ""q2-3"": ""a"", ""q2-4"": ""b"", ""q2-5"": ""a"", ""q2-6"": ""b"", ""q2-7"": ""a"", ""q2-8"": ""a"", ""q2-9"": ""a"", ""q2-10"": ""b""}",18220,37329
294,2026-01-30T07:00:14.204582,zl_nyt,32,女,硕士,宿桐庐江寄广陵旧游,/home/ubuntu/workspace/image_voting_system/all_images/宿桐庐江寄广陵旧游_gpt.jpg,gpt,D,19875,"{""q1-2"": ""b"", ""q1-1"": ""B"", ""q2-1"": ""a"", ""q2-2"": ""c"", ""q2-3"": ""b"", ""q2-5"": ""b"", ""q2-6"": ""b"", ""q2-7"": ""c"", ""q2-8"": ""c"", ""q2-9"": ""b"", ""q2-10"": ""a"", ""q2-4"": ""b""}",52925,72800
295,2026-01-30T07:00:35.585259,铁树开花,41,女,高中,集灵台·其二,/home/ubuntu/workspace/image_voting_system/all_images/集灵台·其二_nano.jpg,nano,A,57365,"{""q1-2"": ""a"", ""q1-1"": ""A"", ""q2-1"": ""a"", ""q2-2"": ""a"", ""q2-3"": ""a"", ""q2-4"": ""a"", ""q2-5"": ""a"", ""q2-6"": ""a"", ""q2-7"": ""a"", ""q2-8"": ""a"", ""q2-9"": ""a"", ""q2-10"": ""a""}",28220,85585
296,2026-01-30T07:00:54.042942,zl_nyt,32,女,硕士,酬张少府,/home/ubuntu/workspace/image_voting_system/all_images/酬张少府_gpt.jpg,gpt,A,20929,"{""q1-2"": ""b"", ""q1-1"": ""A"", ""q2-1"": ""b"", ""q2-2"": ""c"", ""q2-3"": ""c"", ""q2-4"": ""b"", ""q2-5"": ""a"", ""q2-6"": ""a"", ""q2-7"": ""a"", ""q2-8"": ""a"", ""q2-9"": ""a"", ""q2-10"": ""a""}",18909,39838
297,2026-01-30T07:01:06.741884,zl_zcy,35,男,博士,过香积寺,/home/ubuntu/workspace/image_voting_system/all_images/过香积寺_mj.jpg,mj,D,29832,"{""q1-2"": ""d"", ""q1-1"": ""B"", ""q2-1"": ""a"", ""q2-2"": ""a"", ""q2-3"": ""a"", ""q2-4"": ""c"", ""q2-5"": ""b"", ""q2-6"": ""d"", ""q2-7"": ""d"", ""q2-8"": ""a"", ""q2-9"": ""a"", ""q2-10"": ""c""}",24243,54075
298,2026-01-30T07:01:30.209307,zl_nyt,32,女,硕士,陇西行四首·其二,/home/ubuntu/workspace/image_voting_system/all_images/陇西行四首·其二_gpt.jpg,gpt,B,14915,"{""q1-2"": ""a"", ""q1-1"": ""C"", ""q2-1"": ""b"", ""q2-2"": ""a"", ""q2-3"": ""a"", ""q2-4"": ""a"", ""q2-5"": ""a"", ""q2-6"": ""a"", ""q2-7"": ""a"", ""q2-8"": ""b"", ""q2-9"": ""b"", ""q2-10"": ""b""}",21252,36167
299,2026-01-30T07:01:41.691286,小心意,34,女,大专,夕次盱眙县,/home/ubuntu/workspace/image_voting_system/all_images/夕次盱眙县_mj.jpg,mj,C,47319,"{""q1-2"": ""a"", ""q1-1"": ""A"", ""q2-1"": ""a"", ""q2-2"": ""a"", ""q2-3"": ""a"", ""q2-4"": ""a"", ""q2-5"": ""a"", ""q2-6"": ""a"", ""q2-7"": ""a"", ""q2-8"": ""a"", ""q2-9"": ""a"", ""q2-10"": ""b""}",182520,229839
300,2026-01-30T07:01:50.735825,铁树开花,41,女,高中,将赴吴兴登乐游原一绝,/home/ubuntu/workspace/image_voting_system/all_images/将赴吴兴登乐游原一绝_gpt.jpg,gpt,D,55920,"{""q1-2"": ""a"", ""q1-1"": ""D"", ""q2-1"": ""a"", ""q2-2"": ""a"", ""q2-3"": ""a"", ""q2-4"": ""a"", ""q2-5"": ""a"", ""q2-6"": ""a"", ""q2-7"": ""a"", ""q2-8"": ""a"", ""q2-9"": ""a"", ""q2-10"": ""a""}",19230,75150
301,2026-01-30T07:02:04.410947,zl_zcy,35,男,博士,枫桥夜泊,/home/ubuntu/workspace/image_voting_system/all_images/枫桥夜泊_mj.jpg,mj,A,20886,"{""q1-2"": ""d"", ""q1-1"": ""D"", ""q2-1"": ""a"", ""q2-2"": ""b"", ""q2-3"": ""c"", ""q2-4"": ""c"", ""q2-5"": ""b"", ""q2-6"": ""d"", ""q2-7"": ""b"", ""q2-8"": ""a"", ""q2-9"": ""a"", ""q2-10"": ""c""}",36783,57669
302,2026-01-30T07:02:16.211367,小心意,34,女,大专,枫桥夜泊,/home/ubuntu/workspace/image_voting_system/all_images/枫桥夜泊_gpt.jpg,gpt,A,18436,"{""q1-2"": ""a"", ""q1-1"": ""A"", ""q2-1"": ""a"", ""q2-2"": ""a"", ""q2-3"": ""a"", ""q2-4"": ""a"", ""q2-5"": ""a"", ""q2-6"": ""a"", ""q2-7"": ""a"", ""q2-8"": ""a"", ""q2-9"": ""a"", ""q2-10"": ""a""}",16085,34521
303,2026-01-30T07:02:20.247152,zl_nyt,32,女,硕士,长相思·其一,/home/ubuntu/workspace/image_voting_system/all_images/长相思·其一_seedream.jpg,seedream,A,25554,"{""q1-2"": ""b"", ""q1-1"": ""A"", ""q2-1"": ""b"", ""q2-2"": ""b"", ""q2-3"": ""a"", ""q2-4"": ""a"", ""q2-5"": ""b"", ""q2-6"": ""b"", ""q2-7"": ""a"", ""q2-8"": ""a"", ""q2-9"": ""a"", ""q2-10"": ""a""}",24483,50037
306,2026-01-30T07:03:14.140592,铁树开花,41,女,高中,怨情,/home/ubuntu/workspace/image_voting_system/all_images/怨情_mj.jpg,mj,D,58320,"{""q1-2"": ""a"", ""q1-1"": ""D"", ""q2-1"": ""a"", ""q2-2"": ""a"", ""q2-3"": ""a"", ""q2-4"": ""a"", ""q2-5"": ""a"", ""q2-6"": ""a"", ""q2-7"": ""a"", ""q2-8"": ""a"", ""q2-9"": ""a"", ""q2-10"": ""a""}",25085,83405
307,2026-01-30T07:03:23.548670,zl_nyt,32,女,硕士,旅宿,/home/ubuntu/workspace/image_voting_system/all_images/旅宿_gpt.jpg,gpt,B,13510,"{""q1-2"": ""b"", ""q1-1"": ""C"", ""q2-1"": ""b"", ""q2-2"": ""b"", ""q2-3"": ""b"", ""q2-4"": ""b"", ""q2-5"": ""b"", ""q2-6"": ""f"", ""q2-7"": ""b"", ""q2-8"": ""a"", ""q2-9"": ""b"", ""q2-10"": ""b""}",20470,33980
308,2026-01-30T07:03:59.261793,zl_nyt,32,女,硕士,山石,/home/ubuntu/workspace/image_voting_system/all_images/山石_gpt.jpg,gpt,C,13118,"{""q1-2"": ""a"", ""q1-1"": ""B"", ""q2-1"": ""b"", ""q2-2"": ""a"", ""q2-3"": ""b"", ""q2-5"": ""a"", ""q2-4"": ""c"", ""q2-6"": ""a"", ""q2-7"": ""a"", ""q2-8"": ""a"", ""q2-9"": ""a"", ""q2-10"": ""b""}",22595,35713
309,2026-01-30T07:04:57.456383,zl_nyt,32,女,硕士,庐山谣寄卢侍御虚舟,/home/ubuntu/workspace/image_voting_system/all_images/庐山谣寄卢侍御虚舟_nano.jpg,nano,B,38080,"{""q1-2"": ""a"", ""q1-1"": ""D"", ""q2-1"": ""c"", ""q2-2"": ""a"", ""q2-3"": ""b"", ""q2-4"": ""a"", ""q2-5"": ""b"", ""q2-6"": ""b"", ""q2-7"": ""b"", ""q2-8"": ""a"", ""q2-9"": ""a"", ""q2-10"": ""a""}",20115,58195
310,2026-01-30T07:05:36.036611,zl_nyt,32,女,硕士,听筝,/home/ubuntu/workspace/image_voting_system/all_images/听筝_gpt.jpg,gpt,C,21070,"{""q1-2"": ""a"", ""q1-1"": ""C"", ""q2-1"": ""a"", ""q2-2"": ""a"", ""q2-3"": ""a"", ""q2-4"": ""a"", ""q2-5"": ""a"", ""q2-6"": ""a"", ""q2-7"": ""a"", ""q2-8"": ""a"", ""q2-9"": ""a"", ""q2-10"": ""a""}",17510,38580
311,2026-01-30T07:06:49.878897,zl_nyt,32,女,硕士,隋宫·紫泉宫殿锁烟霞,/home/ubuntu/workspace/image_voting_system/all_images/隋宫·紫泉宫殿锁烟霞_mj.jpg,mj,D,54872,"{""q1-2"": ""b"", ""q1-1"": ""B"", ""q2-2"": ""b"", ""q2-1"": ""c"", ""q2-3"": ""b"", ""q2-4"": ""b"", ""q2-5"": ""b"", ""q2-6"": ""c"", ""q2-7"": ""b"", ""q2-8"": ""b"", ""q2-9"": ""a"", ""q2-10"": ""c""}",18970,73842
312,2026-01-30T07:14:14.603700,鹅鹅鹅,28,男,本科,夜上受降城闻笛,/home/ubuntu/workspace/image_voting_system/all_images/夜上受降城闻笛_seedream.jpg,seedream,B,86537,"{""q1-2"": ""a"", ""q1-1"": ""B"", ""q2-1"": ""a"", ""q2-2"": ""b"", ""q2-3"": ""b"", ""q2-4"": ""a"", ""q2-5"": ""a"", ""q2-6"": ""b"", ""q2-7"": ""a"", ""q2-8"": ""a"", ""q2-9"": ""a"", ""q2-10"": ""b""}",246021,332558
313,2026-01-30T07:18:43.578700,苏轼,29,女,硕士,听筝,/home/ubuntu/workspace/image_voting_system/all_images/听筝_mj.jpg,mj,D,81445,"{""q1-2"": ""d"", ""q1-1"": ""D"", ""q2-1"": ""a"", ""q2-2"": ""b"", ""q2-3"": ""a"", ""q2-4"": ""b"", ""q2-5"": ""d"", ""q2-6"": ""e"", ""q2-7"": ""a"", ""q2-8"": ""a"", ""q2-9"": ""b"", ""q2-10"": ""c""}",75562,157007
314,2026-01-30T07:19:02.143207,嘉茵,55,女,本科,关山月,/home/ubuntu/workspace/image_voting_system/all_images/关山月_seedream.jpg,seedream,C,43791,"{""q1-2"": ""a"", ""q1-1"": ""C"", ""q2-1"": ""a"", ""q2-2"": ""a"", ""q2-3"": ""a"", ""q2-4"": ""a"", ""q2-5"": ""a"", ""q2-6"": ""a"", ""q2-7"": ""a"", ""q2-8"": ""a"", ""q2-9"": ""a"", ""q2-10"": ""b""}",95971,139762
315,2026-01-30T07:20:22.793479,鹅鹅鹅,28,男,本科,寻西山隐者不遇,/home/ubuntu/workspace/image_voting_system/all_images/寻西山隐者不遇_gpt.jpg,gpt,D,145392,"{""q1-2"": ""b"", ""q1-1"": ""A"", ""q2-1"": ""a"", ""q2-2"": ""a"", ""q2-3"": ""a"", ""q2-4"": ""b"", ""q2-5"": ""a"", ""q2-6"": ""d"", ""q2-7"": ""a"", ""q2-8"": ""a"", ""q2-9"": ""a"", ""q2-10"": ""b""}",222798,368190
316,2026-01-30T07:21:30.627156,嘉茵,55,女,本科,宿王昌龄隐居,/home/ubuntu/workspace/image_voting_system/all_images/宿王昌龄隐居_mj.jpg,mj,A,97150,"{""q1-2"": ""a"", ""q1-1"": ""A"", ""q2-1"": ""a"", ""q2-2"": ""a"", ""q2-3"": ""a"", ""q2-4"": ""a"", ""q2-5"": ""a"", ""q2-6"": ""a"", ""q2-7"": ""a"", ""q2-8"": ""a"", ""q2-9"": ""a"", ""q2-10"": ""b""}",51334,148484
317,2026-01-30T07:23:56.314746,小草,80,女,本科,燕歌行·并序,/home/ubuntu/workspace/image_voting_system/all_images/燕歌行·并序_gpt.jpg,gpt,A,229612,"{""q1-2"": ""a"", ""q1-1"": ""A"", ""q2-1"": ""a"", ""q2-2"": ""b"", ""q2-3"": ""a"", ""q2-4"": ""a"", ""q2-5"": ""a"", ""q2-6"": ""b"", ""q2-7"": ""a"", ""q2-8"": ""a"", ""q2-9"": ""a"", ""q2-10"": ""b""}",154366,383978
318,2026-01-30T07:24:30.527209,梅梅,34,女,本科,酬程延秋夜即事见赠,/home/ubuntu/workspace/image_voting_system/all_images/酬程延秋夜即事见赠_gpt.jpg,gpt,D,46728,"{""q1-2"": ""a"", ""q1-1"": ""D"", ""q2-8"": ""a"", ""q2-1"": ""a"", ""q2-2"": ""a"", ""q2-3"": ""a"", ""q2-4"": ""a"", ""q2-5"": ""a"", ""q2-6"": ""a"", ""q2-7"": ""a"", ""q2-9"": ""a"", ""q2-10"": ""b""}",39765,86493
319,2026-01-30T07:31:55.140823,马老师,45,女,本科,丽人行,/home/ubuntu/workspace/image_voting_system/all_images/丽人行_mj.jpg,mj,D,67967,"{""q1-2"": ""a"", ""q1-1"": ""D"", ""q2-1"": ""a"", ""q2-2"": ""a"", ""q2-3"": ""b"", ""q2-5"": ""b"", ""q2-4"": ""b"", ""q2-6"": ""a"", ""q2-7"": ""a"", ""q2-8"": ""a"", ""q2-9"": ""a"", ""q2-10"": ""b""}",161842,229809
320,2026-01-30T07:34:53.691114,马老师,45,女,本科,无题·来是空言去绝踪,/home/ubuntu/workspace/image_voting_system/all_images/无题·来是空言去绝踪_seedream.jpg,seedream,A,117969,"{""q1-2"": ""a"", ""q1-1"": ""A"", ""q2-1"": ""a"", ""q2-2"": ""a"", ""q2-3"": ""a"", ""q2-4"": ""a"", ""q2-5"": ""a"", ""q2-6"": ""a"", ""q2-7"": ""a"", ""q2-8"": ""a"", ""q2-9"": ""a"", ""q2-10"": ""b""}",60581,178550
321,2026-01-30T07:36:59.774632,马老师,45,女,本科,登鹳雀楼,/home/ubuntu/workspace/image_voting_system/all_images/登鹳雀楼_mj.jpg,mj,B,55603,"{""q1-2"": ""a"", ""q1-1"": ""A"", ""q2-1"": ""b"", ""q2-2"": ""b"", ""q2-3"": ""b"", ""q2-4"": ""c"", ""q2-5"": ""b"", ""q2-6"": ""d"", ""q2-7"": ""b"", ""q2-8"": ""a"", ""q2-9"": ""b"", ""q2-10"": ""c""}",70481,126084
322,2026-01-30T07:37:58.494780,啦啦,28,女,本科,蜀相,/home/ubuntu/workspace/image_voting_system/all_images/蜀相_mj.jpg,mj,C,40403,"{""q1-2"": ""b"", ""q1-1"": ""C"", ""q2-1"": ""a"", ""q2-2"": ""a"", ""q2-3"": ""a"", ""q2-4"": ""b"", ""q2-5"": ""a"", ""q2-6"": ""d"", ""q2-7"": ""a"", ""q2-8"": ""a"", ""q2-9"": ""a"", ""q2-10"": ""b""}",83540,123943
323,2026-01-30T07:48:26.138576,鹅鹅鹅,28,男,本科,送灵澈上人,/home/ubuntu/workspace/image_voting_system/all_images/送灵澈上人_nano.jpg,nano,B,50248,"{""q1-2"": ""a"", ""q1-1"": ""B"", ""q2-1"": ""a"", ""q2-2"": ""a"", ""q2-3"": ""a"", ""q2-4"": ""a"", ""q2-5"": ""a"", ""q2-6"": ""a"", ""q2-7"": ""a"", ""q2-8"": ""a"", ""q2-9"": ""a"", ""q2-10"": ""a""}",1633097,1683345
324,2026-01-30T07:49:43.149742,鹅鹅鹅,28,男,本科,楚江怀古三首·其一,/home/ubuntu/workspace/image_voting_system/all_images/楚江怀古三首·其一_seedream.jpg,seedream,B,48706,"{""q1-2"": ""a"", ""q1-1"": ""B"", ""q2-1"": ""a"", ""q2-2"": ""a"", ""q2-3"": ""a"", ""q2-4"": ""a"", ""q2-5"": ""a"", ""q2-6"": ""a"", ""q2-7"": ""a"", ""q2-8"": ""a"", ""q2-9"": ""a"", ""q2-10"": ""a""}",28305,77011
325,2026-01-30T07:52:33.638669,鹭,39,男,大专,郡斋雨中与诸文士燕集,/home/ubuntu/workspace/image_voting_system/all_images/郡斋雨中与诸文士燕集_nano.jpg,nano,A,49462,"{""q1-2"": ""a"", ""q1-1"": ""D"", ""q2-10"": ""a"", ""q2-1"": ""a"", ""q2-2"": ""a"", ""q2-3"": ""a"", ""q2-4"": ""a"", ""q2-5"": ""a"", ""q2-6"": ""a"", ""q2-7"": ""a"", ""q2-8"": ""a"", ""q2-9"": ""a""}",69010,118472
326,2026-01-30T07:56:08.075629,zoe,30,女,硕士,集灵台·其一,/home/ubuntu/workspace/image_voting_system/all_images/集灵台·其一_gpt.jpg,gpt,D,97081,"{""q1-2"": ""b"", ""q1-1"": ""D"", ""q2-1"": ""a"", ""q2-2"": ""a"", ""q2-3"": ""b"", ""q2-4"": ""b"", ""q2-5"": ""b"", ""q2-6"": ""b"", ""q2-7"": ""a"", ""q2-8"": ""a"", ""q2-9"": ""a"", ""q2-10"": ""b""}",112414,209495
327,2026-01-30T07:58:33.198372,zoe,30,女,硕士,塞下曲·月黑雁飞高,/home/ubuntu/workspace/image_voting_system/all_images/塞下曲·月黑雁飞高_mj.jpg,mj,C,40906,"{""q1-2"": ""c"", ""q1-1"": ""C"", ""q2-1"": ""a"", ""q2-2"": ""b"", ""q2-3"": ""c"", ""q2-4"": ""c"", ""q2-5"": ""b"", ""q2-6"": ""b"", ""q2-7"": ""c"", ""q2-8"": ""b"", ""q2-9"": ""b"", ""q2-10"": ""c""}",104217,145123
328,2026-01-30T07:59:53.945292,看看,58,女,本科,终南望余雪,/home/ubuntu/workspace/image_voting_system/all_images/终南望余雪_mj.jpg,mj,D,52425,"{""q1-2"": ""e"", ""q1-1"": ""D"", ""q2-1"": ""a"", ""q2-2"": ""a"", ""q2-3"": ""b"", ""q2-4"": ""a"", ""q2-5"": ""a"", ""q2-6"": ""a"", ""q2-7"": ""a"", ""q2-8"": ""a"", ""q2-9"": ""a"", ""q2-10"": ""b""}",137226,189651
329,2026-01-30T07:59:59.364448,zoe,30,女,硕士,宿桐庐江寄广陵旧游,/home/ubuntu/workspace/image_voting_system/all_images/宿桐庐江寄广陵旧游_nano.jpg,nano,C,41507,"{""q1-2"": ""a"", ""q1-1"": ""B"", ""q2-1"": ""a"", ""q2-2"": ""a"", ""q2-3"": ""b"", ""q2-4"": ""a"", ""q2-5"": ""a"", ""q2-6"": ""c"", ""q2-7"": ""a"", ""q2-8"": ""a"", ""q2-9"": ""a"", ""q2-10"": ""b""}",44659,86166
330,2026-01-30T08:02:18.198420,看看,58,女,本科,送崔九,/home/ubuntu/workspace/image_voting_system/all_images/送崔九_seedream.jpg,seedream,C,78021,"{""q1-2"": ""b"", ""q1-1"": ""A"", ""q2-1"": ""a"", ""q2-2"": ""a"", ""q2-3"": ""a"", ""q2-4"": ""b"", ""q2-5"": ""a"", ""q2-6"": ""a"", ""q2-7"": ""a"", ""q2-8"": ""a"", ""q2-9"": ""a"", ""q2-10"": ""b""}",66232,144253
331,2026-01-30T08:04:02.417938,看看,58,女,本科,寻隐者不遇,/home/ubuntu/workspace/image_voting_system/all_images/寻隐者不遇_gpt.jpg,gpt,B,67714,"{""q1-2"": ""a"", ""q1-1"": ""B"", ""q2-1"": ""a"", ""q2-2"": ""a"", ""q2-3"": ""a"", ""q2-4"": ""a"", ""q2-5"": ""a"", ""q2-6"": ""a"", ""q2-7"": ""a"", ""q2-8"": ""a"", ""q2-9"": ""a"", ""q2-10"": ""a""}",36505,104219
332,2026-01-30T08:06:23.299150,鹅鹅鹅,28,男,本科,子夜吴歌·冬歌,/home/ubuntu/workspace/image_voting_system/all_images/子夜吴歌·冬歌_nano.jpg,nano,B,922295,"{""q1-2"": ""a"", ""q1-1"": ""B"", ""q2-1"": ""a"", ""q2-2"": ""a"", ""q2-3"": ""a"", ""q2-4"": ""a"", ""q2-5"": ""b"", ""q2-6"": ""a"", ""q2-7"": ""a"", ""q2-8"": ""a"", ""q2-9"": ""a"", ""q2-10"": ""b""}",77854,1000149
333,2026-01-30T08:07:40.037094,看看,58,女,本科,闺怨,/home/ubuntu/workspace/image_voting_system/all_images/闺怨_gpt.jpg,gpt,C,140129,"{""q1-2"": ""a"", ""q1-1"": ""A"", ""q2-1"": ""a"", ""q2-2"": ""a"", ""q2-3"": ""a"", ""q2-4"": ""b"", ""q2-5"": ""a"", ""q2-6"": ""a"", ""q2-7"": ""a"", ""q2-8"": ""a"", ""q2-9"": ""a"", ""q2-10"": ""b""}",77490,217619
334,2026-01-30T08:08:25.964896,鹅鹅鹅,28,男,本科,石鱼湖上醉歌,/home/ubuntu/workspace/image_voting_system/all_images/石鱼湖上醉歌_gpt.jpg,gpt,D,51060,"{""q1-2"": ""a"", ""q1-1"": ""D"", ""q2-1"": ""a"", ""q2-2"": ""a"", ""q2-3"": ""b"", ""q2-4"": ""b"", ""q2-5"": ""a"", ""q2-6"": ""a"", ""q2-7"": ""a"", ""q2-8"": ""a"", ""q2-9"": ""a"", ""q2-10"": ""b""}",71606,122666
335,2026-01-30T08:09:18.400854,看看,58,女,本科,送李少府贬峡中王少府贬长沙,/home/ubuntu/workspace/image_voting_system/all_images/送李少府贬峡中王少府贬长沙_gpt.jpg,gpt,B,46293,"{""q1-2"": ""a"", ""q1-1"": ""D"", ""q2-1"": ""a"", ""q2-2"": ""a"", ""q2-3"": ""a"", ""q2-4"": ""a"", ""q2-5"": ""a"", ""q2-6"": ""a"", ""q2-7"": ""a"", ""q2-8"": ""a"", ""q2-9"": ""a"", ""q2-10"": ""a""}",52071,98364
336,2026-01-30T08:10:41.554126,看看,58,女,本科,别房太尉墓,/home/ubuntu/workspace/image_voting_system/all_images/别房太尉墓_seedream.jpg,seedream,D,32644,"{""q1-2"": ""a"", ""q1-1"": ""D"", ""q2-1"": ""a"", ""q2-2"": ""a"", ""q2-3"": ""a"", ""q2-4"": ""a"", ""q2-5"": ""a"", ""q2-6"": ""a"", ""q2-7"": ""a"", ""q2-8"": ""a"", ""q2-9"": ""a"", ""q2-10"": ""a""}",50509,83153
337,2026-01-30T08:11:54.369231,看看,58,女,本科,登鹳雀楼,/home/ubuntu/workspace/image_voting_system/all_images/登鹳雀楼_seedream.jpg,seedream,D,50888,"{""q1-2"": ""a"", ""q1-1"": ""D"", ""q2-1"": ""a"", ""q2-2"": ""a"", ""q2-3"": ""a"", ""q2-4"": ""a"", ""q2-5"": ""a"", ""q2-6"": ""a"", ""q2-7"": ""a"", ""q2-8"": ""a"", ""q2-9"": ""a"", ""q2-10"": ""a""}",21927,72815
338,2026-01-30T08:12:33.521237,鹅鹅鹅,28,男,本科,书边事,/home/ubuntu/workspace/image_voting_system/all_images/书边事_mj.jpg,mj,D,142920,"{""q1-2"": ""d"", ""q1-1"": ""A"", ""q2-1"": ""a"", ""q2-2"": ""a"", ""q2-3"": ""b"", ""q2-4"": ""b"", ""q2-5"": ""b"", ""q2-6"": ""d"", ""q2-7"": ""b"", ""q2-8"": ""b"", ""q2-9"": ""b"", ""q2-10"": ""c""}",104637,247557
339,2026-01-30T08:13:29.233712,看看,58,女,本科,塞下曲·蝉鸣空桑林,/home/ubuntu/workspace/image_voting_system/all_images/塞下曲·蝉鸣空桑林_nano.jpg,nano,C,59030,"{""q1-2"": ""b"", ""q1-1"": ""D"", ""q2-1"": ""a"", ""q2-2"": ""a"", ""q2-3"": ""a"", ""q2-4"": ""a"", ""q2-5"": ""a"", ""q2-6"": ""a"", ""q2-7"": ""a"", ""q2-8"": ""a"", ""q2-9"": ""a"", ""q2-10"": ""b""}",35835,94865
340,2026-01-30T08:15:14.603086,看看,58,女,本科,琴歌,/home/ubuntu/workspace/image_voting_system/all_images/琴歌_mj.jpg,mj,C,82131,"{""q1-2"": ""b"", ""q1-1"": ""C"", ""q2-1"": ""a"", ""q2-2"": ""a"", ""q2-3"": ""a"", ""q2-4"": ""a"", ""q2-5"": ""a"", ""q2-6"": ""a"", ""q2-7"": ""a"", ""q2-8"": ""a"", ""q2-9"": ""a"", ""q2-10"": ""a""}",23238,105369
341,2026-01-30T08:16:30.490928,鹅鹅鹅,28,男,本科,秋日赴阙题潼关驿楼,/home/ubuntu/workspace/image_voting_system/all_images/秋日赴阙题潼关驿楼_nano.jpg,nano,C,197960,"{""q1-2"": ""a"", ""q1-1"": ""C"", ""q2-1"": ""a"", ""q2-2"": ""a"", ""q2-3"": ""a"", ""q2-4"": ""a"", ""q2-5"": ""a"", ""q2-6"": ""a"", ""q2-7"": ""a"", ""q2-8"": ""a"", ""q2-9"": ""a"", ""q2-10"": ""a""}",39009,236969
342,2026-01-30T08:16:55.020888,马哥,47,男,大专,将赴吴兴登乐游原一绝,/home/ubuntu/workspace/image_voting_system/all_images/将赴吴兴登乐游原一绝_seedream.jpg,seedream,C,65331,"{""q1-2"": ""d"", ""q1-1"": ""D"", ""q2-1"": ""a"", ""q2-2"": ""a"", ""q2-3"": ""a"", ""q2-4"": ""a"", ""q2-5"": ""a"", ""q2-6"": ""a"", ""q2-7"": ""a"", ""q2-8"": ""a"", ""q2-9"": ""a"", ""q2-10"": ""a""}",88070,153401
343,2026-01-30T08:18:25.898131,看看,58,女,本科,征怨,/home/ubuntu/workspace/image_voting_system/all_images/征怨_mj.jpg,mj,B,131083,"{""q1-2"": ""d"", ""q1-1"": ""B"", ""q2-1"": ""a"", ""q2-2"": ""a"", ""q2-3"": ""a"", ""q2-4"": ""b"", ""q2-5"": ""a"", ""q2-6"": ""c"", ""q2-7"": ""a"", ""q2-8"": ""a"", ""q2-9"": ""a"", ""q2-10"": ""c""}",60212,191295
344,2026-01-30T08:20:18.116648,看看,58,女,本科,喜见外弟又言别,/home/ubuntu/workspace/image_voting_system/all_images/喜见外弟又言别_mj.jpg,mj,B,80489,"{""q1-2"": ""c"", ""q1-1"": ""B"", ""q2-1"": ""a"", ""q2-2"": ""a"", ""q2-3"": ""a"", ""q2-4"": ""a"", ""q2-5"": ""a"", ""q2-6"": ""a"", ""q2-7"": ""a"", ""q2-8"": ""a"", ""q2-9"": ""a"", ""q2-10"": ""b""}",26300,106789
345,2026-01-30T08:21:24.257345,鹅鹅鹅,28,男,本科,送别·山中相送罢,/home/ubuntu/workspace/image_voting_system/all_images/送别·山中相送罢_nano.jpg,nano,B,125750,"{""q1-2"": ""a"", ""q1-1"": ""B"", ""q2-1"": ""a"", ""q2-4"": ""b"", ""q2-5"": ""b"", ""q2-6"": ""b"", ""q2-7"": ""b"", ""q2-8"": ""a"", ""q2-9"": ""a"", ""q2-10"": ""b"", ""q2-2"": ""a"", ""q2-3"": ""a""}",168016,293766
346,2026-01-30T08:22:04.204425,看看,58,女,本科,韩碑,/home/ubuntu/workspace/image_voting_system/all_images/韩碑_seedream.jpg,seedream,A,71378,"{""q1-2"": ""d"", ""q1-1"": ""A"", ""q2-1"": ""a"", ""q2-2"": ""a"", ""q2-3"": ""a"", ""q2-4"": ""b"", ""q2-5"": ""a"", ""q2-6"": ""b"", ""q2-7"": ""a"", ""q2-8"": ""a"", ""q2-9"": ""a"", ""q2-10"": ""b""}",34709,106087
347,2026-01-30T08:24:52.971663,看看,58,女,本科,秋夕,/home/ubuntu/workspace/image_voting_system/all_images/秋夕_mj.jpg,mj,D,90843,"{""q1-2"": ""d"", ""q1-1"": ""C"", ""q2-1"": ""a"", ""q2-2"": ""b"", ""q2-3"": ""c"", ""q2-4"": ""c"", ""q2-5"": ""b"", ""q2-6"": ""d"", ""q2-7"": ""b"", ""q2-8"": ""a"", ""q2-9"": ""c"", ""q2-10"": ""c""}",77925,168768
348,2026-01-30T08:26:40.054938,看看,58,女,本科,至德二载甫自京金光门出间道归凤翔乾元初从左拾遗移华州掾与亲故别因出此门有悲往事,/home/ubuntu/workspace/image_voting_system/all_images/至德二载甫自京金光门出间道归凤翔乾元初从左拾遗移华州掾与亲故别因出此门有悲往事_nano.jpg,nano,D,59600,"{""q1-2"": ""b"", ""q1-1"": ""D"", ""q2-1"": ""a"", ""q2-2"": ""b"", ""q2-3"": ""a"", ""q2-4"": ""b"", ""q2-5"": ""a"", ""q2-6"": ""b"", ""q2-7"": ""a"", ""q2-8"": ""a"", ""q2-9"": ""a"", ""q2-10"": ""c""}",47483,107083
349,2026-01-30T08:28:55.109891,来世作朵花,58,女,大专,塞下曲·蝉鸣空桑林,/home/ubuntu/workspace/image_voting_system/all_images/塞下曲·蝉鸣空桑林_mj.jpg,mj,A,90267,"{""q1-2"": ""b"", ""q1-1"": ""A"", ""q2-1"": ""a"", ""q2-2"": ""a"", ""q2-3"": ""a"", ""q2-4"": ""a"", ""q2-5"": ""a"", ""q2-6"": ""c"", ""q2-7"": ""a"", ""q2-8"": ""a"", ""q2-9"": ""a"", ""q2-10"": ""b""}",151485,241752
350,2026-01-30T08:29:30.175086,看看,58,女,本科,庐山谣寄卢侍御虚舟,/home/ubuntu/workspace/image_voting_system/all_images/庐山谣寄卢侍御虚舟_mj.jpg,mj,B,111541,"{""q1-2"": ""d"", ""q1-1"": ""D"", ""q2-1"": ""a"", ""q2-3"": ""b"", ""q2-2"": ""a"", ""q2-4"": ""b"", ""q2-5"": ""b"", ""q2-6"": ""c"", ""q2-7"": ""a"", ""q2-8"": ""a"", ""q2-9"": ""a"", ""q2-10"": ""c""}",58579,170120
351,2026-01-30T08:29:34.933560,鹅鹅鹅,28,男,本科,泊秦淮,/home/ubuntu/workspace/image_voting_system/all_images/泊秦淮_seedream.jpg,seedream,B,65809,"{""q1-2"": ""a"", ""q1-1"": ""B"", ""q2-1"": ""a"", ""q2-2"": ""a"", ""q2-3"": ""b"", ""q2-5"": ""a"", ""q2-7"": ""b"", ""q2-8"": ""a"", ""q2-9"": ""a"", ""q2-10"": ""c"", ""q2-4"": ""b"", ""q2-6"": ""a""}",424868,490677
352,2026-01-30T08:33:47.701139,来世作朵花,58,女,大专,赠别二首·其二,/home/ubuntu/workspace/image_voting_system/all_images/赠别二首·其二_nano.jpg,nano,D,101824,"{""q1-2"": ""c"", ""q1-1"": ""D"", ""q2-1"": ""a"", ""q2-2"": ""a"", ""q2-3"": ""a"", ""q2-4"": ""b"", ""q2-5"": ""a"", ""q2-6"": ""c"", ""q2-7"": ""a"", ""q2-8"": ""a"", ""q2-9"": ""a"", ""q2-10"": ""c""}",190767,292591
353,2026-01-30T08:34:52.669398,YF,40,女,本科,别房太尉墓,/home/ubuntu/workspace/image_voting_system/all_images/别房太尉墓_nano.jpg,nano,C,106443,"{""q1-2"": ""a"", ""q1-1"": ""C"", ""q2-1"": ""a"", ""q2-2"": ""a"", ""q2-3"": ""a"", ""q2-4"": ""a"", ""q2-5"": ""a"", ""q2-6"": ""a"", ""q2-7"": ""a"", ""q2-8"": ""a"", ""q2-9"": ""a"", ""q2-10"": ""b""}",77025,183468
354,2026-01-30T08:36:10.997733,来世作朵花,58,女,大专,清明日宴梅道士房,/home/ubuntu/workspace/image_voting_system/all_images/清明日宴梅道士房_gpt.jpg,gpt,A,105616,"{""q1-2"": ""a"", ""q1-1"": ""A"", ""q2-1"": ""a"", ""q2-2"": ""a"", ""q2-3"": ""a"", ""q2-4"": ""a"", ""q2-5"": ""a"", ""q2-6"": ""a"", ""q2-7"": ""a"", ""q2-8"": ""a"", ""q2-9"": ""a"", ""q2-10"": ""b""}",37681,143297
355,2026-01-30T08:37:28.001315,来世作朵花,58,女,大专,回乡偶书,/home/ubuntu/workspace/image_voting_system/all_images/回乡偶书_seedream.jpg,seedream,C,45552,"{""q1-2"": ""a"", ""q1-1"": ""C"", ""q2-1"": ""a"", ""q2-2"": ""a"", ""q2-3"": ""a"", ""q2-4"": ""a"", ""q2-5"": ""a"", ""q2-6"": ""a"", ""q2-7"": ""a"", ""q2-8"": ""a"", ""q2-9"": ""a"", ""q2-10"": ""b""}",31452,77004
356,2026-01-30T08:37:28.937013,Y,39,男,本科,咏怀古迹五首·其三,/home/ubuntu/workspace/image_voting_system/all_images/咏怀古迹五首·其三_nano.jpg,nano,C,57905,"{""q1-2"": ""a"", ""q1-1"": ""C"", ""q2-1"": ""a"", ""q2-2"": ""a"", ""q2-3"": ""a"", ""q2-4"": ""a"", ""q2-5"": ""a"", ""q2-6"": ""a"", ""q2-7"": ""a"", ""q2-8"": ""a"", ""q2-9"": ""a"", ""q2-10"": ""a""}",17135,75040
357,2026-01-30T08:37:36.166404,YF,40,女,本科,凉思,/home/ubuntu/workspace/image_voting_system/all_images/凉思_mj.jpg,mj,A,106575,"{""q1-2"": ""b"", ""q1-1"": ""A"", ""q2-1"": ""a"", ""q2-2"": ""b"", ""q2-3"": ""b"", ""q2-4"": ""a"", ""q2-5"": ""a"", ""q2-6"": ""a"", ""q2-7"": ""a"", ""q2-8"": ""a"", ""q2-9"": ""a"", ""q2-10"": ""c""}",56922,163497
358,2026-01-30T08:39:13.910579,来世作朵花,58,女,大专,贼平后送人北归,/home/ubuntu/workspace/image_voting_system/all_images/贼平后送人北归_gpt.jpg,gpt,B,47162,"{""q1-2"": ""b"", ""q1-1"": ""A"", ""q2-1"": ""a"", ""q2-2"": ""a"", ""q2-3"": ""a"", ""q2-4"": ""b"", ""q2-5"": ""a"", ""q2-6"": ""a"", ""q2-7"": ""a"", ""q2-8"": ""a"", ""q2-9"": ""a"", ""q2-10"": ""b""}",58747,105909
359,2026-01-30T08:40:55.830508,小九,38,女,本科,青溪,/home/ubuntu/workspace/image_voting_system/all_images/青溪_mj.jpg,mj,B,104738,"{""q1-2"": ""b"", ""q1-1"": ""B"", ""q2-1"": ""a"", ""q2-2"": ""a"", ""q2-3"": ""a"", ""q2-4"": ""a"", ""q2-5"": ""a"", ""q2-6"": ""a"", ""q2-7"": ""a"", ""q2-8"": ""a"", ""q2-9"": ""a"", ""q2-10"": ""a""}",93932,198670
360,2026-01-30T08:43:00.487239,来世作朵花,58,女,大专,书边事,/home/ubuntu/workspace/image_voting_system/all_images/书边事_nano.jpg,nano,B,130438,"{""q1-2"": ""b"", ""q1-1"": ""B"", ""q2-1"": ""a"", ""q2-2"": ""a"", ""q2-3"": ""a"", ""q2-4"": ""b"", ""q2-5"": ""a"", ""q2-6"": ""b"", ""q2-7"": ""a"", ""q2-8"": ""a"", ""q2-9"": ""a"", ""q2-10"": ""c""}",96138,226576
361,2026-01-30T08:47:01.628257,来世作朵花,58,女,大专,西施咏,/home/ubuntu/workspace/image_voting_system/all_images/西施咏_nano.jpg,nano,B,168653,"{""q1-2"": ""b"", ""q1-1"": ""A"", ""q2-1"": ""a"", ""q2-2"": ""a"", ""q2-3"": ""a"", ""q2-4"": ""b"", ""q2-5"": ""b"", ""q2-6"": ""c"", ""q2-7"": ""a"", ""q2-8"": ""a"", ""q2-9"": ""a"", ""q2-10"": ""c""}",72488,241141
362,2026-01-30T08:57:36.939331,王淑敏,37,女,大专,东郊,/home/ubuntu/workspace/image_voting_system/all_images/东郊_gpt.jpg,gpt,B,96949,"{""q1-2"": ""a"", ""q1-1"": ""B"", ""q2-10"": ""a"", ""q2-1"": ""a"", ""q2-2"": ""a"", ""q2-3"": ""a"", ""q2-4"": ""a"", ""q2-5"": ""a"", ""q2-6"": ""a"", ""q2-7"": ""a"", ""q2-8"": ""a"", ""q2-9"": ""a""}",361958,458907
363,2026-01-30T09:10:53.660263,J,30,女,大专,丹青引赠曹将军霸,/home/ubuntu/workspace/image_voting_system/all_images/丹青引赠曹将军霸_gpt.jpg,gpt,A,19713,"{""q1-2"": ""a"", ""q1-1"": ""B"", ""q2-1"": ""a"", ""q2-2"": ""a"", ""q2-3"": ""a"", ""q2-4"": ""a"", ""q2-5"": ""a"", ""q2-6"": ""a"", ""q2-7"": ""a"", ""q2-8"": ""a"", ""q2-9"": ""a"", ""q2-10"": ""b""}",22377,42090
364,2026-01-30T09:11:39.677377,J,30,女,大专,行宫,/home/ubuntu/workspace/image_voting_system/all_images/行宫_nano.jpg,nano,A,28070,"{""q1-2"": ""a"", ""q1-1"": ""A"", ""q2-1"": ""a"", ""q2-2"": ""a"", ""q2-3"": ""a"", ""q2-4"": ""a"", ""q2-5"": ""a"", ""q2-6"": ""a"", ""q2-7"": ""a"", ""q2-8"": ""a"", ""q2-9"": ""a"", ""q2-10"": ""b""}",17948,46018
365,2026-01-30T09:12:44.337419,J,30,女,大专,宫词·长乐宫连上苑春,/home/ubuntu/workspace/image_voting_system/all_images/宫词·长乐宫连上苑春_gpt.jpg,gpt,B,50725,"{""q1-2"": ""a"", ""q1-1"": ""B"", ""q2-1"": ""a"", ""q2-2"": ""a"", ""q2-3"": ""a"", ""q2-4"": ""a"", ""q2-5"": ""a"", ""q2-6"": ""a"", ""q2-7"": ""a"", ""q2-8"": ""a"", ""q2-9"": ""a"", ""q2-10"": ""a""}",13935,64660
366,2026-01-30T09:13:21.395393,J,30,女,大专,早寒江上有怀,/home/ubuntu/workspace/image_voting_system/all_images/早寒江上有怀_nano.jpg,nano,A,21866,"{""q1-2"": ""a"", ""q1-1"": ""A"", ""q2-1"": ""a"", ""q2-2"": ""a"", ""q2-3"": ""a"", ""q2-4"": ""a"", ""q2-5"": ""a"", ""q2-6"": ""a"", ""q2-7"": ""a"", ""q2-8"": ""a"", ""q2-9"": ""a"", ""q2-10"": ""a""}",15192,37058
367,2026-01-30T09:13:59.988005,小心意,34,女,大专,风雨,/home/ubuntu/workspace/image_voting_system/all_images/风雨_gpt.jpg,gpt,D,23009,"{""q1-2"": ""a"", ""q1-1"": ""C"", ""q2-1"": ""a"", ""q2-2"": ""a"", ""q2-3"": ""a"", ""q2-4"": ""a"", ""q2-5"": ""a"", ""q2-6"": ""a"", ""q2-7"": ""a"", ""q2-8"": ""a"", ""q2-9"": ""a"", ""q2-10"": ""a""}",23069,46078
368,2026-01-30T09:14:53.630859,小心意,34,女,大专,自夏口至鹦鹉洲夕望岳阳寄源中丞,/home/ubuntu/workspace/image_voting_system/all_images/自夏口至鹦鹉洲夕望岳阳寄源中丞_mj.jpg,mj,A,35415,"{""q1-2"": ""a"", ""q1-1"": ""A"", ""q2-1"": ""a"", ""q2-2"": ""a"", ""q2-3"": ""a"", ""q2-4"": ""a"", ""q2-5"": ""a"", ""q2-6"": ""a"", ""q2-7"": ""a"", ""q2-8"": ""a"", ""q2-9"": ""a"", ""q2-10"": ""a""}",18228,53643
369,2026-01-30T09:15:51.996758,小心意,34,女,大专,咏怀古迹五首·其三,/home/ubuntu/workspace/image_voting_system/all_images/咏怀古迹五首·其三_mj.jpg,mj,A,38653,"{""q1-2"": ""a"", ""q1-1"": ""A"", ""q2-1"": ""a"", ""q2-2"": ""a"", ""q2-3"": ""a"", ""q2-4"": ""a"", ""q2-5"": ""a"", ""q2-6"": ""a"", ""q2-7"": ""a"", ""q2-8"": ""a"", ""q2-9"": ""a"", ""q2-10"": ""a""}",19713,58366
370,2026-01-30T09:21:26.811529,MIKE,29,男,小学,寄韩谏议注,/home/ubuntu/workspace/image_voting_system/all_images/寄韩谏议注_gpt.jpg,gpt,D,31510,"{""q1-2"": ""b"", ""q1-1"": ""C"", ""q2-1"": ""a"", ""q2-2"": ""a"", ""q2-3"": ""a"", ""q2-4"": ""a"", ""q2-5"": ""a"", ""q2-6"": ""a"", ""q2-7"": ""a"", ""q2-8"": ""a"", ""q2-9"": ""a"", ""q2-10"": ""a""}",46005,77515
371,2026-01-30T09:53:54.472320,lp,19,男,高中,自夏口至鹦鹉洲夕望岳阳寄源中丞,/home/ubuntu/workspace/image_voting_system/all_images/自夏口至鹦鹉洲夕望岳阳寄源中丞_mj.jpg,mj,A,137999,"{""q1-2"": ""b"", ""q1-1"": ""A"", ""q2-1"": ""a"", ""q2-2"": ""b"", ""q2-3"": ""a"", ""q2-4"": ""a"", ""q2-5"": ""b"", ""q2-6"": ""b"", ""q2-7"": ""a"", ""q2-8"": ""b"", ""q2-9"": ""a"", ""q2-10"": ""b""}",188734,326733
372,2026-01-30T09:56:49.371273,SL,57,女,大专,塞下曲·月黑雁飞高,/home/ubuntu/workspace/image_voting_system/all_images/塞下曲·月黑雁飞高_nano.jpg,nano,B,43422,"{""q1-2"": ""a"", ""q1-1"": ""B"", ""q2-10"": ""b"", ""q2-1"": ""a"", ""q2-2"": ""b"", ""q2-3"": ""b"", ""q2-4"": ""a"", ""q2-5"": ""a"", ""q2-6"": ""c"", ""q2-7"": ""d"", ""q2-8"": ""a"", ""q2-9"": ""b""}",212325,255747
373,2026-01-30T09:59:44.273623,SY,28,其他,博士,灞上秋居,/home/ubuntu/workspace/image_voting_system/all_images/灞上秋居_nano.jpg,nano,D,174700,"{""q1-2"": ""b"", ""q1-1"": ""D"", ""q2-1"": ""a"", ""q2-2"": ""a"", ""q2-3"": ""a"", ""q2-4"": ""a"", ""q2-5"": ""a"", ""q2-6"": ""a"", ""q2-7"": ""a"", ""q2-8"": ""a"", ""q2-9"": ""a"", ""q2-10"": ""a""}",265764,440464
374,2026-01-30T10:02:58.425438,SL,57,女,大专,过香积寺,/home/ubuntu/workspace/image_voting_system/all_images/过香积寺_nano.jpg,nano,B,175362,"{""q1-2"": ""b"", ""q1-1"": ""A"", ""q2-1"": ""a"", ""q2-2"": ""b"", ""q2-3"": ""b"", ""q2-4"": ""b"", ""q2-5"": ""b"", ""q2-6"": ""c"", ""q2-7"": ""a"", ""q2-8"": ""a"", ""q2-9"": ""a"", ""q2-10"": ""c""}",193692,369054
375,2026-01-30T10:07:32.964631,SL,57,女,大专,旅夜书怀,/home/ubuntu/workspace/image_voting_system/all_images/旅夜书怀_seedream.jpg,seedream,D,92317,"{""q1-2"": ""c"", ""q1-1"": ""D"", ""q2-1"": ""a"", ""q2-2"": ""b"", ""q2-3"": ""b"", ""q2-4"": ""b"", ""q2-5"": ""b"", ""q2-6"": ""c"", ""q2-7"": ""a"", ""q2-8"": ""a"", ""q2-10"": ""b"", ""q2-9"": ""a""}",182222,274539
376,2026-01-30T10:10:25.178643,SL,57,女,大专,送灵澈上人,/home/ubuntu/workspace/image_voting_system/all_images/送灵澈上人_nano.jpg,nano,C,47482,"{""q1-2"": ""a"", ""q1-1"": ""C"", ""q2-1"": ""a"", ""q2-2"": ""b"", ""q2-3"": ""a"", ""q2-4"": ""a"", ""q2-5"": ""a"", ""q2-6"": ""b"", ""q2-7"": ""a"", ""q2-8"": ""a"", ""q2-9"": ""b"", ""q2-10"": ""c""}",124732,172214
377,2026-01-30T10:14:06.083632,SL,57,女,大专,郡斋雨中与诸文士燕集,/home/ubuntu/workspace/image_voting_system/all_images/郡斋雨中与诸文士燕集_mj.jpg,mj,C,49328,"{""q1-2"": ""c"", ""q1-1"": ""C"", ""q2-1"": ""a"", ""q2-2"": ""a"", ""q2-3"": ""a"", ""q2-5"": ""a"", ""q2-6"": ""b"", ""q2-7"": ""a"", ""q2-8"": ""a"", ""q2-9"": ""a"", ""q2-10"": ""b"", ""q2-4"": ""b""}",171577,220905
378,2026-01-30T10:17:10.985710,蕾,35,女,本科,寻西山隐者不遇,/home/ubuntu/workspace/image_voting_system/all_images/寻西山隐者不遇_nano.jpg,nano,B,62204,"{""q1-2"": ""a"", ""q1-1"": ""D"", ""q2-1"": ""a"", ""q2-2"": ""a"", ""q2-3"": ""a"", ""q2-4"": ""a"", ""q2-5"": ""a"", ""q2-6"": ""b"", ""q2-7"": ""a"", ""q2-8"": ""a"", ""q2-9"": ""a"", ""q2-10"": ""b""}",87305,149509
379,2026-01-30T10:17:24.227770,SL,57,女,大专,古柏行,/home/ubuntu/workspace/image_voting_system/all_images/古柏行_nano.jpg,nano,D,60692,"{""q1-2"": ""c"", ""q1-1"": ""D"", ""q2-1"": ""a"", ""q2-2"": ""a"", ""q2-3"": ""b"", ""q2-4"": ""a"", ""q2-5"": ""e"", ""q2-6"": ""c"", ""q2-7"": ""a"", ""q2-8"": ""a"", ""q2-9"": ""a"", ""q2-10"": ""b""}",137452,198144
380,2026-01-30T10:17:27.875503,贝,37,女,本科,望月有感,/home/ubuntu/workspace/image_voting_system/all_images/望月有感_gpt.jpg,gpt,C,51580,"{""q1-2"": ""b"", ""q1-1"": ""C"", ""q2-1"": ""a"", ""q2-2"": ""a"", ""q2-3"": ""a"", ""q2-4"": ""a"", ""q2-5"": ""a"", ""q2-6"": ""a"", ""q2-7"": ""a"", ""q2-8"": ""a"", ""q2-9"": ""a"", ""q2-10"": ""a""}",62825,114405
381,2026-01-30T10:18:30.330261,贝,37,女,本科,遣怀,/home/ubuntu/workspace/image_voting_system/all_images/遣怀_seedream.jpg,seedream,B,40291,"{""q1-2"": ""b"", ""q1-1"": ""B"", ""q2-1"": ""a"", ""q2-2"": ""a"", ""q2-3"": ""a"", ""q2-4"": ""a"", ""q2-5"": ""a"", ""q2-6"": ""a"", ""q2-7"": ""a"", ""q2-8"": ""a"", ""q2-9"": ""a"", ""q2-10"": ""a""}",22164,62455
382,2026-01-30T10:19:17.895358,贝,37,女,本科,与高适薛据同登慈恩寺浮图,/home/ubuntu/workspace/image_voting_system/all_images/与高适薛据同登慈恩寺浮图_mj.jpg,mj,B,29276,"{""q1-2"": ""a"", ""q1-1"": ""B"", ""q2-1"": ""a"", ""q2-2"": ""a"", ""q2-3"": ""a"", ""q2-4"": ""a"", ""q2-5"": ""a"", ""q2-6"": ""a"", ""q2-7"": ""a"", ""q2-8"": ""a"", ""q2-9"": ""a"", ""q2-10"": ""a""}",18289,47565
383,2026-01-30T10:20:50.164867,贝,37,女,本科,咏怀古迹五首·其三,/home/ubuntu/workspace/image_voting_system/all_images/咏怀古迹五首·其三_gpt.jpg,gpt,C,50088,"{""q1-2"": ""a"", ""q1-1"": ""A"", ""q2-1"": ""a"", ""q2-2"": ""a"", ""q2-3"": ""a"", ""q2-4"": ""b"", ""q2-5"": ""a"", ""q2-6"": ""b"", ""q2-7"": ""a"", ""q2-8"": ""a"", ""q2-9"": ""a"", ""q2-10"": ""a""}",42181,92269
384,2026-01-30T10:21:43.586821,贝,37,女,本科,金陵酒肆留别,/home/ubuntu/workspace/image_voting_system/all_images/金陵酒肆留别_mj.jpg,mj,D,36663,"{""q1-2"": ""b"", ""q1-1"": ""D"", ""q2-1"": ""a"", ""q2-2"": ""a"", ""q2-3"": ""a"", ""q2-4"": ""a"", ""q2-5"": ""a"", ""q2-6"": ""a"", ""q2-7"": ""a"", ""q2-8"": ""a"", ""q2-9"": ""a"", ""q2-10"": ""a""}",16759,53422
385,2026-01-30T10:21:51.301363,SL,57,女,大专,送杜少府之任蜀州,/home/ubuntu/workspace/image_voting_system/all_images/送杜少府之任蜀州_nano.jpg,nano,D,106258,"{""q1-2"": ""b"", ""q1-1"": ""D"", ""q2-1"": ""a"", ""q2-2"": ""b"", ""q2-3"": ""a"", ""q2-4"": ""b"", ""q2-5"": ""e"", ""q2-6"": ""d"", ""q2-7"": ""a"", ""q2-8"": ""a"", ""q2-9"": ""a"", ""q2-10"": ""c""}",160816,267074
386,2026-01-30T10:22:29.907442,贝,37,女,本科,下终南山过斛斯山人宿置酒,/home/ubuntu/workspace/image_voting_system/all_images/下终南山过斛斯山人宿置酒_gpt.jpg,gpt,B,21386,"{""q1-2"": ""b"", ""q1-1"": ""C"", ""q2-1"": ""a"", ""q2-2"": ""a"", ""q2-3"": ""a"", ""q2-4"": ""a"", ""q2-5"": ""a"", ""q2-6"": ""a"", ""q2-7"": ""a"", ""q2-8"": ""a"", ""q2-9"": ""a"", ""q2-10"": ""a""}",24500,45886
387,2026-01-30T10:23:07.402101,贝,37,女,本科,楚江怀古三首·其一,/home/ubuntu/workspace/image_voting_system/all_images/楚江怀古三首·其一_mj.jpg,mj,A,20800,"{""q1-2"": ""b"", ""q1-1"": ""A"", ""q2-1"": ""a"", ""q2-2"": ""a"", ""q2-3"": ""a"", ""q2-4"": ""a"", ""q2-5"": ""a"", ""q2-6"": ""a"", ""q2-7"": ""a"", ""q2-8"": ""a"", ""q2-9"": ""a"", ""q2-10"": ""a""}",16694,37494
388,2026-01-30T10:23:58.289000,贝,37,女,本科,泊秦淮,/home/ubuntu/workspace/image_voting_system/all_images/泊秦淮_mj.jpg,mj,B,32441,"{""q1-2"": ""b"", ""q1-1"": ""A"", ""q2-1"": ""a"", ""q2-2"": ""a"", ""q2-3"": ""a"", ""q2-4"": ""a"", ""q2-5"": ""a"", ""q2-6"": ""a"", ""q2-7"": ""a"", ""q2-8"": ""a"", ""q2-9"": ""a"", ""q2-10"": ""a""}",18446,50887
389,2026-01-30T10:24:57.559832,SL,57,女,大专,听弹琴,/home/ubuntu/workspace/image_voting_system/all_images/听弹琴_gpt.jpg,gpt,C,58443,"{""q1-2"": ""b"", ""q1-1"": ""C"", ""q2-1"": ""a"", ""q2-2"": ""b"", ""q2-3"": ""b"", ""q2-4"": ""b"", ""q2-5"": ""a"", ""q2-6"": ""b"", ""q2-7"": ""a"", ""q2-8"": ""a"", ""q2-9"": ""a"", ""q2-10"": ""b""}",127815,186258
390,2026-01-30T10:25:05.340568,贝,37,女,本科,感遇十二首·其一,/home/ubuntu/workspace/image_voting_system/all_images/感遇十二首·其一_nano.jpg,nano,B,43614,"{""q1-2"": ""b"", ""q1-1"": ""A"", ""q2-1"": ""a"", ""q2-2"": ""a"", ""q2-3"": ""a"", ""q2-4"": ""a"", ""q2-5"": ""a"", ""q2-6"": ""a"", ""q2-7"": ""a"", ""q2-8"": ""a"", ""q2-9"": ""a"", ""q2-10"": ""a""}",23438,67052
391,2026-01-30T10:28:15.147708,一秒幻觉,39,女,硕士,寻南溪常山道人隐居,/home/ubuntu/workspace/image_voting_system/all_images/寻南溪常山道人隐居_seedream.jpg,seedream,A,28896,"{""q1-2"": ""a"", ""q1-1"": ""A"", ""q2-1"": ""a"", ""q2-2"": ""b"", ""q2-3"": ""a"", ""q2-4"": ""b"", ""q2-5"": ""a"", ""q2-6"": ""b"", ""q2-7"": ""a"", ""q2-8"": ""a"", ""q2-9"": ""b"", ""q2-10"": ""b""}",99600,128496
392,2026-01-30T10:28:57.297138,SL,57,女,大专,赠阙下裴舍人,/home/ubuntu/workspace/image_voting_system/all_images/赠阙下裴舍人_mj.jpg,mj,C,77060,"{""q1-2"": ""b"", ""q1-1"": ""C"", ""q2-1"": ""a"", ""q2-2"": ""c"", ""q2-3"": ""b"", ""q2-4"": ""b"", ""q2-5"": ""a"", ""q2-6"": ""c"", ""q2-7"": ""c"", ""q2-8"": ""a"", ""q2-9"": ""c"", ""q2-10"": ""d""}",162677,239737
393,2026-01-30T10:30:07.687600,一秒幻觉,39,女,硕士,遣悲怀三首·其二,/home/ubuntu/workspace/image_voting_system/all_images/遣悲怀三首·其二_nano.jpg,nano,D,63759,"{""q1-2"": ""b"", ""q1-1"": ""B"", ""q2-1"": ""b"", ""q2-3"": ""a"", ""q2-4"": ""a"", ""q2-5"": ""b"", ""q2-6"": ""b"", ""q2-7"": ""a"", ""q2-8"": ""a"", ""q2-9"": ""a"", ""q2-10"": ""b"", ""q2-2"": ""b""}",48781,112540
394,2026-01-30T10:31:34.333754,一秒幻觉,39,女,硕士,寄人,/home/ubuntu/workspace/image_voting_system/all_images/寄人_mj.jpg,mj,A,36592,"{""q1-2"": ""b"", ""q1-1"": ""C"", ""q2-1"": ""b"", ""q2-2"": ""b"", ""q2-3"": ""b"", ""q2-4"": ""c"", ""q2-5"": ""b"", ""q2-6"": ""b"", ""q2-7"": ""b"", ""q2-8"": ""b"", ""q2-9"": ""b"", ""q2-10"": ""c""}",50054,86646
395,2026-01-30T10:32:41.989162,一秒幻觉,39,女,硕士,早秋三首·其一,/home/ubuntu/workspace/image_voting_system/all_images/早秋三首·其一_gpt.jpg,gpt,C,37858,"{""q1-2"": ""a"", ""q1-1"": ""B"", ""q2-1"": ""b"", ""q2-2"": ""b"", ""q2-3"": ""b"", ""q2-4"": ""b"", ""q2-5"": ""a"", ""q2-6"": ""b"", ""q2-7"": ""a"", ""q2-8"": ""a"", ""q2-9"": ""b"", ""q2-10"": ""b""}",29797,67655
396,2026-01-30T10:33:57.081237,一秒幻觉,39,女,硕士,客至,/home/ubuntu/workspace/image_voting_system/all_images/客至_seedream.jpg,seedream,B,28753,"{""q1-2"": ""a"", ""q1-1"": ""B"", ""q2-1"": ""b"", ""q2-2"": ""b"", ""q2-3"": ""a"", ""q2-4"": ""c"", ""q2-5"": ""b"", ""q2-6"": ""b"", ""q2-7"": ""a"", ""q2-8"": ""a"", ""q2-9"": ""a"", ""q2-10"": ""b""}",46340,75093
397,2026-01-30T10:34:21.750917,SL,57,女,大专,登幽州台歌,/home/ubuntu/workspace/image_voting_system/all_images/登幽州台歌_nano.jpg,nano,B,54987,"{""q1-2"": ""b"", ""q1-1"": ""B"", ""q2-1"": ""a"", ""q2-2"": ""b"", ""q2-3"": ""b"", ""q2-4"": ""b"", ""q2-5"": ""b"", ""q2-6"": ""d"", ""q2-7"": ""a"", ""q2-8"": ""a"", ""q2-9"": ""a"", ""q2-10"": ""c""}",116542,171529
398,2026-01-30T10:34:55.085401,一秒幻觉,39,女,硕士,登岳阳楼,/home/ubuntu/workspace/image_voting_system/all_images/登岳阳楼_mj.jpg,mj,D,35247,"{""q1-2"": ""c"", ""q1-1"": ""A"", ""q2-1"": ""b"", ""q2-2"": ""b"", ""q2-3"": ""b"", ""q2-4"": ""b"", ""q2-5"": ""b"", ""q2-6"": ""a"", ""q2-7"": ""a"", ""q2-8"": ""a"", ""q2-9"": ""b"", ""q2-10"": ""c""}",22757,58004
399,2026-01-30T10:36:14.501390,一秒幻觉,39,女,硕士,赠内人,/home/ubuntu/workspace/image_voting_system/all_images/赠内人_gpt.jpg,gpt,D,43371,"{""q1-2"": ""a"", ""q1-1"": ""D"", ""q2-1"": ""b"", ""q2-2"": ""a"", ""q2-3"": ""b"", ""q2-4"": ""b"", ""q2-5"": ""b"", ""q2-6"": ""b"", ""q2-7"": ""b"", ""q2-8"": ""b"", ""q2-9"": ""b"", ""q2-10"": ""b""}",36045,79416
400,2026-01-30T10:38:45.590707,一秒幻觉,39,女,硕士,感遇十二首·其一,/home/ubuntu/workspace/image_voting_system/all_images/感遇十二首·其一_mj.jpg,mj,D,115788,"{""q1-2"": ""d"", ""q1-1"": ""A"", ""q2-1"": ""b"", ""q2-2"": ""b"", ""q2-3"": ""b"", ""q2-4"": ""c"", ""q2-5"": ""b"", ""q2-6"": ""b"", ""q2-7"": ""b"", ""q2-8"": ""b"", ""q2-9"": ""c"", ""q2-10"": ""c""}",35301,151089
401,2026-01-30T10:39:04.453971,SL,57,女,大专,长恨歌,/home/ubuntu/workspace/image_voting_system/all_images/长恨歌_seedream.jpg,seedream,A,180521,"{""q1-2"": ""c"", ""q1-1"": ""A"", ""q2-1"": ""a"", ""q2-2"": ""b"", ""q2-3"": ""b"", ""q2-4"": ""b"", ""q2-5"": ""e"", ""q2-6"": ""b"", ""q2-7"": ""a"", ""q2-8"": ""a"", ""q2-9"": ""b"", ""q2-10"": ""c""}",102182,282703
402,2026-01-30T10:40:14.731800,一秒幻觉,39,女,硕士,春怨·纱窗日落渐黄昏,/home/ubuntu/workspace/image_voting_system/all_images/春怨·纱窗日落渐黄昏_seedream.jpg,seedream,D,25541,"{""q1-2"": ""c"", ""q1-1"": ""D"", ""q2-1"": ""b"", ""q2-3"": ""b"", ""q2-4"": ""b"", ""q2-5"": ""b"", ""q2-6"": ""c"", ""q2-7"": ""b"", ""q2-8"": ""b"", ""q2-9"": ""b"", ""q2-10"": ""c"", ""q2-2"": ""b""}",63600,89141
403,2026-01-30T10:41:19.882979,一秒幻觉,39,女,硕士,望洞庭湖赠张丞相,/home/ubuntu/workspace/image_voting_system/all_images/望洞庭湖赠张丞相_mj.jpg,mj,A,39056,"{""q1-2"": ""b"", ""q1-1"": ""A"", ""q2-1"": ""b"", ""q2-2"": ""a"", ""q2-3"": ""b"", ""q2-4"": ""b"", ""q2-5"": ""b"", ""q2-6"": ""b"", ""q2-7"": ""b"", ""q2-8"": ""b"", ""q2-9"": ""c"", ""q2-10"": ""c""}",26095,65151
404,2026-01-30T10:45:59.871768,SL,57,女,大专,筹笔驿,/home/ubuntu/workspace/image_voting_system/all_images/筹笔驿_gpt.jpg,gpt,B,98857,"{""q1-2"": ""c"", ""q1-1"": ""B"", ""q2-1"": ""a"", ""q2-2"": ""b"", ""q2-3"": ""b"", ""q2-4"": ""b"", ""q2-5"": ""e"", ""q2-6"": ""b"", ""q2-7"": ""a"", ""q2-8"": ""a"", ""q2-9"": ""a"", ""q2-10"": ""b""}",316561,415418
405,2026-01-30T10:49:21.247740,百合,29,女,本科,登鹳雀楼,/home/ubuntu/workspace/image_voting_system/all_images/登鹳雀楼_nano.jpg,nano,B,338388,"{""q1-2"": ""c"", ""q1-1"": ""B"", ""q2-1"": ""a"", ""q2-2"": ""a"", ""q2-3"": ""a"", ""q2-4"": ""b"", ""q2-5"": ""a"", ""q2-6"": ""b"", ""q2-7"": ""a"", ""q2-8"": ""a"", ""q2-9"": ""a"", ""q2-10"": ""b""}",206453,544841
406,2026-01-30T10:50:15.938586,谷雨,36,女,硕士,郡斋雨中与诸文士燕集,/home/ubuntu/workspace/image_voting_system/all_images/郡斋雨中与诸文士燕集_seedream.jpg,seedream,B,170240,"{""q1-2"": ""b"", ""q1-1"": ""B"", ""q2-1"": ""a"", ""q2-2"": ""a"", ""q2-3"": ""a"", ""q2-4"": ""a"", ""q2-5"": ""a"", ""q2-6"": ""a"", ""q2-7"": ""a"", ""q2-8"": ""a"", ""q2-9"": ""a"", ""q2-10"": ""a""}",54831,225071
407,2026-01-30T10:53:12.270519,SL,57,女,大专,下终南山过斛斯山人宿置酒,/home/ubuntu/workspace/image_voting_system/all_images/下终南山过斛斯山人宿置酒_seedream.jpg,seedream,C,312979,"{""q1-2"": ""b"", ""q1-1"": ""C"", ""q2-1"": ""a"", ""q2-2"": ""b"", ""q2-3"": ""b"", ""q2-4"": ""b"", ""q2-5"": ""b"", ""q2-6"": ""b"", ""q2-7"": ""a"", ""q2-8"": ""a"", ""q2-9"": ""a"", ""q2-10"": ""b""}",119420,432399
408,2026-01-30T10:56:24.245241,SL,57,女,大专,寻西山隐者不遇,/home/ubuntu/workspace/image_voting_system/all_images/寻西山隐者不遇_gpt.jpg,gpt,C,99716,"{""q1-2"": ""c"", ""q1-1"": ""C"", ""q2-1"": ""a"", ""q2-2"": ""a"", ""q2-3"": ""a"", ""q2-4"": ""b"", ""q2-5"": ""a"", ""q2-6"": ""c"", ""q2-7"": ""a"", ""q2-8"": ""a"", ""q2-9"": ""a"", ""q2-10"": ""b""}",92258,191974
409,2026-01-30T10:59:20.206936,SL,57,女,大专,李端公,/home/ubuntu/workspace/image_voting_system/all_images/李端公_nano.jpg,nano,C,56575,"{""q1-2"": ""b"", ""q1-1"": ""C"", ""q2-1"": ""a"", ""q2-2"": ""a"", ""q2-3"": ""b"", ""q2-4"": ""b"", ""q2-5"": ""b"", ""q2-6"": ""b"", ""q2-7"": ""a"", ""q2-8"": ""a"", ""q2-9"": ""a"", ""q2-10"": ""b""}",110629,167204
410,2026-01-30T11:01:39.937679,小刚,41,男,博士,已凉,/home/ubuntu/workspace/image_voting_system/all_images/已凉_seedream.jpg,seedream,D,98196,"{""q1-2"": ""a"", ""q1-1"": ""D"", ""q2-1"": ""a"", ""q2-2"": ""a"", ""q2-3"": ""b"", ""q2-4"": ""a"", ""q2-5"": ""b"", ""q2-6"": ""b"", ""q2-7"": ""b"", ""q2-8"": ""a"", ""q2-9"": ""b"", ""q2-10"": ""c""}",343252,441448
411,2026-01-30T11:02:07.326625,SL,57,女,大专,秋夕,/home/ubuntu/workspace/image_voting_system/all_images/秋夕_seedream.jpg,seedream,B,33687,"{""q1-2"": ""c"", ""q1-1"": ""B"", ""q2-1"": ""a"", ""q2-2"": ""b"", ""q2-3"": ""b"", ""q2-4"": ""a"", ""q2-5"": ""a"", ""q2-6"": ""b"", ""q2-7"": ""a"", ""q2-8"": ""a"", ""q2-9"": ""b"", ""q2-10"": ""c""}",133433,167120
412,2026-01-30T11:09:54.374984,SL,57,女,大专,长干曲四首·其二,/home/ubuntu/workspace/image_voting_system/all_images/长干曲四首·其二_mj.jpg,mj,A,321302,"{""q1-2"": ""d"", ""q1-1"": ""D"", ""q2-1"": ""a"", ""q2-2"": ""c"", ""q2-3"": ""c"", ""q2-4"": ""c"", ""q2-5"": ""c"", ""q2-6"": ""d"", ""q2-7"": ""d"", ""q2-8"": ""b"", ""q2-9"": ""b"", ""q2-10"": ""e""}",145746,467048
413,2026-01-30T11:13:28.618760,兔,51,男,本科,寻西山隐者不遇,/home/ubuntu/workspace/image_voting_system/all_images/寻西山隐者不遇_gpt.jpg,gpt,A,39463,"{""q1-2"": ""a"", ""q1-1"": ""D"", ""q2-1"": ""a"", ""q2-2"": ""a"", ""q2-3"": ""a"", ""q2-4"": ""a"", ""q2-5"": ""a"", ""q2-6"": ""a"", ""q2-7"": ""a"", ""q2-8"": ""a"", ""q2-9"": ""a"", ""q2-10"": ""a""}",34907,74370
414,2026-01-30T11:13:59.547486,SL,57,女,大专,无题·飒飒东风细雨来,/home/ubuntu/workspace/image_voting_system/all_images/无题·飒飒东风细雨来_mj.jpg,mj,B,108310,"{""q1-2"": ""d"", ""q1-1"": ""B"", ""q2-1"": ""a"", ""q2-2"": ""b"", ""q2-3"": ""b"", ""q2-4"": ""b"", ""q2-5"": ""b"", ""q2-6"": ""c"", ""q2-7"": ""d"", ""q2-8"": ""a"", ""q2-9"": ""b"", ""q2-10"": ""d""}",136863,245173
415,2026-01-30T11:14:51.394317,兔,51,男,本科,李端公,/home/ubuntu/workspace/image_voting_system/all_images/李端公_nano.jpg,nano,C,53873,"{""q1-2"": ""a"", ""q1-1"": ""C"", ""q2-1"": ""a"", ""q2-2"": ""a"", ""q2-3"": ""a"", ""q2-4"": ""a"", ""q2-5"": ""a"", ""q2-6"": ""a"", ""q2-7"": ""a"", ""q2-8"": ""a"", ""q2-9"": ""a"", ""q2-10"": ""a""}",28903,82776
416,2026-01-30T11:16:36.257219,SL,57,女,大专,遣悲怀三首·其一,/home/ubuntu/workspace/image_voting_system/all_images/遣悲怀三首·其一_gpt.jpg,gpt,C,69837,"{""q1-2"": ""c"", ""q1-1"": ""C"", ""q2-1"": ""a"", ""q2-2"": ""a"", ""q2-3"": ""a"", ""q2-4"": ""b"", ""q2-5"": ""b"", ""q2-6"": ""b"", ""q2-7"": ""a"", ""q2-8"": ""a"", ""q2-9"": ""a"", ""q2-10"": ""b""}",86872,156709
417,2026-01-30T11:16:54.131894,兔,51,男,本科,梦李白二首·其二,/home/ubuntu/workspace/image_voting_system/all_images/梦李白二首·其二_gpt.jpg,gpt,A,88672,"{""q1-2"": ""a"", ""q1-1"": ""A"", ""q2-1"": ""a"", ""q2-2"": ""a"", ""q2-3"": ""a"", ""q2-4"": ""a"", ""q2-5"": ""a"", ""q2-6"": ""a"", ""q2-7"": ""a"", ""q2-8"": ""a"", ""q2-9"": ""a"", ""q2-10"": ""a""}",34065,122737
418,2026-01-30T11:18:47.429830,兔,51,男,本科,塞下曲·蝉鸣空桑林,/home/ubuntu/workspace/image_voting_system/all_images/塞下曲·蝉鸣空桑林_mj.jpg,mj,C,81170,"{""q1-2"": ""a"", ""q1-1"": ""D"", ""q2-1"": ""a"", ""q2-2"": ""a"", ""q2-3"": ""a"", ""q2-4"": ""a"", ""q2-5"": ""a"", ""q2-6"": ""a"", ""q2-7"": ""a"", ""q2-8"": ""a"", ""q2-9"": ""a"", ""q2-10"": ""a""}",32128,113298
419,2026-01-30T11:20:15.609827,兔,51,男,本科,金缕衣,/home/ubuntu/workspace/image_voting_system/all_images/金缕衣_seedream.jpg,seedream,B,60195,"{""q1-2"": ""a"", ""q1-1"": ""B"", ""q2-1"": ""a"", ""q2-2"": ""a"", ""q2-3"": ""a"", ""q2-4"": ""a"", ""q2-5"": ""a"", ""q2-6"": ""a"", ""q2-7"": ""a"", ""q2-8"": ""a"", ""q2-9"": ""a"", ""q2-10"": ""a""}",27985,88180
420,2026-01-30T11:21:56.465227,SL,57,女,大专,集灵台·其一,/home/ubuntu/workspace/image_voting_system/all_images/集灵台·其一_nano.jpg,nano,C,210229,"{""q1-2"": ""c"", ""q1-1"": ""C"", ""q2-1"": ""a"", ""q2-2"": ""a"", ""q2-3"": ""a"", ""q2-4"": ""b"", ""q2-5"": ""e"", ""q2-6"": ""b"", ""q2-7"": ""a"", ""q2-8"": ""a"", ""q2-9"": ""a"", ""q2-10"": ""b""}",101766,311995
421,2026-01-30T11:27:26.408778,SL,57,女,大专,春思·燕草如碧丝,/home/ubuntu/workspace/image_voting_system/all_images/春思·燕草如碧丝_seedream.jpg,seedream,B,235965,"{""q1-2"": ""c"", ""q1-1"": ""B"", ""q2-1"": ""a"", ""q2-2"": ""b"", ""q2-3"": ""b"", ""q2-4"": ""b"", ""q2-5"": ""b"", ""q2-6"": ""b"", ""q2-7"": ""a"", ""q2-8"": ""a"", ""q2-9"": ""b"", ""q2-10"": ""c""}",93979,329944
422,2026-01-30T11:29:59.474211,SL,57,女,大专,寒食,/home/ubuntu/workspace/image_voting_system/all_images/寒食_seedream.jpg,seedream,D,48419,"{""q1-2"": ""c"", ""q1-1"": ""D"", ""q2-1"": ""a"", ""q2-2"": ""b"", ""q2-3"": ""b"", ""q2-4"": ""b"", ""q2-5"": ""a"", ""q2-6"": ""c"", ""q2-7"": ""a"", ""q2-8"": ""a"", ""q2-9"": ""a"", ""q2-10"": ""b""}",104646,153065
423,2026-01-30T11:39:08.184872,SL,57,女,大专,凉思,/home/ubuntu/workspace/image_voting_system/all_images/凉思_nano.jpg,nano,D,265683,"{""q1-2"": ""b"", ""q1-1"": ""C"", ""q2-1"": ""a"", ""q2-2"": ""b"", ""q2-3"": ""a"", ""q2-4"": ""c"", ""q2-5"": ""b"", ""q2-6"": ""d"", ""q2-7"": ""a"", ""q2-8"": ""a"", ""q2-9"": ""a"", ""q2-10"": ""c""}",283028,548711
424,2026-01-30T11:50:29.352524,谷雨,36,女,硕士,送崔九,/home/ubuntu/workspace/image_voting_system/all_images/送崔九_gpt.jpg,gpt,B,146545,"{""q1-2"": ""a"", ""q1-1"": ""B"", ""q2-1"": ""a"", ""q2-2"": ""a"", ""q2-3"": ""a"", ""q2-4"": ""a"", ""q2-5"": ""a"", ""q2-6"": ""a"", ""q2-7"": ""a"", ""q2-8"": ""a"", ""q2-9"": ""a"", ""q2-10"": ""a""}",29554,176099
425,2026-01-30T11:51:22.245641,谷雨,36,女,硕士,月下独酌·其一,/home/ubuntu/workspace/image_voting_system/all_images/月下独酌·其一_seedream.jpg,seedream,C,27433,"{""q1-2"": ""a"", ""q1-1"": ""C"", ""q2-1"": ""a"", ""q2-2"": ""a"", ""q2-3"": ""a"", ""q2-4"": ""a"", ""q2-5"": ""a"", ""q2-6"": ""a"", ""q2-7"": ""a"", ""q2-8"": ""a"", ""q2-9"": ""a"", ""q2-10"": ""a""}",25460,52893
426,2026-01-30T11:52:39.552838,谷雨,36,女,硕士,听蜀僧濬弹琴,/home/ubuntu/workspace/image_voting_system/all_images/听蜀僧濬弹琴_seedream.jpg,seedream,C,62810,"{""q1-2"": ""a"", ""q1-1"": ""C"", ""q2-1"": ""a"", ""q2-2"": ""a"", ""q2-3"": ""a"", ""q2-4"": ""a"", ""q2-5"": ""a"", ""q2-6"": ""a"", ""q2-7"": ""a"", ""q2-8"": ""a"", ""q2-9"": ""a"", ""q2-10"": ""a""}",14497,77307
427,2026-01-30T11:53:09.149383,平轩,56,男,博士,寒食,/home/ubuntu/workspace/image_voting_system/all_images/寒食_mj.jpg,mj,D,105121,"{""q1-2"": ""c"", ""q1-1"": ""A"", ""q2-1"": ""a"", ""q2-2"": ""a"", ""q2-3"": ""a"", ""q2-4"": ""b"", ""q2-5"": ""b"", ""q2-6"": ""b"", ""q2-7"": ""a"", ""q2-8"": ""a"", ""q2-9"": ""b"", ""q2-10"": ""b""}",215473,320594
428,2026-01-30T11:55:17.611671,谷雨,36,女,硕士,积雨辋川庄作,/home/ubuntu/workspace/image_voting_system/all_images/积雨辋川庄作_seedream.jpg,seedream,B,110085,"{""q1-2"": ""c"", ""q1-1"": ""B"", ""q2-1"": ""a"", ""q2-2"": ""a"", ""q2-3"": ""a"", ""q2-4"": ""b"", ""q2-5"": ""b"", ""q2-6"": ""b"", ""q2-7"": ""a"", ""q2-8"": ""a"", ""q2-9"": ""a"", ""q2-10"": ""a""}",47974,158059
429,2026-01-30T11:55:23.028550,平轩,56,男,博士,玉台体,/home/ubuntu/workspace/image_voting_system/all_images/玉台体_gpt.jpg,gpt,B,77241,"{""q1-2"": ""b"", ""q1-1"": ""C"", ""q2-1"": ""a"", ""q2-2"": ""a"", ""q2-3"": ""a"", ""q2-4"": ""a"", ""q2-5"": ""a"", ""q2-6"": ""b"", ""q2-7"": ""a"", ""q2-8"": ""a"", ""q2-9"": ""a"", ""q2-10"": ""b""}",56639,133880
430,2026-01-30T11:56:39.067859,谷雨,36,女,硕士,酬程延秋夜即事见赠,/home/ubuntu/workspace/image_voting_system/all_images/酬程延秋夜即事见赠_gpt.jpg,gpt,B,40010,"{""q1-2"": ""c"", ""q1-1"": ""D"", ""q2-1"": ""a"", ""q2-2"": ""a"", ""q2-3"": ""a"", ""q2-4"": ""b"", ""q2-5"": ""a"", ""q2-6"": ""b"", ""q2-7"": ""a"", ""q2-8"": ""a"", ""q2-9"": ""a"", ""q2-10"": ""a""}",41446,81456
431,2026-01-30T11:58:17.581557,谷雨,36,女,硕士,秋日登吴公台上寺远眺,/home/ubuntu/workspace/image_voting_system/all_images/秋日登吴公台上寺远眺_gpt.jpg,gpt,D,64911,"{""q1-2"": ""b"", ""q1-1"": ""D"", ""q2-1"": ""a"", ""q2-2"": ""a"", ""q2-3"": ""a"", ""q2-4"": ""a"", ""q2-5"": ""a"", ""q2-6"": ""b"", ""q2-7"": ""a"", ""q2-8"": ""a"", ""q2-9"": ""a"", ""q2-10"": ""a""}",33603,98514
432,2026-01-30T11:58:25.899727,平轩,56,男,博士,八月十五夜赠张功曹,/home/ubuntu/workspace/image_voting_system/all_images/八月十五夜赠张功曹_seedream.jpg,seedream,C,106005,"{""q1-2"": ""b"", ""q1-1"": ""C"", ""q2-1"": ""a"", ""q2-2"": ""a"", ""q2-3"": ""a"", ""q2-4"": ""a"", ""q2-5"": ""a"", ""q2-6"": ""a"", ""q2-7"": ""a"", ""q2-8"": ""a"", ""q2-9"": ""a"", ""q2-10"": ""b""}",76866,182871
433,2026-01-30T12:02:01.383801,平轩,56,男,博士,佳人,/home/ubuntu/workspace/image_voting_system/all_images/佳人_nano.jpg,nano,B,112016,"{""q1-2"": ""b"", ""q1-1"": ""B"", ""q2-1"": ""a"", ""q2-2"": ""a"", ""q2-3"": ""a"", ""q2-4"": ""b"", ""q2-5"": ""a"", ""q2-6"": ""b"", ""q2-7"": ""a"", ""q2-8"": ""a"", ""q2-9"": ""a"", ""q2-10"": ""b""}",103468,215484
434,2026-01-30T12:04:50.174871,平轩,56,男,博士,旅夜书怀,/home/ubuntu/workspace/image_voting_system/all_images/旅夜书怀_nano.jpg,nano,B,47270,"{""q1-2"": ""a"", ""q1-1"": ""B"", ""q2-1"": ""a"", ""q2-2"": ""a"", ""q2-3"": ""a"", ""q2-4"": ""a"", ""q2-5"": ""a"", ""q2-6"": ""a"", ""q2-7"": ""a"", ""q2-8"": ""a"", ""q2-9"": ""a"", ""q2-10"": ""b""}",121521,168791
435,2026-01-30T12:07:46.795240,平轩,56,男,博士,听安万善吹觱篥歌,/home/ubuntu/workspace/image_voting_system/all_images/听安万善吹觱篥歌_seedream.jpg,seedream,B,100039,"{""q1-2"": ""a"", ""q1-1"": ""B"", ""q2-1"": ""a"", ""q2-2"": ""a"", ""q2-3"": ""b"", ""q2-4"": ""b"", ""q2-5"": ""a"", ""q2-6"": ""b"", ""q2-7"": ""a"", ""q2-8"": ""d"", ""q2-9"": ""a"", ""q2-10"": ""b""}",76581,176620
436,2026-01-30T12:09:56.379062,平轩,56,男,博士,宫词二首·其一,/home/ubuntu/workspace/image_voting_system/all_images/宫词二首·其一_seedream.jpg,seedream,B,40749,"{""q1-2"": ""a"", ""q1-1"": ""B"", ""q2-1"": ""a"", ""q2-2"": ""a"", ""q2-3"": ""a"", ""q2-4"": ""a"", ""q2-5"": ""a"", ""q2-6"": ""a"", ""q2-7"": ""a"", ""q2-8"": ""a"", ""q2-9"": ""a"", ""q2-10"": ""b""}",27405,68154
437,2026-01-30T12:10:59.350797,平轩,56,男,博士,长干曲四首·其一,/home/ubuntu/workspace/image_voting_system/all_images/长干曲四首·其一_nano.jpg,nano,A,23604,"{""q1-2"": ""a"", ""q1-1"": ""A"", ""q2-1"": ""a"", ""q2-2"": ""a"", ""q2-3"": ""a"", ""q2-4"": ""a"", ""q2-5"": ""a"", ""q2-6"": ""a"", ""q2-7"": ""a"", ""q2-8"": ""a"", ""q2-9"": ""a"", ""q2-10"": ""b""}",39368,62972
438,2026-01-30T12:13:13.043351,平轩,56,男,博士,无题·凤尾香罗薄几重,/home/ubuntu/workspace/image_voting_system/all_images/无题·凤尾香罗薄几重_mj.jpg,mj,D,57038,"{""q1-2"": ""b"", ""q1-1"": ""A"", ""q2-1"": ""a"", ""q2-2"": ""a"", ""q2-3"": ""a"", ""q2-4"": ""c"", ""q2-5"": ""a"", ""q2-6"": ""d"", ""q2-7"": ""a"", ""q2-8"": ""a"", ""q2-9"": ""a"", ""q2-10"": ""b""}",76655,133693
439,2026-01-30T12:15:47.528977,谷雨,36,女,硕士,子夜吴歌·冬歌,/home/ubuntu/workspace/image_voting_system/all_images/子夜吴歌·冬歌_gpt.jpg,gpt,A,28159,"{""q1-2"": ""a"", ""q1-1"": ""A"", ""q2-1"": ""a"", ""q2-2"": ""a"", ""q2-3"": ""a"", ""q2-4"": ""a"", ""q2-5"": ""a"", ""q2-6"": ""b"", ""q2-7"": ""a"", ""q2-8"": ""a"", ""q2-9"": ""a"", ""q2-10"": ""b""}",40927,69086
440,2026-01-30T12:16:21.477445,谷雨,36,女,硕士,无题·飒飒东风细雨来,/home/ubuntu/workspace/image_voting_system/all_images/无题·飒飒东风细雨来_seedream.jpg,seedream,A,12200,"{""q1-2"": ""a"", ""q1-1"": ""A"", ""q2-1"": ""a"", ""q2-2"": ""a"", ""q2-3"": ""a"", ""q2-4"": ""a"", ""q2-5"": ""a"", ""q2-6"": ""a"", ""q2-7"": ""a"", ""q2-8"": ""a"", ""q2-9"": ""a"", ""q2-10"": ""a""}",21749,33949
441,2026-01-30T12:16:58.368526,谷雨,36,女,硕士,杂诗·近寒食雨草萋萋,/home/ubuntu/workspace/image_voting_system/all_images/杂诗·近寒食雨草萋萋_seedream.jpg,seedream,D,17611,"{""q1-2"": ""a"", ""q1-1"": ""D"", ""q2-1"": ""a"", ""q2-2"": ""a"", ""q2-3"": ""a"", ""q2-4"": ""a"", ""q2-5"": ""a"", ""q2-6"": ""a"", ""q2-7"": ""a"", ""q2-8"": ""a"", ""q2-9"": ""a"", ""q2-10"": ""a""}",19280,36891
442,2026-01-30T12:17:22.029576,李白比较忙,40,男,硕士,寻陆鸿渐不遇,/home/ubuntu/workspace/image_voting_system/all_images/寻陆鸿渐不遇_nano.jpg,nano,B,118006,"{""q1-2"": ""a"", ""q1-1"": ""B"", ""q2-1"": ""a"", ""q2-2"": ""a"", ""q2-3"": ""a"", ""q2-4"": ""a"", ""q2-5"": ""a"", ""q2-6"": ""b"", ""q2-7"": ""a"", ""q2-8"": ""a"", ""q2-9"": ""a"", ""q2-10"": ""b""}",73550,191556
443,2026-01-30T12:18:31.543524,李白比较忙,40,男,硕士,无题·相见时难别亦难,/home/ubuntu/workspace/image_voting_system/all_images/无题·相见时难别亦难_nano.jpg,nano,C,53179,"{""q1-2"": ""a"", ""q1-1"": ""C"", ""q2-1"": ""a"", ""q2-2"": ""a"", ""q2-3"": ""a"", ""q2-4"": ""a"", ""q2-5"": ""a"", ""q2-6"": ""a"", ""q2-7"": ""a"", ""q2-8"": ""a"", ""q2-9"": ""a"", ""q2-10"": ""b""}",16335,69514
444,2026-01-30T12:20:03.052483,李白比较忙,40,男,硕士,八月十五夜赠张功曹,/home/ubuntu/workspace/image_voting_system/all_images/八月十五夜赠张功曹_seedream.jpg,seedream,B,71101,"{""q1-2"": ""a"", ""q1-1"": ""B"", ""q2-1"": ""a"", ""q2-2"": ""a"", ""q2-3"": ""a"", ""q2-4"": ""a"", ""q2-5"": ""a"", ""q2-6"": ""a"", ""q2-7"": ""a"", ""q2-8"": ""a"", ""q2-9"": ""a"", ""q2-10"": ""b""}",20406,91507
445,2026-01-30T12:21:20.558281,李白比较忙,40,男,硕士,云阳馆与韩绅宿别,/home/ubuntu/workspace/image_voting_system/all_images/云阳馆与韩绅宿别_nano.jpg,nano,D,59563,"{""q1-2"": ""a"", ""q1-1"": ""D"", ""q2-1"": ""a"", ""q2-2"": ""a"", ""q2-3"": ""a"", ""q2-4"": ""a"", ""q2-5"": ""a"", ""q2-6"": ""a"", ""q2-7"": ""a"", ""q2-8"": ""a"", ""q2-9"": ""a"", ""q2-10"": ""b""}",17945,77508
446,2026-01-30T12:21:54.763160,李白比较忙,40,男,硕士,登高,/home/ubuntu/workspace/image_voting_system/all_images/登高_nano.jpg,nano,B,13625,"{""q1-2"": ""a"", ""q1-1"": ""B"", ""q2-1"": ""a"", ""q2-2"": ""a"", ""q2-3"": ""a"", ""q2-4"": ""a"", ""q2-5"": ""a"", ""q2-6"": ""a"", ""q2-7"": ""a"", ""q2-8"": ""a"", ""q2-9"": ""a"", ""q2-10"": ""b""}",20579,34204
447,2026-01-30T12:22:08.661611,蔡利群,63,女,本科,秋夜曲,/home/ubuntu/workspace/image_voting_system/all_images/秋夜曲_mj.jpg,mj,A,1041391,"{""q1-2"": ""a"", ""q1-1"": ""A"", ""q2-1"": ""a"", ""q2-2"": ""a"", ""q2-3"": ""a"", ""q2-5"": ""a"", ""q2-6"": ""b"", ""q2-7"": ""a"", ""q2-8"": ""a"", ""q2-9"": ""a"", ""q2-10"": ""b"", ""q2-4"": ""a""}",310724,1352115
448,2026-01-30T12:23:03.274323,李白比较忙,40,男,硕士,古意,/home/ubuntu/workspace/image_voting_system/all_images/古意_gpt.jpg,gpt,C,53530,"{""q1-2"": ""a"", ""q1-1"": ""C"", ""q2-1"": ""a"", ""q2-2"": ""a"", ""q2-3"": ""a"", ""q2-4"": ""a"", ""q2-5"": ""a"", ""q2-6"": ""a"", ""q2-7"": ""a"", ""q2-8"": ""a"", ""q2-9"": ""a"", ""q2-10"": ""b""}",14982,68512
449,2026-01-30T12:24:52.490485,丁丁,14,男,初中,行经华山,/home/ubuntu/workspace/image_voting_system/all_images/行经华山_nano.jpg,nano,D,66765,"{""q1-2"": ""a"", ""q1-1"": ""D"", ""q2-1"": ""a"", ""q2-2"": ""a"", ""q2-3"": ""a"", ""q2-4"": ""b"", ""q2-5"": ""a"", ""q2-6"": ""a"", ""q2-7"": ""a"", ""q2-8"": ""a"", ""q2-9"": ""a"", ""q2-10"": ""a""}",102880,169645
450,2026-01-30T12:26:08.792869,丁丁,14,男,初中,感遇十二首·其四,/home/ubuntu/workspace/image_voting_system/all_images/感遇十二首·其四_gpt.jpg,gpt,B,24379,"{""q1-2"": ""a"", ""q1-1"": ""B"", ""q2-1"": ""a"", ""q2-2"": ""a"", ""q2-3"": ""a"", ""q2-4"": ""a"", ""q2-5"": ""a"", ""q2-6"": ""a"", ""q2-7"": ""a"", ""q2-8"": ""a"", ""q2-9"": ""a"", ""q2-10"": ""a""}",51923,76302
451,2026-01-30T12:26:14.221230,李白比较忙,40,男,硕士,送魏万之京,/home/ubuntu/workspace/image_voting_system/all_images/送魏万之京_nano.jpg,nano,D,168581,"{""q1-2"": ""a"", ""q1-1"": ""D"", ""q2-1"": ""a"", ""q2-2"": ""a"", ""q2-3"": ""a"", ""q2-4"": ""a"", ""q2-5"": ""a"", ""q2-6"": ""b"", ""q2-7"": ""a"", ""q2-8"": ""a"", ""q2-9"": ""a"", ""q2-10"": ""b""}",22365,190946
452,2026-01-30T12:27:07.722802,李白比较忙,40,男,硕士,酬郭给事,/home/ubuntu/workspace/image_voting_system/all_images/酬郭给事_nano.jpg,nano,D,36506,"{""q1-2"": ""a"", ""q1-1"": ""D"", ""q2-1"": ""a"", ""q2-2"": ""a"", ""q2-3"": ""a"", ""q2-4"": ""a"", ""q2-5"": ""a"", ""q2-6"": ""b"", ""q2-7"": ""a"", ""q2-8"": ""a"", ""q2-9"": ""a"", ""q2-10"": ""b""}",16996,53502
453,2026-01-30T12:28:18.338942,丁丁,14,男,初中,秋夜曲,/home/ubuntu/workspace/image_voting_system/all_images/秋夜曲_mj.jpg,mj,D,94747,"{""q1-2"": ""a"", ""q1-1"": ""D"", ""q2-1"": ""a"", ""q2-2"": ""a"", ""q2-3"": ""a"", ""q2-4"": ""a"", ""q2-5"": ""a"", ""q2-6"": ""a"", ""q2-7"": ""a"", ""q2-8"": ""a"", ""q2-9"": ""a"", ""q2-10"": ""a""}",34799,129546
454,2026-01-30T12:29:47.766546,丁丁,14,男,初中,寄左省杜拾遗,/home/ubuntu/workspace/image_voting_system/all_images/寄左省杜拾遗_mj.jpg,mj,D,55809,"{""q1-2"": ""a"", ""q1-1"": ""D"", ""q2-1"": ""a"", ""q2-2"": ""a"", ""q2-3"": ""a"", ""q2-4"": ""a"", ""q2-5"": ""a"", ""q2-6"": ""a"", ""q2-7"": ""a"", ""q2-8"": ""a"", ""q2-9"": ""a"", ""q2-10"": ""a""}",33619,89428
455,2026-01-30T12:30:06.522191,李白比较忙,40,男,硕士,桃源行,/home/ubuntu/workspace/image_voting_system/all_images/桃源行_mj.jpg,mj,B,163386,"{""q1-2"": ""a"", ""q1-1"": ""B"", ""q2-1"": ""a"", ""q2-2"": ""a"", ""q2-3"": ""a"", ""q2-4"": ""a"", ""q2-5"": ""a"", ""q2-6"": ""a"", ""q2-7"": ""a"", ""q2-8"": ""a"", ""q2-9"": ""a"", ""q2-10"": ""b""}",15413,178799
456,2026-01-30T12:30:40.612541,丁丁,14,男,初中,古柏行,/home/ubuntu/workspace/image_voting_system/all_images/古柏行_gpt.jpg,gpt,A,24163,"{""q1-2"": ""a"", ""q1-1"": ""A"", ""q2-1"": ""a"", ""q2-2"": ""a"", ""q2-3"": ""a"", ""q2-4"": ""a"", ""q2-5"": ""a"", ""q2-6"": ""a"", ""q2-7"": ""a"", ""q2-8"": ""a"", ""q2-9"": ""a"", ""q2-10"": ""a""}",28683,52846
457,2026-01-30T12:31:22.701847,李白比较忙,40,男,硕士,送方外上人,/home/ubuntu/workspace/image_voting_system/all_images/送方外上人_nano.jpg,nano,B,23685,"{""q1-2"": ""a"", ""q1-1"": ""B"", ""q2-1"": ""a"", ""q2-2"": ""a"", ""q2-3"": ""a"", ""q2-4"": ""a"", ""q2-5"": ""a"", ""q2-6"": ""a"", ""q2-7"": ""a"", ""q2-8"": ""a"", ""q2-9"": ""a"", ""q2-10"": ""b""}",52495,76180
458,2026-01-30T12:32:23.637230,丁丁,14,男,初中,走马川行奉送封大夫出师西征,/home/ubuntu/workspace/image_voting_system/all_images/走马川行奉送封大夫出师西征_seedream.jpg,seedream,B,80979,"{""q1-2"": ""a"", ""q1-1"": ""B"", ""q2-1"": ""a"", ""q2-2"": ""a"", ""q2-3"": ""a"", ""q2-4"": ""a"", ""q2-5"": ""a"", ""q2-6"": ""a"", ""q2-7"": ""a"", ""q2-8"": ""a"", ""q2-9"": ""a"", ""q2-10"": ""a""}",22045,103024
459,2026-01-30T12:33:41.508608,丁丁,14,男,初中,塞下曲·饮马渡秋水,/home/ubuntu/workspace/image_voting_system/all_images/塞下曲·饮马渡秋水_seedream.jpg,seedream,C,50761,"{""q1-2"": ""a"", ""q1-1"": ""C"", ""q2-1"": ""a"", ""q2-2"": ""a"", ""q2-3"": ""a"", ""q2-4"": ""a"", ""q2-5"": ""a"", ""q2-6"": ""a"", ""q2-7"": ""a"", ""q2-8"": ""a"", ""q2-9"": ""a"", ""q2-10"": ""a""}",27111,77872
460,2026-01-30T12:35:33.727789,丁丁,14,男,初中,长相思·其一,/home/ubuntu/workspace/image_voting_system/all_images/长相思·其一_gpt.jpg,gpt,B,75663,"{""q1-2"": ""a"", ""q1-1"": ""B"", ""q2-1"": ""a"", ""q2-2"": ""a"", ""q2-3"": ""a"", ""q2-4"": ""a"", ""q2-5"": ""a"", ""q2-6"": ""a"", ""q2-7"": ""a"", ""q2-8"": ""a"", ""q2-9"": ""a"", ""q2-10"": ""a""}",36556,112219
461,2026-01-30T12:36:41.073271,老李,60,男,硕士,北青萝,/home/ubuntu/workspace/image_voting_system/all_images/北青萝_gpt.jpg,gpt,A,189505,"{""q1-2"": ""a"", ""q1-1"": ""A"", ""q2-1"": ""a"", ""q2-2"": ""a"", ""q2-3"": ""a"", ""q2-4"": ""a"", ""q2-5"": ""a"", ""q2-6"": ""a"", ""q2-7"": ""a"", ""q2-8"": ""a"", ""q2-9"": ""a"", ""q2-10"": ""b""}",117805,307310
462,2026-01-30T12:36:51.883106,丁丁,14,男,初中,宫词二首·其一,/home/ubuntu/workspace/image_voting_system/all_images/宫词二首·其一_gpt.jpg,gpt,C,52592,"{""q1-2"": ""a"", ""q1-1"": ""C"", ""q2-1"": ""a"", ""q2-2"": ""a"", ""q2-3"": ""a"", ""q2-4"": ""a"", ""q2-5"": ""a"", ""q2-6"": ""a"", ""q2-7"": ""a"", ""q2-8"": ""a"", ""q2-9"": ""a"", ""q2-10"": ""a""}",25563,78155
463,2026-01-30T12:37:48.753786,李帅帅,37,男,硕士,枫桥夜泊,/home/ubuntu/workspace/image_voting_system/all_images/枫桥夜泊_gpt.jpg,gpt,D,58902,"{""q1-2"": ""a"", ""q1-1"": ""D"", ""q2-1"": ""a"", ""q2-2"": ""a"", ""q2-3"": ""a"", ""q2-4"": ""a"", ""q2-5"": ""a"", ""q2-6"": ""a"", ""q2-7"": ""a"", ""q2-8"": ""a"", ""q2-9"": ""a"", ""q2-10"": ""a""}",55432,114334
464,2026-01-30T12:38:47.371468,丁丁,14,男,初中,送别·山中相送罢,/home/ubuntu/workspace/image_voting_system/all_images/送别·山中相送罢_gpt.jpg,gpt,A,88900,"{""q1-2"": ""a"", ""q1-1"": ""A"", ""q2-1"": ""a"", ""q2-2"": ""a"", ""q2-3"": ""a"", ""q2-4"": ""a"", ""q2-5"": ""a"", ""q2-6"": ""a"", ""q2-7"": ""a"", ""q2-8"": ""a"", ""q2-9"": ""a"", ""q2-10"": ""a""}",26589,115489
465,2026-01-30T12:39:35.122116,老李,60,男,硕士,秋夜曲,/home/ubuntu/workspace/image_voting_system/all_images/秋夜曲_mj.jpg,mj,D,114029,"{""q1-2"": ""a"", ""q1-1"": ""D"", ""q2-1"": ""a"", ""q2-2"": ""a"", ""q2-3"": ""a"", ""q2-4"": ""a"", ""q2-5"": ""a"", ""q2-6"": ""a"", ""q2-7"": ""a"", ""q2-8"": ""a"", ""q2-9"": ""a"", ""q2-10"": ""b""}",60019,174048
466,2026-01-30T12:41:55.282314,李义贞,62,女,大专,长相思·其二,/home/ubuntu/workspace/image_voting_system/all_images/长相思·其二_seedream.jpg,seedream,D,45675,"{""q1-2"": ""b"", ""q1-1"": ""D"", ""q2-4"": ""b"", ""q2-9"": ""a"", ""q2-10"": ""a"", ""q2-7"": ""a"", ""q2-8"": ""a"", ""q2-1"": ""b"", ""q2-2"": ""a"", ""q2-3"": ""a"", ""q2-5"": ""a"", ""q2-6"": ""a""}",199276,244951
467,2026-01-30T12:42:52.010630,Lee,50,女,本科,赠孟浩然,/home/ubuntu/workspace/image_voting_system/all_images/赠孟浩然_nano.jpg,nano,B,51918,"{""q1-2"": ""a"", ""q1-1"": ""C"", ""q2-1"": ""a"", ""q2-2"": ""a"", ""q2-3"": ""a"", ""q2-4"": ""a"", ""q2-5"": ""a"", ""q2-6"": ""b"", ""q2-7"": ""a"", ""q2-8"": ""a"", ""q2-10"": ""b"", ""q2-9"": ""a""}",72945,124863
468,2026-01-30T12:43:08.162142,YU,41,女,硕士,宿桐庐江寄广陵旧游,/home/ubuntu/workspace/image_voting_system/all_images/宿桐庐江寄广陵旧游_gpt.jpg,gpt,D,35003,"{""q1-2"": ""a"", ""q1-1"": ""A"", ""q2-1"": ""a"", ""q2-2"": ""a"", ""q2-3"": ""b"", ""q2-4"": ""b"", ""q2-5"": ""b"", ""q2-6"": ""b"", ""q2-7"": ""a"", ""q2-8"": ""a"", ""q2-9"": ""a"", ""q2-10"": ""b""}",93917,128920
469,2026-01-30T12:43:49.386728,老李,60,男,硕士,和乐天春词,/home/ubuntu/workspace/image_voting_system/all_images/和乐天春词_mj.jpg,mj,B,209084,"{""q1-2"": ""a"", ""q1-1"": ""B"", ""q2-1"": ""a"", ""q2-2"": ""a"", ""q2-3"": ""a"", ""q2-4"": ""a"", ""q2-5"": ""a"", ""q2-6"": ""a"", ""q2-7"": ""a"", ""q2-8"": ""a"", ""q2-9"": ""a"", ""q2-10"": ""b""}",45181,254265
470,2026-01-30T12:43:54.120491,YU,41,女,硕士,听筝,/home/ubuntu/workspace/image_voting_system/all_images/听筝_seedream.jpg,seedream,D,20461,"{""q1-2"": ""b"", ""q1-1"": ""D"", ""q2-1"": ""a"", ""q2-2"": ""a"", ""q2-3"": ""a"", ""q2-4"": ""a"", ""q2-5"": ""a"", ""q2-6"": ""a"", ""q2-7"": ""a"", ""q2-8"": ""a"", ""q2-9"": ""a"", ""q2-10"": ""a""}",25497,45958
471,2026-01-30T12:43:56.274716,丁丁,14,男,初中,桃花溪,/home/ubuntu/workspace/image_voting_system/all_images/桃花溪_nano.jpg,nano,C,27226,"{""q1-2"": ""a"", ""q1-1"": ""C"", ""q2-1"": ""a"", ""q2-2"": ""a"", ""q2-3"": ""a"", ""q2-4"": ""a"", ""q2-5"": ""a"", ""q2-6"": ""a"", ""q2-7"": ""a"", ""q2-8"": ""a"", ""q2-9"": ""a"", ""q2-10"": ""a""}",20423,47649
472,2026-01-30T12:44:48.441667,YU,41,女,硕士,渡荆门送别,/home/ubuntu/workspace/image_voting_system/all_images/渡荆门送别_seedream.jpg,seedream,B,37097,"{""q1-2"": ""a"", ""q1-1"": ""B"", ""q2-1"": ""a"", ""q2-2"": ""a"", ""q2-3"": ""a"", ""q2-4"": ""a"", ""q2-5"": ""a"", ""q2-6"": ""a"", ""q2-7"": ""a"", ""q2-8"": ""a"", ""q2-9"": ""a"", ""q2-10"": ""a""}",17225,54322
473,2026-01-30T12:45:25.519704,一一,45,男,本科,九月九日忆山东兄弟,/home/ubuntu/workspace/image_voting_system/all_images/九月九日忆山东兄弟_nano.jpg,nano,B,95703,"{""q1-2"": ""a"", ""q1-1"": ""B"", ""q2-10"": ""a"", ""q2-9"": ""a"", ""q2-8"": ""a"", ""q2-7"": ""a"", ""q2-6"": ""a"", ""q2-5"": ""a"", ""q2-4"": ""a"", ""q2-3"": ""a"", ""q2-2"": ""a"", ""q2-1"": ""a""}",73623,169326
474,2026-01-30T12:45:39.841809,YU,41,女,硕士,蜀先主庙,/home/ubuntu/workspace/image_voting_system/all_images/蜀先主庙_gpt.jpg,gpt,D,17834,"{""q1-2"": ""a"", ""q1-1"": ""D"", ""q2-1"": ""a"", ""q2-2"": ""a"", ""q2-3"": ""a"", ""q2-4"": ""a"", ""q2-5"": ""a"", ""q2-6"": ""a"", ""q2-7"": ""a"", ""q2-8"": ""a"", ""q2-9"": ""a"", ""q2-10"": ""a""}",33566,51400
475,2026-01-30T12:45:40.092555,牛,35,男,硕士,听弹琴,/home/ubuntu/workspace/image_voting_system/all_images/听弹琴_seedream.jpg,seedream,A,97728,"{""q1-2"": ""a"", ""q1-1"": ""A"", ""q2-1"": ""a"", ""q2-2"": ""a"", ""q2-3"": ""a"", ""q2-4"": ""b"", ""q2-5"": ""a"", ""q2-6"": ""b"", ""q2-7"": ""a"", ""q2-8"": ""a"", ""q2-9"": ""a"", ""q2-10"": ""a""}",79350,177078
476,2026-01-30T12:46:32.951403,唐王维,48,男,本科,长干曲四首·其一,/home/ubuntu/workspace/image_voting_system/all_images/长干曲四首·其一_mj.jpg,mj,C,35905,"{""q1-2"": ""a"", ""q1-1"": ""C"", ""q2-1"": ""a"", ""q2-2"": ""b"", ""q2-3"": ""b"", ""q2-4"": ""b"", ""q2-5"": ""b"", ""q2-6"": ""c"", ""q2-7"": ""a"", ""q2-8"": ""c"", ""q2-9"": ""b"", ""q2-10"": ""c""}",158528,194433
477,2026-01-30T12:47:47.890937,粉丝煲,43,男,本科,问刘十九,/home/ubuntu/workspace/image_voting_system/all_images/问刘十九_gpt.jpg,gpt,D,51209,"{""q1-2"": ""a"", ""q1-1"": ""D"", ""q2-1"": ""a"", ""q2-2"": ""a"", ""q2-3"": ""a"", ""q2-4"": ""a"", ""q2-5"": ""a"", ""q2-6"": ""b"", ""q2-7"": ""a"", ""q2-8"": ""a"", ""q2-9"": ""a"", ""q2-10"": ""b""}",79650,130859
478,2026-01-30T12:48:03.596892,YU,41,女,硕士,鹿柴,/home/ubuntu/workspace/image_voting_system/all_images/鹿柴_mj.jpg,mj,D,111592,"{""q1-2"": ""a"", ""q1-1"": ""B"", ""q2-1"": ""a"", ""q2-2"": ""a"", ""q2-3"": ""a"", ""q2-4"": ""a"", ""q2-5"": ""a"", ""q2-6"": ""a"", ""q2-7"": ""a"", ""q2-8"": ""a"", ""q2-9"": ""a"", ""q2-10"": ""a""}",32163,143755
479,2026-01-30T12:49:12.238315,老李,60,男,硕士,章台夜思,/home/ubuntu/workspace/image_voting_system/all_images/章台夜思_mj.jpg,mj,B,122967,"{""q1-2"": ""a"", ""q1-1"": ""A"", ""q2-1"": ""a"", ""q2-2"": ""b"", ""q2-3"": ""a"", ""q2-4"": ""c"", ""q2-5"": ""b"", ""q2-6"": ""b"", ""q2-7"": ""b"", ""q2-8"": ""c"", ""q2-9"": ""a"", ""q2-10"": ""c""}",199885,322852
480,2026-01-30T12:52:16.487899,陈怡,34,女,硕士,桃花溪,/home/ubuntu/workspace/image_voting_system/all_images/桃花溪_seedream.jpg,seedream,A,21242,"{""q1-2"": ""a"", ""q1-1"": ""A"", ""q2-1"": ""a"", ""q2-2"": ""a"", ""q2-3"": ""a"", ""q2-4"": ""a"", ""q2-5"": ""a"", ""q2-6"": ""a"", ""q2-7"": ""a"", ""q2-8"": ""a"", ""q2-10"": ""a"", ""q2-9"": ""a""}",26290,47532
481,2026-01-30T12:52:20.167276,李义贞,62,女,大专,感遇十二首·其一,/home/ubuntu/workspace/image_voting_system/all_images/感遇十二首·其一_seedream.jpg,seedream,A,52225,"{""q1-2"": ""c"", ""q1-1"": ""A"", ""q2-1"": ""a"", ""q2-2"": ""a"", ""q2-3"": ""a"", ""q2-4"": ""a"", ""q2-5"": ""a"", ""q2-6"": ""a"", ""q2-7"": ""a"", ""q2-8"": ""a"", ""q2-9"": ""a"", ""q2-10"": ""b""}",129126,181351
482,2026-01-30T12:53:21.230641,穆桂梅,60,女,本科,寄扬州韩绰判官,/home/ubuntu/workspace/image_voting_system/all_images/寄扬州韩绰判官_nano.jpg,nano,B,274737,"{""q1-2"": ""d"", ""q1-1"": ""B"", ""q2-1"": ""a"", ""q2-2"": ""a"", ""q2-3"": ""b"", ""q2-4"": ""b"", ""q2-5"": ""a"", ""q2-6"": ""a"", ""q2-7"": ""b"", ""q2-8"": ""a"", ""q2-9"": ""a"", ""q2-10"": ""b""}",168141,442878
483,2026-01-30T12:53:27.786174,陈怡,34,女,硕士,归嵩山作,/home/ubuntu/workspace/image_voting_system/all_images/归嵩山作_mj.jpg,mj,D,46739,"{""q1-2"": ""a"", ""q1-1"": ""D"", ""q2-1"": ""a"", ""q2-2"": ""a"", ""q2-3"": ""a"", ""q2-4"": ""a"", ""q2-5"": ""b"", ""q2-6"": ""a"", ""q2-7"": ""a"", ""q2-8"": ""a"", ""q2-9"": ""a"", ""q2-10"": ""b""}",24559,71298
484,2026-01-30T12:54:26.940446,陈怡,34,女,硕士,哥舒歌,/home/ubuntu/workspace/image_voting_system/all_images/哥舒歌_nano.jpg,nano,D,43289,"{""q1-2"": ""a"", ""q1-1"": ""D"", ""q2-1"": ""a"", ""q2-2"": ""a"", ""q2-3"": ""a"", ""q2-4"": ""a"", ""q2-5"": ""a"", ""q2-6"": ""a"", ""q2-7"": ""a"", ""q2-8"": ""a"", ""q2-9"": ""a"", ""q2-10"": ""a""}",15866,59155
485,2026-01-30T12:58:43.600868,孤影惊鸿,41,女,本科,赠孟浩然,/home/ubuntu/workspace/image_voting_system/all_images/赠孟浩然_seedream.jpg,seedream,A,34242,"{""q1-2"": ""a"", ""q1-1"": ""A"", ""q2-1"": ""a"", ""q2-2"": ""a"", ""q2-3"": ""a"", ""q2-4"": ""a"", ""q2-5"": ""a"", ""q2-6"": ""a"", ""q2-7"": ""a"", ""q2-8"": ""a"", ""q2-9"": ""a"", ""q2-10"": ""b""}",74860,109102
486,2026-01-30T13:08:47.740893,sat,43,男,硕士,渔翁,/home/ubuntu/workspace/image_voting_system/all_images/渔翁_seedream.jpg,seedream,A,61504,"{""q1-2"": ""a"", ""q1-1"": ""A"", ""q2-1"": ""a"", ""q2-2"": ""a"", ""q2-3"": ""a"", ""q2-4"": ""a"", ""q2-5"": ""a"", ""q2-6"": ""a"", ""q2-7"": ""a"", ""q2-8"": ""a"", ""q2-9"": ""a"", ""q2-10"": ""a""}",37399,98903
487,2026-01-30T13:12:13.009144,lucky,46,女,硕士,苏武庙,/home/ubuntu/workspace/image_voting_system/all_images/苏武庙_gpt.jpg,gpt,B,41711,"{""q1-2"": ""c"", ""q1-1"": ""B"", ""q2-6"": ""a"", ""q2-1"": ""a"", ""q2-2"": ""a"", ""q2-3"": ""a"", ""q2-4"": ""b"", ""q2-5"": ""a"", ""q2-7"": ""a"", ""q2-8"": ""a"", ""q2-9"": ""a"", ""q2-10"": ""a""}",235028,276739
488,2026-01-30T13:15:42.132928,三岁,13,男,初中,琵琶行,/home/ubuntu/workspace/image_voting_system/all_images/琵琶行_gpt.jpg,gpt,B,63723,"{""q1-2"": ""a"", ""q1-1"": ""B"", ""q2-1"": ""a"", ""q2-2"": ""a"", ""q2-3"": ""b"", ""q2-4"": ""a"", ""q2-5"": ""b"", ""q2-6"": ""b"", ""q2-7"": ""a"", ""q2-8"": ""a"", ""q2-9"": ""a"", ""q2-10"": ""b""}",162763,226486
489,2026-01-30T13:19:20.743166,庐陵兰,56,女,硕士,贫女,/home/ubuntu/workspace/image_voting_system/all_images/贫女_mj.jpg,mj,D,23829,"{""q1-2"": ""c"", ""q1-1"": ""D"", ""q2-1"": ""a"", ""q2-2"": ""b"", ""q2-3"": ""a"", ""q2-4"": ""b"", ""q2-5"": ""d"", ""q2-6"": ""e"", ""q2-7"": ""b"", ""q2-8"": ""b"", ""q2-9"": ""a"", ""q2-10"": ""b""}",116792,140621
490,2026-01-30T13:19:42.818160,阳光笑容,54,女,硕士,烈女操,/home/ubuntu/workspace/image_voting_system/all_images/烈女操_gpt.jpg,gpt,D,84919,"{""q1-2"": ""a"", ""q1-1"": ""D"", ""q2-1"": ""a"", ""q2-2"": ""a"", ""q2-3"": ""a"", ""q2-4"": ""a"", ""q2-5"": ""a"", ""q2-6"": ""a"", ""q2-7"": ""a"", ""q2-8"": ""a"", ""q2-9"": ""a"", ""q2-10"": ""b""}",104557,189476
491,2026-01-30T13:24:56.338620,牧之,30,男,本科,终南别业,/home/ubuntu/workspace/image_voting_system/all_images/终南别业_gpt.jpg,gpt,C,49273,"{""q1-2"": ""a"", ""q1-1"": ""C"", ""q2-1"": ""a"", ""q2-2"": ""a"", ""q2-3"": ""a"", ""q2-4"": ""a"", ""q2-5"": ""a"", ""q2-6"": ""a"", ""q2-7"": ""a"", ""q2-8"": ""a"", ""q2-9"": ""a"", ""q2-10"": ""b""}",77678,126951
492,2026-01-30T13:26:13.498908,牧之,30,男,本科,在狱咏蝉,/home/ubuntu/workspace/image_voting_system/all_images/在狱咏蝉_seedream.jpg,seedream,C,50640,"{""q1-2"": ""a"", ""q1-1"": ""C"", ""q2-1"": ""a"", ""q2-2"": ""a"", ""q2-3"": ""a"", ""q2-4"": ""a"", ""q2-5"": ""a"", ""q2-6"": ""a"", ""q2-7"": ""a"", ""q2-8"": ""a"", ""q2-9"": ""a"", ""q2-10"": ""b""}",26520,77160
493,2026-01-30T13:44:22.584899,青山,37,男,硕士,谷口书斋寄杨补阙,/home/ubuntu/workspace/image_voting_system/all_images/谷口书斋寄杨补阙_seedream.jpg,seedream,B,106611,"{""q1-2"": ""b"", ""q1-1"": ""B"", ""q2-10"": ""c"", ""q2-1"": ""a"", ""q2-2"": ""a"", ""q2-3"": ""a"", ""q2-4"": ""b"", ""q2-5"": ""a"", ""q2-6"": ""b"", ""q2-7"": ""a"", ""q2-8"": ""a"", ""q2-9"": ""b""}",65522,172133
494,2026-01-30T13:45:57.437475,青山,37,男,硕士,风雨,/home/ubuntu/workspace/image_voting_system/all_images/风雨_gpt.jpg,gpt,C,33654,"{""q1-2"": ""b"", ""q1-1"": ""B"", ""q2-1"": ""a"", ""q2-2"": ""b"", ""q2-3"": ""a"", ""q2-4"": ""b"", ""q2-5"": ""a"", ""q2-6"": ""b"", ""q2-7"": ""a"", ""q2-8"": ""a"", ""q2-9"": ""b"", ""q2-10"": ""c""}",61199,94853
495,2026-01-30T13:47:24.680555,皇家股,26,男,硕士,清平调·其一,/home/ubuntu/workspace/image_voting_system/all_images/清平调·其一_nano.jpg,nano,D,97333,"{""q1-2"": ""a"", ""q1-1"": ""A"", ""q2-1"": ""a"", ""q2-2"": ""b"", ""q2-3"": ""a"", ""q2-4"": ""c"", ""q2-5"": ""b"", ""q2-6"": ""d"", ""q2-7"": ""a"", ""q2-8"": ""a"", ""q2-9"": ""a"", ""q2-10"": ""d""}",360718,458051
496,2026-01-30T13:49:47.521000,一日新,29,男,本科,关山月,/home/ubuntu/workspace/image_voting_system/all_images/关山月_seedream.jpg,seedream,B,44857,"{""q1-2"": ""a"", ""q1-1"": ""B"", ""q2-1"": ""a"", ""q2-2"": ""a"", ""q2-3"": ""a"", ""q2-4"": ""a"", ""q2-5"": ""a"", ""q2-6"": ""a"", ""q2-7"": ""a"", ""q2-8"": ""a"", ""q2-9"": ""a"", ""q2-10"": ""a""}",82970,127827
497,2026-01-30T13:50:51.592693,一日新,29,男,本科,清平调·其三,/home/ubuntu/workspace/image_voting_system/all_images/清平调·其三_nano.jpg,nano,D,41845,"{""q1-2"": ""a"", ""q1-1"": ""D"", ""q2-1"": ""a"", ""q2-2"": ""a"", ""q2-3"": ""a"", ""q2-4"": ""a"", ""q2-5"": ""a"", ""q2-6"": ""a"", ""q2-7"": ""a"", ""q2-8"": ""a"", ""q2-9"": ""a"", ""q2-10"": ""a""}",22227,64072
498,2026-01-30T13:51:06.499432,皇家股,26,男,硕士,古意,/home/ubuntu/workspace/image_voting_system/all_images/古意_mj.jpg,mj,B,142383,"{""q1-2"": ""b"", ""q1-1"": ""B"", ""q2-1"": ""a"", ""q2-2"": ""a"", ""q2-3"": ""a"", ""q2-4"": ""b"", ""q2-5"": ""b"", ""q2-6"": ""d"", ""q2-7"": ""b"", ""q2-8"": ""b"", ""q2-9"": ""a"", ""q2-10"": ""b""}",79436,221819
499,2026-01-30T13:52:18.201739,一日新,29,男,本科,初发扬子寄元大校书,/home/ubuntu/workspace/image_voting_system/all_images/初发扬子寄元大校书_seedream.jpg,seedream,A,39223,"{""q1-2"": ""a"", ""q1-1"": ""A"", ""q2-1"": ""a"", ""q2-2"": ""a"", ""q2-3"": ""a"", ""q2-4"": ""a"", ""q2-5"": ""a"", ""q2-6"": ""a"", ""q2-7"": ""a"", ""q2-8"": ""a"", ""q2-9"": ""a"", ""q2-10"": ""a""}",47386,86609
500,2026-01-30T13:52:20.580939,皇家股,26,男,硕士,长恨歌,/home/ubuntu/workspace/image_voting_system/all_images/长恨歌_nano.jpg,nano,D,15680,"{""q1-2"": ""a"", ""q1-1"": ""D"", ""q2-1"": ""a"", ""q2-2"": ""a"", ""q2-3"": ""a"", ""q2-4"": ""a"", ""q2-5"": ""a"", ""q2-6"": ""a"", ""q2-7"": ""a"", ""q2-8"": ""a"", ""q2-9"": ""a"", ""q2-10"": ""a""}",58401,74081
501,2026-01-30T13:52:43.594419,李义贞,62,女,大专,行路难·其三,/home/ubuntu/workspace/image_voting_system/all_images/行路难·其三_nano.jpg,nano,C,84310,"{""q1-2"": ""b"", ""q1-1"": ""A"", ""q2-1"": ""a"", ""q2-2"": ""a"", ""q2-3"": ""a"", ""q2-4"": ""a"", ""q2-5"": ""a"", ""q2-6"": ""b"", ""q2-7"": ""a"", ""q2-8"": ""a"", ""q2-9"": ""a"", ""q2-10"": ""b""}",149070,233380
502,2026-01-30T13:53:07.835509,一日新,29,男,本科,子夜吴歌·春歌,/home/ubuntu/workspace/image_voting_system/all_images/子夜吴歌·春歌_gpt.jpg,gpt,C,22535,"{""q1-2"": ""a"", ""q1-1"": ""C"", ""q2-1"": ""a"", ""q2-2"": ""a"", ""q2-3"": ""a"", ""q2-4"": ""a"", ""q2-5"": ""a"", ""q2-6"": ""a"", ""q2-7"": ""a"", ""q2-8"": ""a"", ""q2-9"": ""a"", ""q2-10"": ""a""}",27099,49634
503,2026-01-30T13:54:11.354944,皇家股,26,男,硕士,北青萝,/home/ubuntu/workspace/image_voting_system/all_images/北青萝_seedream.jpg,seedream,B,48821,"{""q1-2"": ""b"", ""q1-1"": ""B"", ""q2-1"": ""a"", ""q2-2"": ""a"", ""q2-3"": ""a"", ""q2-4"": ""a"", ""q2-5"": ""a"", ""q2-6"": ""c"", ""q2-7"": ""b"", ""q2-8"": ""a"", ""q2-9"": ""b"", ""q2-10"": ""b""}",61953,110774
504,2026-01-30T13:55:17.126627,一日新,29,男,本科,楚江怀古三首·其一,/home/ubuntu/workspace/image_voting_system/all_images/楚江怀古三首·其一_gpt.jpg,gpt,B,27293,"{""q1-2"": ""a"", ""q1-1"": ""B"", ""q2-1"": ""a"", ""q2-2"": ""a"", ""q2-3"": ""a"", ""q2-4"": ""a"", ""q2-5"": ""a"", ""q2-6"": ""a"", ""q2-7"": ""a"", ""q2-8"": ""a"", ""q2-9"": ""a"", ""q2-10"": ""a""}",24995,52288
505,2026-01-30T13:55:41.351251,皇家股,26,男,硕士,杂诗·近寒食雨草萋萋,/home/ubuntu/workspace/image_voting_system/all_images/杂诗·近寒食雨草萋萋_nano.jpg,nano,D,41979,"{""q1-2"": ""a"", ""q1-1"": ""D"", ""q2-1"": ""a"", ""q2-2"": ""a"", ""q2-3"": ""a"", ""q2-4"": ""a"", ""q2-5"": ""a"", ""q2-6"": ""b"", ""q2-7"": ""a"", ""q2-8"": ""a"", ""q2-9"": ""a"", ""q2-10"": ""a""}",48017,89996
506,2026-01-30T13:56:03.232869,一日新,29,男,本科,喜见外弟又言别,/home/ubuntu/workspace/image_voting_system/all_images/喜见外弟又言别_nano.jpg,nano,B,20770,"{""q1-2"": ""a"", ""q1-1"": ""B"", ""q2-1"": ""a"", ""q2-2"": ""a"", ""q2-3"": ""a"", ""q2-4"": ""a"", ""q2-5"": ""a"", ""q2-6"": ""a"", ""q2-7"": ""a"", ""q2-8"": ""a"", ""q2-9"": ""a"", ""q2-10"": ""a""}",25336,46106
507,2026-01-30T13:57:28.744992,一日新,29,男,本科,长安遇冯著,/home/ubuntu/workspace/image_voting_system/all_images/长安遇冯著_nano.jpg,nano,A,66724,"{""q1-2"": ""a"", ""q1-1"": ""A"", ""q2-1"": ""a"", ""q2-2"": ""a"", ""q2-3"": ""a"", ""q2-4"": ""a"", ""q2-5"": ""a"", ""q2-6"": ""a"", ""q2-7"": ""a"", ""q2-8"": ""a"", ""q2-9"": ""a"", ""q2-10"": ""a""}",18788,85512
508,2026-01-30T13:57:30.806333,皇家股,26,男,硕士,嫦娥,/home/ubuntu/workspace/image_voting_system/all_images/嫦娥_gpt.jpg,gpt,C,59001,"{""q1-2"": ""a"", ""q1-1"": ""A"", ""q2-1"": ""a"", ""q2-2"": ""a"", ""q2-3"": ""a"", ""q2-4"": ""a"", ""q2-5"": ""a"", ""q2-6"": ""a"", ""q2-7"": ""a"", ""q2-8"": ""a"", ""q2-9"": ""a"", ""q2-10"": ""b""}",50455,109456
509,2026-01-30T13:58:03.763640,一日新,29,男,本科,古意,/home/ubuntu/workspace/image_voting_system/all_images/古意_mj.jpg,mj,A,18408,"{""q1-2"": ""a"", ""q1-1"": ""A"", ""q2-1"": ""a"", ""q2-2"": ""a"", ""q2-3"": ""a"", ""q2-4"": ""a"", ""q2-5"": ""a"", ""q2-6"": ""a"", ""q2-7"": ""a"", ""q2-8"": ""a"", ""q2-9"": ""a"", ""q2-10"": ""a""}",16608,35016
510,2026-01-30T13:59:37.195812,皇家股,26,男,硕士,子夜吴歌·秋歌,/home/ubuntu/workspace/image_voting_system/all_images/子夜吴歌·秋歌_gpt.jpg,gpt,C,52457,"{""q1-2"": ""b"", ""q1-1"": ""B"", ""q2-1"": ""a"", ""q2-2"": ""a"", ""q2-3"": ""a"", ""q2-4"": ""b"", ""q2-5"": ""a"", ""q2-6"": ""b"", ""q2-7"": ""a"", ""q2-8"": ""a"", ""q2-9"": ""a"", ""q2-10"": ""c""}",73932,126389
511,2026-01-30T13:59:38.066467,一日新,29,男,本科,题破山寺后禅院,/home/ubuntu/workspace/image_voting_system/all_images/题破山寺后禅院_gpt.jpg,gpt,D,17504,"{""q1-2"": ""a"", ""q1-1"": ""A"", ""q2-1"": ""a"", ""q2-2"": ""a"", ""q2-3"": ""a"", ""q2-4"": ""a"", ""q2-5"": ""a"", ""q2-6"": ""a"", ""q2-7"": ""a"", ""q2-8"": ""a"", ""q2-9"": ""a"", ""q2-10"": ""a""}",66945,84449
512,2026-01-30T14:01:52.476527,一日新,29,男,本科,春泛若耶溪,/home/ubuntu/workspace/image_voting_system/all_images/春泛若耶溪_mj.jpg,mj,A,108175,"{""q1-2"": ""a"", ""q1-1"": ""A"", ""q2-1"": ""a"", ""q2-2"": ""a"", ""q2-3"": ""b"", ""q2-4"": ""a"", ""q2-5"": ""a"", ""q2-6"": ""a"", ""q2-7"": ""a"", ""q2-8"": ""a"", ""q2-9"": ""a"", ""q2-10"": ""a""}",26235,134410
513,2026-01-30T14:02:51.612918,皇家股,26,男,硕士,清明日宴梅道士房,/home/ubuntu/workspace/image_voting_system/all_images/清明日宴梅道士房_mj.jpg,mj,A,107417,"{""q1-2"": ""b"", ""q1-1"": ""A"", ""q2-1"": ""a"", ""q2-2"": ""a"", ""q2-3"": ""a"", ""q2-4"": ""a"", ""q2-5"": ""a"", ""q2-6"": ""b"", ""q2-7"": ""b"", ""q2-8"": ""b"", ""q2-9"": ""b"", ""q2-10"": ""c""}",87000,194417
514,2026-01-30T14:02:52.815154,一日新,29,男,本科,观公孙大娘弟子舞剑器行,/home/ubuntu/workspace/image_voting_system/all_images/观公孙大娘弟子舞剑器行_gpt.jpg,gpt,A,17405,"{""q1-2"": ""a"", ""q1-1"": ""A"", ""q2-1"": ""a"", ""q2-2"": ""a"", ""q2-3"": ""a"", ""q2-4"": ""a"", ""q2-5"": ""a"", ""q2-6"": ""a"", ""q2-7"": ""a"", ""q2-8"": ""a"", ""q2-9"": ""a"", ""q2-10"": ""a""}",42933,60338
515,2026-01-30T14:03:29.319670,一日新,29,男,本科,锦瑟,/home/ubuntu/workspace/image_voting_system/all_images/锦瑟_gpt.jpg,gpt,A,15064,"{""q1-2"": ""a"", ""q1-1"": ""A"", ""q2-1"": ""a"", ""q2-2"": ""a"", ""q2-3"": ""a"", ""q2-4"": ""a"", ""q2-5"": ""a"", ""q2-6"": ""a"", ""q2-7"": ""a"", ""q2-8"": ""a"", ""q2-9"": ""a"", ""q2-10"": ""a""}",21441,36505
516,2026-01-30T14:05:57.384852,皇家股,26,男,硕士,梦李白二首·其一,/home/ubuntu/workspace/image_voting_system/all_images/梦李白二首·其一_seedream.jpg,seedream,A,76855,"{""q1-2"": ""d"", ""q1-1"": ""A"", ""q2-1"": ""a"", ""q2-2"": ""a"", ""q2-3"": ""a"", ""q2-4"": ""b"", ""q2-5"": ""a"", ""q2-6"": ""a"", ""q2-7"": ""a"", ""q2-10"": ""b"", ""q2-9"": ""a"", ""q2-8"": ""a""}",108917,185772
517,2026-01-30T14:06:05.254901,一日新,29,男,本科,秋夕,/home/ubuntu/workspace/image_voting_system/all_images/秋夕_nano.jpg,nano,C,22081,"{""q1-2"": ""a"", ""q1-1"": ""C"", ""q2-1"": ""a"", ""q2-2"": ""a"", ""q2-3"": ""a"", ""q2-5"": ""a"", ""q2-6"": ""a"", ""q2-7"": ""a"", ""q2-8"": ""a"", ""q2-9"": ""a"", ""q2-10"": ""a"", ""q2-4"": ""a""}",133854,155935
518,2026-01-30T14:06:59.959713,皇家股,26,男,硕士,客至,/home/ubuntu/workspace/image_voting_system/all_images/客至_nano.jpg,nano,D,36115,"{""q1-2"": ""b"", ""q1-1"": ""D"", ""q2-1"": ""a"", ""q2-2"": ""a"", ""q2-3"": ""a"", ""q2-4"": ""a"", ""q2-5"": ""a"", ""q2-6"": ""b"", ""q2-7"": ""a"", ""q2-8"": ""a"", ""q2-9"": ""a"", ""q2-10"": ""a""}",26460,62575
519,2026-01-30T14:08:19.551435,一日新,29,男,本科,鹿柴,/home/ubuntu/workspace/image_voting_system/all_images/鹿柴_gpt.jpg,gpt,C,80416,"{""q1-2"": ""a"", ""q1-1"": ""B"", ""q2-1"": ""a"", ""q2-2"": ""a"", ""q2-3"": ""a"", ""q2-4"": ""b"", ""q2-5"": ""a"", ""q2-6"": ""a"", ""q2-7"": ""a"", ""q2-8"": ""a"", ""q2-9"": ""a"", ""q2-10"": ""a""}",45562,125978
520,2026-01-30T14:09:01.156168,佳佳,59,女,本科,听弹琴,/home/ubuntu/workspace/image_voting_system/all_images/听弹琴_mj.jpg,mj,B,47525,"{""q1-2"": ""a"", ""q1-1"": ""B"", ""q2-1"": ""a"", ""q2-2"": ""a"", ""q2-3"": ""a"", ""q2-4"": ""a"", ""q2-5"": ""a"", ""q2-6"": ""c"", ""q2-7"": ""a"", ""q2-8"": ""a"", ""q2-9"": ""a"", ""q2-10"": ""b""}",212595,260120
521,2026-01-30T14:09:21.043237,一日新,29,男,本科,东郊,/home/ubuntu/workspace/image_voting_system/all_images/东郊_mj.jpg,mj,B,24936,"{""q1-2"": ""a"", ""q1-1"": ""B"", ""q2-1"": ""a"", ""q2-3"": ""b"", ""q2-4"": ""a"", ""q2-6"": ""a"", ""q2-7"": ""a"", ""q2-8"": ""a"", ""q2-9"": ""a"", ""q2-10"": ""a"", ""q2-5"": ""a"", ""q2-2"": ""a""}",36555,61491
522,2026-01-30T14:11:08.852465,一日新,29,男,本科,贼退示官吏,/home/ubuntu/workspace/image_voting_system/all_images/贼退示官吏_seedream.jpg,seedream,D,68258,"{""q1-2"": ""a"", ""q1-1"": ""A"", ""q2-1"": ""a"", ""q2-2"": ""a"", ""q2-3"": ""b"", ""q2-4"": ""b"", ""q2-5"": ""a"", ""q2-6"": ""a"", ""q2-7"": ""a"", ""q2-8"": ""a"", ""q2-9"": ""a"", ""q2-10"": ""a""}",39552,107810
523,2026-01-30T14:12:34.490584,一日新,29,男,本科,清平调·其一,/home/ubuntu/workspace/image_voting_system/all_images/清平调·其一_mj.jpg,mj,B,37562,"{""q1-2"": ""a"", ""q1-1"": ""A"", ""q2-1"": ""a"", ""q2-2"": ""a"", ""q2-3"": ""c"", ""q2-4"": ""b"", ""q2-5"": ""a"", ""q2-6"": ""a"", ""q2-7"": ""b"", ""q2-8"": ""b"", ""q2-9"": ""a"", ""q2-10"": ""b""}",48076,85638
524,2026-01-30T14:13:25.734370,鄱湖归雁,54,男,本科,咏怀古迹五首·其五,/home/ubuntu/workspace/image_voting_system/all_images/咏怀古迹五首·其五_nano.jpg,nano,B,127377,"{""q1-2"": ""d"", ""q1-1"": ""B"", ""q2-1"": ""a"", ""q2-2"": ""a"", ""q2-3"": ""a"", ""q2-4"": ""a"", ""q2-5"": ""a"", ""q2-6"": ""a"", ""q2-7"": ""a"", ""q2-8"": ""a"", ""q2-9"": ""a"", ""q2-10"": ""b""}",103132,230509
525,2026-01-30T14:13:36.261898,一日新,29,男,本科,赠孟浩然,/home/ubuntu/workspace/image_voting_system/all_images/赠孟浩然_mj.jpg,mj,B,26019,"{""q1-2"": ""a"", ""q1-1"": ""B"", ""q2-1"": ""a"", ""q2-2"": ""a"", ""q2-3"": ""b"", ""q2-4"": ""b"", ""q2-5"": ""a"", ""q2-6"": ""a"", ""q2-7"": ""a"", ""q2-8"": ""b"", ""q2-10"": ""b"", ""q2-9"": ""a""}",35752,61771
526,2026-01-30T14:20:07.320760,佳佳,59,女,本科,客至,/home/ubuntu/workspace/image_voting_system/all_images/客至_nano.jpg,nano,A,35513,"{""q1-2"": ""a"", ""q1-1"": ""A"", ""q2-1"": ""a"", ""q2-2"": ""a"", ""q2-3"": ""a"", ""q2-4"": ""a"", ""q2-5"": ""a"", ""q2-6"": ""c"", ""q2-7"": ""a"", ""q2-8"": ""a"", ""q2-9"": ""a"", ""q2-10"": ""b""}",200639,236152
527,2026-01-30T14:21:05.380512,YU,41,女,硕士,章台夜思,/home/ubuntu/workspace/image_voting_system/all_images/章台夜思_seedream.jpg,seedream,B,5563137,"{""q1-2"": ""a"", ""q1-1"": ""B"", ""q2-1"": ""a"", ""q2-2"": ""a"", ""q2-3"": ""a"", ""q2-4"": ""a"", ""q2-5"": ""a"", ""q2-6"": ""a"", ""q2-7"": ""a"", ""q2-8"": ""a"", ""q2-9"": ""a"", ""q2-10"": ""a""}",18646,5581783
528,2026-01-30T14:38:00.919756,YU,41,女,硕士,乌衣巷,/home/ubuntu/workspace/image_voting_system/all_images/乌衣巷_nano.jpg,nano,D,18044,"{""q1-2"": ""a"", ""q1-1"": ""D"", ""q2-1"": ""a"", ""q2-2"": ""a"", ""q2-3"": ""a"", ""q2-4"": ""a"", ""q2-5"": ""a"", ""q2-6"": ""a"", ""q2-7"": ""a"", ""q2-8"": ""a"", ""q2-9"": ""a"", ""q2-10"": ""a""}",16129,34173
529,2026-01-30T14:38:25.008465,旧书重读,55,男,大专,隋宫·紫泉宫殿锁烟霞,/home/ubuntu/workspace/image_voting_system/all_images/隋宫·紫泉宫殿锁烟霞_seedream.jpg,seedream,A,83927,"{""q1-2"": ""a"", ""q1-1"": ""A"", ""q2-1"": ""a"", ""q2-2"": ""a"", ""q2-3"": ""a"", ""q2-4"": ""a"", ""q2-5"": ""a"", ""q2-6"": ""b"", ""q2-7"": ""a"", ""q2-8"": ""b"", ""q2-9"": ""a"", ""q2-10"": ""b""}",74548,158475
531,2026-01-30T14:39:52.679357,YU,41,女,硕士,酬张少府,/home/ubuntu/workspace/image_voting_system/all_images/酬张少府_nano.jpg,nano,B,63908,"{""q1-2"": ""a"", ""q1-1"": ""B"", ""q2-1"": ""a"", ""q2-2"": ""a"", ""q2-3"": ""a"", ""q2-4"": ""a"", ""q2-5"": ""a"", ""q2-6"": ""a"", ""q2-7"": ""a"", ""q2-8"": ""a"", ""q2-9"": ""a"", ""q2-10"": ""a""}",17134,81042
532,2026-01-30T14:41:05.168875,YU,41,女,硕士,闻官军收河南河北,/home/ubuntu/workspace/image_voting_system/all_images/闻官军收河南河北_nano.jpg,nano,D,39494,"{""q1-2"": ""a"", ""q1-1"": ""A"", ""q2-1"": ""a"", ""q2-2"": ""a"", ""q2-3"": ""b"", ""q2-4"": ""a"", ""q2-5"": ""a"", ""q2-6"": ""a"", ""q2-7"": ""a"", ""q2-8"": ""a"", ""q2-9"": ""a"", ""q2-10"": ""b""}",32995,72489
533,2026-01-30T14:44:26.630791,烟花熤冷,53,男,硕士,赋得古原草送别,/home/ubuntu/workspace/image_voting_system/all_images/赋得古原草送别_seedream.jpg,seedream,A,35390,"{""q1-2"": ""a"", ""q1-1"": ""B"", ""q2-10"": ""a"", ""q2-9"": ""a"", ""q2-8"": ""a"", ""q2-7"": ""a"", ""q2-6"": ""c"", ""q2-5"": ""a"", ""q2-4"": ""b"", ""q2-3"": ""a"", ""q2-2"": ""a"", ""q2-1"": ""a""}",69854,105244
534,2026-01-30T14:44:42.490400,zqh,57,女,本科,金缕衣,/home/ubuntu/workspace/image_voting_system/all_images/金缕衣_nano.jpg,nano,D,57098,"{""q1-2"": ""a"", ""q1-1"": ""D"", ""q2-1"": ""a"", ""q2-2"": ""a"", ""q2-3"": ""a"", ""q2-4"": ""a"", ""q2-5"": ""a"", ""q2-6"": ""b"", ""q2-7"": ""a"", ""q2-8"": ""a"", ""q2-9"": ""a"", ""q2-10"": ""b""}",212006,269104
535,2026-01-30T14:49:11.283476,zqh,57,女,本科,溪居,/home/ubuntu/workspace/image_voting_system/all_images/溪居_nano.jpg,nano,A,82557,"{""q1-2"": ""a"", ""q1-1"": ""C"", ""q2-1"": ""a"", ""q2-2"": ""a"", ""q2-3"": ""a"", ""q2-4"": ""b"", ""q2-5"": ""e"", ""q2-6"": ""e"", ""q2-7"": ""d"", ""q2-8"": ""a"", ""q2-9"": ""a"", ""q2-10"": ""c""}",186236,268793
536,2026-01-30T14:50:46.781220,zqh,57,女,本科,无题·飒飒东风细雨来,/home/ubuntu/workspace/image_voting_system/all_images/无题·飒飒东风细雨来_gpt.jpg,gpt,C,67855,"{""q1-2"": ""a"", ""q1-1"": ""C"", ""q2-1"": ""a"", ""q2-2"": ""a"", ""q2-3"": ""a"", ""q2-4"": ""a"", ""q2-5"": ""a"", ""q2-6"": ""a"", ""q2-7"": ""a"", ""q2-8"": ""a"", ""q2-9"": ""a"", ""q2-10"": ""b""}",27642,95497
537,2026-01-30T14:52:19.049710,zqh,57,女,本科,咏怀古迹五首·其二,/home/ubuntu/workspace/image_voting_system/all_images/咏怀古迹五首·其二_nano.jpg,nano,A,66005,"{""q1-2"": ""a"", ""q1-1"": ""A"", ""q2-1"": ""a"", ""q2-2"": ""a"", ""q2-3"": ""a"", ""q2-4"": ""a"", ""q2-5"": ""a"", ""q2-6"": ""a"", ""q2-7"": ""a"", ""q2-8"": ""a"", ""q2-9"": ""a"", ""q2-10"": ""b""}",26264,92269
538,2026-01-30T14:56:14.326765,zqh,57,女,本科,蜀道难,/home/ubuntu/workspace/image_voting_system/all_images/蜀道难_nano.jpg,nano,B,154383,"{""q1-2"": ""b"", ""q1-1"": ""D"", ""q2-1"": ""a"", ""q2-2"": ""a"", ""q2-3"": ""a"", ""q2-5"": ""a"", ""q2-6"": ""b"", ""q2-7"": ""a"", ""q2-8"": ""a"", ""q2-9"": ""a"", ""q2-10"": ""c"", ""q2-4"": ""b""}",80894,235277
539,2026-01-30T14:57:39.997317,zqh,57,女,本科,青溪,/home/ubuntu/workspace/image_voting_system/all_images/青溪_mj.jpg,mj,C,58033,"{""q1-2"": ""a"", ""q1-1"": ""C"", ""q2-1"": ""a"", ""q2-2"": ""a"", ""q2-3"": ""a"", ""q2-4"": ""a"", ""q2-5"": ""a"", ""q2-6"": ""a"", ""q2-7"": ""a"", ""q2-8"": ""a"", ""q2-9"": ""a"", ""q2-10"": ""b""}",27637,85670
540,2026-01-30T14:59:20.631852,zqh,57,女,本科,登柳州城楼寄漳汀封连四州,/home/ubuntu/workspace/image_voting_system/all_images/登柳州城楼寄漳汀封连四州_mj.jpg,mj,A,66654,"{""q1-2"": ""b"", ""q1-1"": ""A"", ""q2-1"": ""a"", ""q2-2"": ""a"", ""q2-3"": ""a"", ""q2-4"": ""b"", ""q2-5"": ""a"", ""q2-6"": ""b"", ""q2-7"": ""a"", ""q2-8"": ""a"", ""q2-9"": ""a"", ""q2-10"": ""b""}",33981,100635
541,2026-01-30T15:00:21.039450,zqh,57,女,本科,客夜与故人偶集,/home/ubuntu/workspace/image_voting_system/all_images/客夜与故人偶集_mj.jpg,mj,A,38978,"{""q1-2"": ""a"", ""q1-1"": ""A"", ""q2-1"": ""a"", ""q2-2"": ""a"", ""q2-3"": ""a"", ""q2-4"": ""a"", ""q2-5"": ""a"", ""q2-6"": ""a"", ""q2-7"": ""a"", ""q2-8"": ""a"", ""q2-9"": ""a"", ""q2-10"": ""b""}",21430,60408
542,2026-01-30T15:01:12.377708,zqh,57,女,本科,梦游天姥吟留别,/home/ubuntu/workspace/image_voting_system/all_images/梦游天姥吟留别_mj.jpg,mj,B,29347,"{""q1-2"": ""a"", ""q1-1"": ""B"", ""q2-1"": ""a"", ""q2-2"": ""a"", ""q2-3"": ""a"", ""q2-4"": ""a"", ""q2-5"": ""a"", ""q2-6"": ""a"", ""q2-7"": ""a"", ""q2-8"": ""a"", ""q2-9"": ""a"", ""q2-10"": ""b""}",21991,51338
543,2026-01-30T15:02:24.432348,zqh,57,女,本科,赠别二首·其二,/home/ubuntu/workspace/image_voting_system/all_images/赠别二首·其二_nano.jpg,nano,D,50996,"{""q1-2"": ""a"", ""q1-1"": ""D"", ""q2-1"": ""a"", ""q2-2"": ""a"", ""q2-3"": ""a"", ""q2-4"": ""a"", ""q2-5"": ""a"", ""q2-6"": ""a"", ""q2-7"": ""a"", ""q2-8"": ""a"", ""q2-9"": ""a"", ""q2-10"": ""b""}",21058,72054
544,2026-01-30T15:13:29.102935,喜洋洋,48,女,硕士,登高,/home/ubuntu/workspace/image_voting_system/all_images/登高_seedream.jpg,seedream,A,102997,"{""q1-2"": ""a"", ""q1-1"": ""A"", ""q2-1"": ""a"", ""q2-2"": ""a"", ""q2-3"": ""a"", ""q2-4"": ""a"", ""q2-5"": ""a"", ""q2-6"": ""a"", ""q2-7"": ""a"", ""q2-8"": ""a"", ""q2-9"": ""a"", ""q2-10"": ""a""}",108548,211545
545,2026-01-30T15:28:31.303336,王玮,11,男,小学,过香积寺,/home/ubuntu/workspace/image_voting_system/all_images/过香积寺_mj.jpg,mj,B,58706,"{""q1-2"": ""b"", ""q1-1"": ""B"", ""q2-1"": ""a"", ""q2-2"": ""a"", ""q2-3"": ""a"", ""q2-4"": ""b"", ""q2-5"": ""d"", ""q2-6"": ""c"", ""q2-7"": ""d"", ""q2-8"": ""a"", ""q2-9"": ""b"", ""q2-10"": ""c""}",103139,161845
546,2026-01-30T15:34:56.394574,王三,30,男,硕士,积雨辋川庄作,/home/ubuntu/workspace/image_voting_system/all_images/积雨辋川庄作_nano.jpg,nano,B,43815,"{""q1-2"": ""c"", ""q1-1"": ""B"", ""q2-1"": ""a"", ""q2-2"": ""a"", ""q2-3"": ""a"", ""q2-4"": ""b"", ""q2-5"": ""b"", ""q2-6"": ""d"", ""q2-7"": ""a"", ""q2-8"": ""a"", ""q2-9"": ""a"", ""q2-10"": ""b""}",59710,103525
547,2026-01-30T15:37:15.086262,王三,30,男,硕士,哥舒歌,/home/ubuntu/workspace/image_voting_system/all_images/哥舒歌_mj.jpg,mj,C,52884,"{""q1-2"": ""c"", ""q1-1"": ""C"", ""q2-1"": ""a"", ""q2-2"": ""b"", ""q2-3"": ""b"", ""q2-4"": ""b"", ""q2-5"": ""d"", ""q2-6"": ""d"", ""q2-8"": ""d"", ""q2-9"": ""b"", ""q2-10"": ""d"", ""q2-7"": ""a""}",85807,138691
548,2026-01-30T15:39:18.096497,王三,30,男,硕士,春怨·纱窗日落渐黄昏,/home/ubuntu/workspace/image_voting_system/all_images/春怨·纱窗日落渐黄昏_seedream.jpg,seedream,A,48367,"{""q1-2"": ""a"", ""q1-1"": ""A"", ""q2-1"": ""a"", ""q2-2"": ""a"", ""q2-3"": ""c"", ""q2-4"": ""a"", ""q2-5"": ""b"", ""q2-6"": ""b"", ""q2-7"": ""a"", ""q2-8"": ""a"", ""q2-9"": ""a"", ""q2-10"": ""c""}",74644,123011
549,2026-01-30T15:49:02.543615,炫,55,女,硕士,喜外弟卢纶见宿,/home/ubuntu/workspace/image_voting_system/all_images/喜外弟卢纶见宿_nano.jpg,nano,C,205079,"{""q1-2"": ""a"", ""q1-1"": ""C"", ""q2-1"": ""a"", ""q2-2"": ""a"", ""q2-3"": ""a"", ""q2-4"": ""a"", ""q2-5"": ""a"", ""q2-6"": ""a"", ""q2-7"": ""a"", ""q2-8"": ""a"", ""q2-9"": ""a"", ""q2-10"": ""a""}",116490,321569
550,2026-01-30T15:52:30.652702,炫,55,女,硕士,哥舒歌,/home/ubuntu/workspace/image_voting_system/all_images/哥舒歌_mj.jpg,mj,D,72548,"{""q1-2"": ""a"", ""q1-1"": ""D"", ""q2-1"": ""a"", ""q2-2"": ""a"", ""q2-3"": ""a"", ""q2-4"": ""a"", ""q2-5"": ""a"", ""q2-6"": ""d"", ""q2-7"": ""a"", ""q2-8"": ""a"", ""q2-9"": ""a"", ""q2-10"": ""b""}",135560,208108
551,2026-01-30T15:58:27.488744,炫,55,女,硕士,老将行,/home/ubuntu/workspace/image_voting_system/all_images/老将行_mj.jpg,mj,A,164931,"{""q1-2"": ""a"", ""q1-1"": ""D"", ""q2-1"": ""a"", ""q2-2"": ""a"", ""q2-3"": ""a"", ""q2-4"": ""b"", ""q2-5"": ""a"", ""q2-6"": ""d"", ""q2-7"": ""a"", ""q2-9"": ""a"", ""q2-8"": ""b"", ""q2-10"": ""c""}",191906,356837
552,2026-01-30T15:59:17.652235,李小白,30,男,硕士,积雨辋川庄作,/home/ubuntu/workspace/image_voting_system/all_images/积雨辋川庄作_mj.jpg,mj,B,96251,"{""q1-2"": ""c"", ""q1-1"": ""B"", ""q2-1"": ""a"", ""q2-2"": ""a"", ""q2-3"": ""b"", ""q2-4"": ""b"", ""q2-5"": ""b"", ""q2-6"": ""b"", ""q2-7"": ""a"", ""q2-8"": ""a"", ""q2-9"": ""a"", ""q2-10"": ""b""}",87506,183757
553,2026-01-30T15:59:36.279190,炫,55,女,硕士,登乐游原,/home/ubuntu/workspace/image_voting_system/all_images/登乐游原_seedream.jpg,seedream,B,15386,"{""q1-2"": ""a"", ""q1-1"": ""B"", ""q2-1"": ""a"", ""q2-2"": ""a"", ""q2-3"": ""a"", ""q2-4"": ""a"", ""q2-5"": ""a"", ""q2-6"": ""a"", ""q2-7"": ""a"", ""q2-8"": ""a"", ""q2-9"": ""a"", ""q2-10"": ""a""}",53404,68790
554,2026-01-30T16:02:42.680353,炫,55,女,硕士,贫女,/home/ubuntu/workspace/image_voting_system/all_images/贫女_mj.jpg,mj,D,59687,"{""q1-2"": ""a"", ""q1-1"": ""D"", ""q2-1"": ""a"", ""q2-2"": ""a"", ""q2-3"": ""a"", ""q2-4"": ""c"", ""q2-5"": ""c"", ""q2-6"": ""e"", ""q2-7"": ""c"", ""q2-8"": ""a"", ""q2-9"": ""a"", ""q2-10"": ""e""}",126714,186401
555,2026-01-30T16:04:42.453290,炫,55,女,硕士,寄左省杜拾遗,/home/ubuntu/workspace/image_voting_system/all_images/寄左省杜拾遗_seedream.jpg,seedream,C,27623,"{""q1-2"": ""a"", ""q1-1"": ""C"", ""q2-1"": ""a"", ""q2-2"": ""a"", ""q2-3"": ""a"", ""q2-4"": ""a"", ""q2-5"": ""a"", ""q2-6"": ""a"", ""q2-7"": ""a"", ""q2-8"": ""a"", ""q2-9"": ""a"", ""q2-10"": ""b""}",92150,119773
556,2026-01-30T16:09:37.095116,炫,55,女,硕士,瑶池,/home/ubuntu/workspace/image_voting_system/all_images/瑶池_nano.jpg,nano,D,56383,"{""q1-2"": ""a"", ""q1-1"": ""D"", ""q2-1"": ""a"", ""q2-2"": ""a"", ""q2-3"": ""a"", ""q2-4"": ""c"", ""q2-5"": ""e"", ""q2-6"": ""b"", ""q2-7"": ""a"", ""q2-8"": ""a"", ""q2-9"": ""a"", ""q2-10"": ""b""}",238259,294642
557,2026-01-30T16:15:32.621107,炫,55,女,硕士,送綦毋潜落第还乡,/home/ubuntu/workspace/image_voting_system/all_images/送綦毋潜落第还乡_nano.jpg,nano,C,205470,"{""q1-2"": ""b"", ""q1-1"": ""B"", ""q2-1"": ""a"", ""q2-2"": ""a"", ""q2-3"": ""a"", ""q2-4"": ""b"", ""q2-5"": ""a"", ""q2-6"": ""b"", ""q2-7"": ""a"", ""q2-8"": ""a"", ""q2-9"": ""a"", ""q2-10"": ""c""}",150056,355526
558,2026-01-30T16:16:57.295242,炫,55,女,硕士,九月九日忆山东兄弟,/home/ubuntu/workspace/image_voting_system/all_images/九月九日忆山东兄弟_nano.jpg,nano,D,45825,"{""q1-2"": ""a"", ""q1-1"": ""D"", ""q2-1"": ""a"", ""q2-2"": ""a"", ""q2-3"": ""a"", ""q2-4"": ""a"", ""q2-5"": ""a"", ""q2-6"": ""a"", ""q2-7"": ""a"", ""q2-8"": ""a"", ""q2-9"": ""a"", ""q2-10"": ""a""}",38849,84674
559,2026-01-30T16:17:11.739240,吉丽,60,女,高中,寄左省杜拾遗,/home/ubuntu/workspace/image_voting_system/all_images/寄左省杜拾遗_seedream.jpg,seedream,A,123824,"{""q1-2"": ""a"", ""q1-1"": ""A"", ""q2-1"": ""a"", ""q2-2"": ""a"", ""q2-3"": ""a"", ""q2-4"": ""a"", ""q2-5"": ""a"", ""q2-6"": ""a"", ""q2-7"": ""a"", ""q2-8"": ""a"", ""q2-9"": ""a"", ""q2-10"": ""a""}",90136,213960
560,2026-01-30T16:19:25.520685,炫,55,女,硕士,酬张少府,/home/ubuntu/workspace/image_voting_system/all_images/酬张少府_seedream.jpg,seedream,C,93648,"{""q1-2"": ""b"", ""q1-1"": ""C"", ""q2-1"": ""a"", ""q2-2"": ""a"", ""q2-3"": ""a"", ""q2-4"": ""a"", ""q2-5"": ""a"", ""q2-6"": ""a"", ""q2-7"": ""a"", ""q2-8"": ""a"", ""q2-9"": ""a"", ""q2-10"": ""a""}",54578,148226
561,2026-01-30T16:19:52.155492,吉丽,60,女,高中,和晋陵陆丞早春游望,/home/ubuntu/workspace/image_voting_system/all_images/和晋陵陆丞早春游望_nano.jpg,nano,B,118765,"{""q1-2"": ""a"", ""q1-1"": ""B"", ""q2-1"": ""a"", ""q2-2"": ""a"", ""q2-3"": ""a"", ""q2-4"": ""a"", ""q2-5"": ""a"", ""q2-6"": ""a"", ""q2-7"": ""a"", ""q2-8"": ""a"", ""q2-9"": ""a"", ""q2-10"": ""a""}",41652,160417
562,2026-01-30T16:22:02.300182,吉丽,60,女,高中,旅夜书怀,/home/ubuntu/workspace/image_voting_system/all_images/旅夜书怀_gpt.jpg,gpt,C,93285,"{""q1-2"": ""a"", ""q1-1"": ""C"", ""q2-1"": ""a"", ""q2-2"": ""a"", ""q2-3"": ""a"", ""q2-4"": ""a"", ""q2-5"": ""a"", ""q2-6"": ""a"", ""q2-7"": ""a"", ""q2-8"": ""a"", ""q2-9"": ""a"", ""q2-10"": ""a""}",36859,130144
563,2026-01-30T16:28:41.415374,吉丽,60,女,高中,留别王侍御维,/home/ubuntu/workspace/image_voting_system/all_images/留别王侍御维_nano.jpg,nano,A,230695,"{""q1-2"": ""d"", ""q1-1"": ""D"", ""q2-1"": ""a"", ""q2-2"": ""a"", ""q2-3"": ""a"", ""q2-4"": ""b"", ""q2-5"": ""d"", ""q2-6"": ""e"", ""q2-7"": ""d"", ""q2-8"": ""c"", ""q2-9"": ""a"", ""q2-10"": ""c""}",168421,399116
564,2026-01-30T16:30:39.779762,吉丽,60,女,高中,客夜与故人偶集,/home/ubuntu/workspace/image_voting_system/all_images/客夜与故人偶集_mj.jpg,mj,A,83949,"{""q1-2"": ""a"", ""q1-1"": ""A"", ""q2-1"": ""a"", ""q2-2"": ""a"", ""q2-3"": ""a"", ""q2-4"": ""a"", ""q2-5"": ""a"", ""q2-6"": ""a"", ""q2-7"": ""a"", ""q2-8"": ""a"", ""q2-9"": ""a"", ""q2-10"": ""a""}",34415,118364
565,2026-01-30T16:32:49.849229,吉丽,60,女,高中,贼平后送人北归,/home/ubuntu/workspace/image_voting_system/all_images/贼平后送人北归_seedream.jpg,seedream,A,102042,"{""q1-2"": ""a"", ""q1-1"": ""A"", ""q2-1"": ""a"", ""q2-2"": ""a"", ""q2-3"": ""a"", ""q2-4"": ""a"", ""q2-5"": ""a"", ""q2-6"": ""a"", ""q2-7"": ""a"", ""q2-8"": ""a"", ""q2-9"": ""a"", ""q2-10"": ""a""}",28027,130069
566,2026-01-30T16:35:10.731967,吉丽,60,女,高中,奉和中书舍人贾至早朝大明宫,/home/ubuntu/workspace/image_voting_system/all_images/奉和中书舍人贾至早朝大明宫_seedream.jpg,seedream,C,115913,"{""q1-2"": ""a"", ""q1-1"": ""C"", ""q2-1"": ""a"", ""q2-2"": ""a"", ""q2-3"": ""a"", ""q2-4"": ""a"", ""q2-5"": ""a"", ""q2-6"": ""a"", ""q2-7"": ""a"", ""q2-8"": ""a"", ""q2-9"": ""a"", ""q2-10"": ""a""}",24970,140883
567,2026-01-30T16:37:19.040469,吉丽,60,女,高中,春宿左省,/home/ubuntu/workspace/image_voting_system/all_images/春宿左省_seedream.jpg,seedream,A,97372,"{""q1-2"": ""a"", ""q1-1"": ""A"", ""q2-1"": ""a"", ""q2-2"": ""a"", ""q2-3"": ""a"", ""q2-4"": ""a"", ""q2-5"": ""a"", ""q2-6"": ""a"", ""q2-7"": ""a"", ""q2-8"": ""a"", ""q2-9"": ""a"", ""q2-10"": ""a""}",30936,128308
568,2026-01-30T16:43:43.618166,吉丽,60,女,高中,无题·凤尾香罗薄几重,/home/ubuntu/workspace/image_voting_system/all_images/无题·凤尾香罗薄几重_gpt.jpg,gpt,A,256880,"{""q1-2"": ""d"", ""q1-1"": ""A"", ""q2-1"": ""a"", ""q2-2"": ""b"", ""q2-3"": ""a"", ""q2-4"": ""b"", ""q2-5"": ""b"", ""q2-6"": ""b"", ""q2-7"": ""a"", ""q2-8"": ""b"", ""q2-9"": ""a"", ""q2-10"": ""b""}",127698,384578
569,2026-01-30T16:45:17.011930,吉丽,60,女,高中,相思,/home/ubuntu/workspace/image_voting_system/all_images/相思_seedream.jpg,seedream,D,63536,"{""q1-2"": ""a"", ""q1-1"": ""D"", ""q2-1"": ""a"", ""q2-2"": ""a"", ""q2-3"": ""a"", ""q2-4"": ""a"", ""q2-5"": ""a"", ""q2-6"": ""a"", ""q2-7"": ""a"", ""q2-8"": ""a"", ""q2-9"": ""a"", ""q2-10"": ""a""}",29858,93394
570,2026-01-30T16:48:30.698524,吉丽,60,女,高中,汉江临泛,/home/ubuntu/workspace/image_voting_system/all_images/汉江临泛_seedream.jpg,seedream,D,139458,"{""q1-2"": ""a"", ""q1-1"": ""D"", ""q2-1"": ""a"", ""q2-2"": ""a"", ""q2-3"": ""a"", ""q2-4"": ""a"", ""q2-5"": ""a"", ""q2-6"": ""a"", ""q2-7"": ""a"", ""q2-8"": ""a"", ""q2-9"": ""a"", ""q2-10"": ""a""}",39645,179103
571,2026-01-30T16:50:19.378141,吉丽,60,女,高中,酬程延秋夜即事见赠,/home/ubuntu/workspace/image_voting_system/all_images/酬程延秋夜即事见赠_seedream.jpg,seedream,A,74047,"{""q1-2"": ""a"", ""q1-1"": ""A"", ""q2-1"": ""a"", ""q2-2"": ""a"", ""q2-3"": ""a"", ""q2-4"": ""a"", ""q2-5"": ""a"", ""q2-6"": ""a"", ""q2-7"": ""a"", ""q2-8"": ""a"", ""q2-9"": ""a"", ""q2-10"": ""a""}",34632,108679
572,2026-01-30T16:52:16.600923,吉丽,60,女,高中,凉州词,/home/ubuntu/workspace/image_voting_system/all_images/凉州词_seedream.jpg,seedream,D,92870,"{""q1-2"": ""a"", ""q1-1"": ""D"", ""q2-1"": ""a"", ""q2-2"": ""a"", ""q2-3"": ""a"", ""q2-4"": ""a"", ""q2-5"": ""a"", ""q2-6"": ""a"", ""q2-7"": ""a"", ""q2-8"": ""a"", ""q2-9"": ""a"", ""q2-10"": ""a""}",24353,117223
573,2026-01-30T16:54:09.942866,辛弃疾也被用了？,29,女,硕士,梦李白二首·其二,/home/ubuntu/workspace/image_voting_system/all_images/梦李白二首·其二_nano.jpg,nano,C,161032,"{""q1-2"": ""b"", ""q1-1"": ""B"", ""q2-1"": ""a"", ""q2-2"": ""b"", ""q2-3"": ""a"", ""q2-4"": ""b"", ""q2-5"": ""a"", ""q2-6"": ""e"", ""q2-8"": ""b"", ""q2-9"": ""a"", ""q2-10"": ""b"", ""q2-7"": ""a""}",224870,385902
574,2026-01-30T16:58:09.156980,吉丽,60,女,高中,送灵澈上人,/home/ubuntu/workspace/image_voting_system/all_images/送灵澈上人_mj.jpg,mj,C,230740,"{""q1-2"": ""d"", ""q1-1"": ""C"", ""q2-1"": ""a"", ""q2-2"": ""b"", ""q2-3"": ""a"", ""q2-4"": ""b"", ""q2-5"": ""b"", ""q2-6"": ""c"", ""q2-7"": ""d"", ""q2-8"": ""b"", ""q2-10"": ""c"", ""q2-9"": ""a""}",121816,352556
575,2026-01-30T17:00:13.427409,吉丽,60,女,高中,喜外弟卢纶见宿,/home/ubuntu/workspace/image_voting_system/all_images/喜外弟卢纶见宿_seedream.jpg,seedream,C,100995,"{""q1-2"": ""a"", ""q1-1"": ""C"", ""q2-1"": ""a"", ""q2-2"": ""a"", ""q2-3"": ""a"", ""q2-4"": ""a"", ""q2-5"": ""a"", ""q2-6"": ""a"", ""q2-7"": ""a"", ""q2-8"": ""a"", ""q2-9"": ""a"", ""q2-10"": ""a""}",23276,124271
576,2026-01-30T17:04:05.373895,吉丽,60,女,高中,韦讽录事宅观曹将军画马图,/home/ubuntu/workspace/image_voting_system/all_images/韦讽录事宅观曹将军画马图_seedream.jpg,seedream,C,186256,"{""q1-2"": ""a"", ""q1-1"": ""C"", ""q2-1"": ""a"", ""q2-2"": ""a"", ""q2-3"": ""a"", ""q2-4"": ""a"", ""q2-5"": ""a"", ""q2-6"": ""a"", ""q2-7"": ""a"", ""q2-8"": ""a"", ""q2-9"": ""a"", ""q2-10"": ""b""}",29571,215827
577,2026-01-30T17:07:08.346888,吉丽,60,女,高中,春宫曲,/home/ubuntu/workspace/image_voting_system/all_images/春宫曲_mj.jpg,mj,C,132313,"{""q1-2"": ""b"", ""q1-1"": ""C"", ""q2-1"": ""a"", ""q2-2"": ""a"", ""q2-3"": ""a"", ""q2-4"": ""b"", ""q2-5"": ""b"", ""q2-6"": ""b"", ""q2-7"": ""a"", ""q2-8"": ""a"", ""q2-9"": ""a"", ""q2-10"": ""b""}",50660,182973
578,2026-01-30T17:08:44.468862,吉丽,60,女,高中,春思·燕草如碧丝,/home/ubuntu/workspace/image_voting_system/all_images/春思·燕草如碧丝_mj.jpg,mj,C,61851,"{""q1-2"": ""b"", ""q1-1"": ""C"", ""q2-1"": ""a"", ""q2-2"": ""a"", ""q2-3"": ""a"", ""q2-4"": ""b"", ""q2-5"": ""a"", ""q2-6"": ""b"", ""q2-7"": ""a"", ""q2-8"": ""a"", ""q2-9"": ""a"", ""q2-10"": ""b""}",34271,96122
579,2026-01-30T17:13:14.204987,吉丽,60,女,高中,旅宿,/home/ubuntu/workspace/image_voting_system/all_images/旅宿_gpt.jpg,gpt,B,233442,"{""q1-2"": ""b"", ""q1-1"": ""B"", ""q2-1"": ""a"", ""q2-2"": ""a"", ""q2-3"": ""a"", ""q2-4"": ""b"", ""q2-5"": ""a"", ""q2-6"": ""b"", ""q2-7"": ""a"", ""q2-8"": ""a"", ""q2-9"": ""a"", ""q2-10"": ""b""}",36294,269736
580,2026-01-30T19:51:49.539966,完颜,33,女,博士,春宫曲,/home/ubuntu/workspace/image_voting_system/all_images/春宫曲_mj.jpg,mj,A,24914,"{""q1-2"": ""a"", ""q1-1"": ""A"", ""q2-1"": ""a"", ""q2-2"": ""a"", ""q2-3"": ""a"", ""q2-4"": ""a"", ""q2-5"": ""a"", ""q2-6"": ""a"", ""q2-7"": ""a"", ""q2-8"": ""a"", ""q2-9"": ""a"", ""q2-10"": ""b""}",30722,55636
581,2026-01-30T19:52:37.590194,完颜,33,女,博士,遣悲怀三首·其三,/home/ubuntu/workspace/image_voting_system/all_images/遣悲怀三首·其三_seedream.jpg,seedream,B,25334,"{""q1-2"": ""a"", ""q1-1"": ""B"", ""q2-1"": ""a"", ""q2-2"": ""a"", ""q2-3"": ""a"", ""q2-4"": ""a"", ""q2-5"": ""a"", ""q2-6"": ""b"", ""q2-7"": ""a"", ""q2-8"": ""a"", ""q2-9"": ""a"", ""q2-10"": ""b""}",22716,48050
583,2026-01-30T20:12:39.041330,bxkkkkk,27,女,博士,寄左省杜拾遗,/home/ubuntu/workspace/image_voting_system/all_images/寄左省杜拾遗_gpt.jpg,gpt,B,79864,"{""q1-2"": ""b"", ""q1-1"": ""B"", ""q2-1"": ""a"", ""q2-2"": ""a"", ""q2-3"": ""b"", ""q2-4"": ""b"", ""q2-5"": ""a"", ""q2-6"": ""b"", ""q2-7"": ""a"", ""q2-8"": ""a"", ""q2-9"": ""a"", ""q2-10"": ""b""}",88240,168104
584,2026-01-30T20:13:37.143110,bxkkkkk,27,女,博士,后宫词,/home/ubuntu/workspace/image_voting_system/all_images/后宫词_gpt.jpg,gpt,C,26386,"{""q1-2"": ""a"", ""q1-1"": ""C"", ""q2-1"": ""a"", ""q2-2"": ""a"", ""q2-3"": ""b"", ""q2-4"": ""b"", ""q2-5"": ""a"", ""q2-6"": ""b"", ""q2-7"": ""a"", ""q2-8"": ""a"", ""q2-9"": ""b"", ""q2-10"": ""c""}",31715,58101
585,2026-01-30T20:15:06.498125,bxkkkkk,27,女,博士,登乐游原,/home/ubuntu/workspace/image_voting_system/all_images/登乐游原_mj.jpg,mj,B,27343,"{""q1-2"": ""a"", ""q1-1"": ""B"", ""q2-1"": ""a"", ""q2-2"": ""b"", ""q2-3"": ""a"", ""q2-4"": ""c"", ""q2-5"": ""a"", ""q2-6"": ""d"", ""q2-7"": ""b"", ""q2-8"": ""a"", ""q2-9"": ""b"", ""q2-10"": ""c""}",62012,89355
586,2026-01-30T20:16:16.938181,bxkkkkk,27,女,博士,秋登兰山寄张五,/home/ubuntu/workspace/image_voting_system/all_images/秋登兰山寄张五_seedream.jpg,seedream,B,22429,"{""q1-2"": ""a"", ""q1-1"": ""B"", ""q2-1"": ""a"", ""q2-2"": ""a"", ""q2-3"": ""d"", ""q2-4"": ""d"", ""q2-5"": ""c"", ""q2-6"": ""f"", ""q2-7"": ""a"", ""q2-8"": ""a"", ""q2-9"": ""c"", ""q2-10"": ""d""}",48011,70440
587,2026-01-30T20:16:54.069784,bxkkkkk,27,女,博士,过故人庄,/home/ubuntu/workspace/image_voting_system/all_images/过故人庄_seedream.jpg,seedream,C,18504,"{""q1-2"": ""a"", ""q1-1"": ""C"", ""q2-1"": ""a"", ""q2-2"": ""a"", ""q2-3"": ""a"", ""q2-4"": ""a"", ""q2-5"": ""a"", ""q2-6"": ""a"", ""q2-7"": ""a"", ""q2-8"": ""a"", ""q2-9"": ""a"", ""q2-10"": ""a""}",18628,37132
588,2026-01-30T20:18:10.056125,bxkkkkk,27,女,博士,老将行,/home/ubuntu/workspace/image_voting_system/all_images/老将行_seedream.jpg,seedream,D,60191,"{""q1-2"": ""c"", ""q1-1"": ""D"", ""q2-1"": ""a"", ""q2-2"": ""a"", ""q2-3"": ""a"", ""q2-4"": ""a"", ""q2-5"": ""a"", ""q2-6"": ""a"", ""q2-7"": ""a"", ""q2-8"": ""a"", ""q2-9"": ""a"", ""q2-10"": ""b""}",15795,75986
589,2026-01-30T20:18:57.175810,bxkkkkk,27,女,博士,春雨,/home/ubuntu/workspace/image_voting_system/all_images/春雨_seedream.jpg,seedream,D,28597,"{""q1-2"": ""c"", ""q1-1"": ""D"", ""q2-1"": ""a"", ""q2-2"": ""a"", ""q2-3"": ""a"", ""q2-4"": ""b"", ""q2-5"": ""a"", ""q2-6"": ""a"", ""q2-7"": ""a"", ""q2-8"": ""a"", ""q2-9"": ""a"", ""q2-10"": ""b""}",18523,47120
590,2026-01-30T20:21:16.637837,bxkkkkk,27,女,博士,西塞山怀古,/home/ubuntu/workspace/image_voting_system/all_images/西塞山怀古_mj.jpg,mj,D,93970,"{""q1-2"": ""d"", ""q1-1"": ""C"", ""q2-1"": ""a"", ""q2-2"": ""b"", ""q2-3"": ""d"", ""q2-4"": ""d"", ""q2-5"": ""d"", ""q2-6"": ""c"", ""q2-7"": ""d"", ""q2-8"": ""d"", ""q2-9"": ""b"", ""q2-10"": ""e""}",45492,139462
591,2026-01-30T20:22:09.192663,bxkkkkk,27,女,博士,渔翁,/home/ubuntu/workspace/image_voting_system/all_images/渔翁_mj.jpg,mj,C,25296,"{""q1-2"": ""b"", ""q1-1"": ""D"", ""q2-1"": ""a"", ""q2-2"": ""a"", ""q2-3"": ""a"", ""q2-4"": ""b"", ""q2-5"": ""a"", ""q2-6"": ""d"", ""q2-7"": ""a"", ""q2-8"": ""a"", ""q2-9"": ""a"", ""q2-10"": ""c""}",27259,52555
592,2026-01-30T20:23:07.564962,bxkkkkk,27,女,博士,燕歌行·并序,/home/ubuntu/workspace/image_voting_system/all_images/燕歌行·并序_nano.jpg,nano,C,14292,"{""q1-2"": ""c"", ""q1-1"": ""A"", ""q2-1"": ""a"", ""q2-2"": ""c"", ""q2-3"": ""c"", ""q2-4"": ""c"", ""q2-5"": ""b"", ""q2-6"": ""d"", ""q2-7"": ""a"", ""q2-8"": ""a"", ""q2-9"": ""a"", ""q2-10"": ""c""}",44080,58372
593,2026-01-30T21:36:22.365101,Jones,45,男,本科,马嵬坡,/home/ubuntu/workspace/image_voting_system/all_images/马嵬坡_nano.jpg,nano,B,27078,"{""q1-2"": ""a"", ""q1-1"": ""B"", ""q2-1"": ""a"", ""q2-2"": ""a"", ""q2-3"": ""a"", ""q2-4"": ""a"", ""q2-5"": ""a"", ""q2-6"": ""a"", ""q2-7"": ""a"", ""q2-8"": ""a"", ""q2-9"": ""a"", ""q2-10"": ""a""}",57878,84956
594,2026-01-30T21:38:20.018197,Jones,45,男,本科,集灵台·其一,/home/ubuntu/workspace/image_voting_system/all_images/集灵台·其一_mj.jpg,mj,C,94436,"{""q1-2"": ""a"", ""q1-1"": ""C"", ""q2-1"": ""a"", ""q2-2"": ""a"", ""q2-3"": ""a"", ""q2-4"": ""a"", ""q2-5"": ""a"", ""q2-6"": ""a"", ""q2-7"": ""a"", ""q2-8"": ""a"", ""q2-9"": ""a"", ""q2-10"": ""a""}",23217,117653
595,2026-01-30T21:39:38.863484,Jones,45,男,本科,月夜·更深月色半人家,/home/ubuntu/workspace/image_voting_system/all_images/月夜·更深月色半人家_mj.jpg,mj,B,56658,"{""q1-2"": ""b"", ""q1-1"": ""B"", ""q2-1"": ""a"", ""q2-2"": ""a"", ""q2-3"": ""a"", ""q2-4"": ""a"", ""q2-5"": ""a"", ""q2-6"": ""a"", ""q2-7"": ""a"", ""q2-8"": ""a"", ""q2-9"": ""a"", ""q2-10"": ""b""}",22188,78846
596,2026-01-30T22:06:01.601968,Zmd,29,女,博士,竹里馆,/home/ubuntu/workspace/image_voting_system/all_images/竹里馆_mj.jpg,mj,D,25719,"{""q1-2"": ""a"", ""q1-1"": ""D"", ""q2-1"": ""a"", ""q2-2"": ""a"", ""q2-3"": ""a"", ""q2-4"": ""b"", ""q2-5"": ""a"", ""q2-6"": ""b"", ""q2-7"": ""a"", ""q2-8"": ""a"", ""q2-9"": ""a"", ""q2-10"": ""b""}",48812,74531
597,2026-01-30T23:45:19.659707,杜甫草堂,33,女,博士,竹里馆,/home/ubuntu/workspace/image_voting_system/all_images/竹里馆_mj.jpg,mj,A,74229,"{""q1-2"": ""a"", ""q1-1"": ""A"", ""q2-1"": ""a"", ""q2-2"": ""a"", ""q2-3"": ""b"", ""q2-4"": ""a"", ""q2-5"": ""a"", ""q2-6"": ""a"", ""q2-7"": ""a"", ""q2-8"": ""a"", ""q2-9"": ""b"", ""q2-10"": ""b""}",84817,159046
598,2026-01-30T23:49:04.612180,杜甫草堂,33,女,博士,行路难·其一,/home/ubuntu/workspace/image_voting_system/all_images/行路难·其一_mj.jpg,mj,D,118804,"{""q1-2"": ""b"", ""q1-1"": ""B"", ""q2-1"": ""a"", ""q2-2"": ""a"", ""q2-3"": ""b"", ""q2-4"": ""c"", ""q2-5"": ""c"", ""q2-6"": ""c"", ""q2-7"": ""a"", ""q2-8"": ""a"", ""q2-9"": ""a"", ""q2-10"": ""c""}",106148,224952
599,2026-01-30T23:49:25.551102,不胡不要钱,35,男,本科,行路难·其一,/home/ubuntu/workspace/image_voting_system/all_images/行路难·其一_mj.jpg,mj,A,79994,"{""q1-2"": ""a"", ""q1-1"": ""B"", ""q2-10"": ""d"", ""q2-1"": ""a"", ""q2-2"": ""b"", ""q2-3"": ""c"", ""q2-4"": ""b"", ""q2-5"": ""d"", ""q2-6"": ""d"", ""q2-7"": ""b"", ""q2-8"": ""a"", ""q2-9"": ""b""}",195802,275796
600,2026-01-30T23:52:11.293315,不胡不要钱,35,男,本科,赠阙下裴舍人,/home/ubuntu/workspace/image_voting_system/all_images/赠阙下裴舍人_nano.jpg,nano,C,68393,"{""q1-2"": ""c"", ""q1-1"": ""C"", ""q2-1"": ""a"", ""q2-2"": ""a"", ""q2-3"": ""c"", ""q2-4"": ""b"", ""q2-5"": ""b"", ""q2-6"": ""b"", ""q2-7"": ""b"", ""q2-8"": ""b"", ""q2-9"": ""b"", ""q2-10"": ""c""}",97350,165743
601,2026-01-30T23:57:02.428674,不胡不要钱,35,男,本科,清明日宴梅道士房,/home/ubuntu/workspace/image_voting_system/all_images/清明日宴梅道士房_mj.jpg,mj,A,193717,"{""q1-2"": ""d"", ""q1-1"": ""D"", ""q2-1"": ""a"", ""q2-2"": ""b"", ""q2-3"": ""b"", ""q2-4"": ""b"", ""q2-5"": ""a"", ""q2-6"": ""b"", ""q2-7"": ""c"", ""q2-8"": ""c"", ""q2-9"": ""b"", ""q2-10"": ""c""}",97418,291135
602,2026-01-31T00:55:05.370255,一,8,男,小学,和乐天春词,/home/ubuntu/workspace/image_voting_system/all_images/和乐天春词_nano.jpg,nano,A,74407,"{""q1-2"": ""c"", ""q1-1"": ""B"", ""q2-1"": ""a"", ""q2-2"": ""a"", ""q2-3"": ""a"", ""q2-4"": ""a"", ""q2-5"": ""a"", ""q2-6"": ""b"", ""q2-7"": ""a"", ""q2-8"": ""a"", ""q2-9"": ""a"", ""q2-10"": ""b""}",177441,251848
603,2026-01-31T00:55:21.047363,小蕾,37,女,本科,竹里馆,/home/ubuntu/workspace/image_voting_system/all_images/竹里馆_mj.jpg,mj,A,159722,"{""q1-2"": ""e"", ""q1-1"": ""A"", ""q2-1"": ""a"", ""q2-2"": ""a"", ""q2-3"": ""a"", ""q2-4"": ""a"", ""q2-5"": ""b"", ""q2-6"": ""c"", ""q2-7"": ""a"", ""q2-8"": ""a"", ""q2-9"": ""b"", ""q2-10"": ""b""}",242430,402152
604,2026-01-31T00:59:37.668660,一,8,男,小学,蝉,/home/ubuntu/workspace/image_voting_system/all_images/蝉_seedream.jpg,seedream,D,218407,"{""q1-2"": ""b"", ""q1-1"": ""D"", ""q2-1"": ""a"", ""q2-2"": ""a"", ""q2-3"": ""a"", ""q2-4"": ""a"", ""q2-5"": ""a"", ""q2-6"": ""b"", ""q2-7"": ""a"", ""q2-8"": ""a"", ""q2-9"": ""a"", ""q2-10"": ""b""}",53892,272299
605,2026-01-31T01:01:29.111512,一,8,男,小学,观公孙大娘弟子舞剑器行,/home/ubuntu/workspace/image_voting_system/all_images/观公孙大娘弟子舞剑器行_mj.jpg,mj,B,85831,"{""q1-2"": ""a"", ""q1-1"": ""B"", ""q2-1"": ""a"", ""q2-2"": ""a"", ""q2-3"": ""a"", ""q2-4"": ""a"", ""q2-5"": ""a"", ""q2-6"": ""a"", ""q2-7"": ""a"", ""q2-8"": ""a"", ""q2-9"": ""a"", ""q2-10"": ""b""}",25612,111443
606,2026-01-31T01:01:34.918388,uwithpz,18,男,本科,长相思·其二,/home/ubuntu/workspace/image_voting_system/all_images/长相思·其二_mj.jpg,mj,A,73037,"{""q1-2"": ""b"", ""q1-1"": ""A"", ""q2-2"": ""a"", ""q2-1"": ""a"", ""q2-3"": ""b"", ""q2-4"": ""b"", ""q2-5"": ""a"", ""q2-6"": ""b"", ""q2-7"": ""a"", ""q2-8"": ""a"", ""q2-10"": ""b"", ""q2-9"": ""a""}",66310,139347
607,2026-01-31T01:01:57.402498,清风沐川,55,女,大专,长相思·其一,/home/ubuntu/workspace/image_voting_system/all_images/长相思·其一_nano.jpg,nano,B,50194,"{""q1-2"": ""a"", ""q1-1"": ""B"", ""q2-1"": ""a"", ""q2-2"": ""a"", ""q2-3"": ""a"", ""q2-4"": ""a"", ""q2-5"": ""a"", ""q2-6"": ""a"", ""q2-7"": ""a"", ""q2-8"": ""a"", ""q2-9"": ""a"", ""q2-10"": ""a""}",156556,206750
608,2026-01-31T01:02:26.776723,uwithpz,18,男,本科,无题·重帏深下莫愁堂,/home/ubuntu/workspace/image_voting_system/all_images/无题·重帏深下莫愁堂_gpt.jpg,gpt,D,19756,"{""q1-2"": ""b"", ""q1-1"": ""D"", ""q2-1"": ""a"", ""q2-3"": ""a"", ""q2-2"": ""a"", ""q2-4"": ""a"", ""q2-5"": ""a"", ""q2-6"": ""a"", ""q2-7"": ""a"", ""q2-8"": ""a"", ""q2-9"": ""a"", ""q2-10"": ""b""}",31874,51630
609,2026-01-31T01:03:37.871191,uwithpz,18,男,本科,旅宿,/home/ubuntu/workspace/image_voting_system/all_images/旅宿_nano.jpg,nano,A,48837,"{""q1-2"": ""a"", ""q1-1"": ""C"", ""q2-1"": ""a"", ""q2-2"": ""a"", ""q2-3"": ""a"", ""q2-4"": ""a"", ""q2-5"": ""a"", ""q2-6"": ""a"", ""q2-7"": ""a"", ""q2-8"": ""a"", ""q2-9"": ""a"", ""q2-10"": ""b""}",22257,71094
610,2026-01-31T01:04:18.865534,uwithpz,18,男,本科,闻官军收河南河北,/home/ubuntu/workspace/image_voting_system/all_images/闻官军收河南河北_gpt.jpg,gpt,C,23318,"{""q1-2"": ""a"", ""q1-1"": ""B"", ""q2-3"": ""a"", ""q2-2"": ""a"", ""q2-1"": ""a"", ""q2-4"": ""b"", ""q2-5"": ""a"", ""q2-6"": ""a"", ""q2-7"": ""a"", ""q2-8"": ""a"", ""q2-9"": ""a"", ""q2-10"": ""b""}",17677,40995
611,2026-01-31T01:05:01.095802,uwithpz,18,男,本科,春泛若耶溪,/home/ubuntu/workspace/image_voting_system/all_images/春泛若耶溪_seedream.jpg,seedream,D,18084,"{""q1-2"": ""b"", ""q1-1"": ""C"", ""q2-1"": ""a"", ""q2-2"": ""a"", ""q2-3"": ""a"", ""q2-4"": ""b"", ""q2-5"": ""a"", ""q2-6"": ""a"", ""q2-7"": ""a"", ""q2-8"": ""a"", ""q2-9"": ""a"", ""q2-10"": ""b""}",24146,42230
613,2026-01-31T01:06:05.460079,uwithpz,18,男,本科,阁夜,/home/ubuntu/workspace/image_voting_system/all_images/阁夜_mj.jpg,mj,A,21827,"{""q1-2"": ""a"", ""q1-1"": ""A"", ""q2-1"": ""a"", ""q2-2"": ""a"", ""q2-4"": ""a"", ""q2-3"": ""a"", ""q2-5"": ""a"", ""q2-6"": ""a"", ""q2-7"": ""a"", ""q2-8"": ""a"", ""q2-10"": ""b"", ""q2-9"": ""a""}",13863,35690
615,2026-01-31T01:07:10.880536,uwithpz,18,男,本科,子夜吴歌·冬歌,/home/ubuntu/workspace/image_voting_system/all_images/子夜吴歌·冬歌_seedream.jpg,seedream,A,18499,"{""q1-2"": ""a"", ""q1-1"": ""A"", ""q2-1"": ""a"", ""q2-2"": ""a"", ""q2-3"": ""a"", ""q2-4"": ""a"", ""q2-5"": ""a"", ""q2-6"": ""b"", ""q2-7"": ""a"", ""q2-8"": ""a"", ""q2-9"": ""a"", ""q2-10"": ""b""}",22135,40634
616,2026-01-31T01:29:54.404644,kaka,44,男,本科,金缕衣,/home/ubuntu/workspace/image_voting_system/all_images/金缕衣_seedream.jpg,seedream,B,83564,"{""q1-2"": ""a"", ""q1-1"": ""A"", ""q2-1"": ""a"", ""q2-2"": ""a"", ""q2-3"": ""a"", ""q2-4"": ""c"", ""q2-5"": ""a"", ""q2-6"": ""e"", ""q2-7"": ""a"", ""q2-8"": ""a"", ""q2-9"": ""a"", ""q2-10"": ""b""}",122841,206405
617,2026-01-31T02:04:17.456762,孙岩,43,男,本科,感遇十二首·其二,/home/ubuntu/workspace/image_voting_system/all_images/感遇十二首·其二_nano.jpg,nano,B,49003,"{""q1-2"": ""e"", ""q1-1"": ""B"", ""q2-10"": ""b"", ""q2-1"": ""a"", ""q2-2"": ""a"", ""q2-3"": ""a"", ""q2-4"": ""a"", ""q2-5"": ""a"", ""q2-6"": ""a"", ""q2-7"": ""a"", ""q2-8"": ""a"", ""q2-9"": ""a""}",42887,91890
618,2026-01-31T05:52:15.947193,yz,28,女,硕士,与高适薛据同登慈恩寺浮图,/home/ubuntu/workspace/image_voting_system/all_images/与高适薛据同登慈恩寺浮图_seedream.jpg,seedream,D,46637,"{""q1-2"": ""c"", ""q1-1"": ""D"", ""q2-1"": ""a"", ""q2-2"": ""a"", ""q2-3"": ""b"", ""q2-4"": ""b"", ""q2-5"": ""c"", ""q2-6"": ""a"", ""q2-7"": ""a"", ""q2-8"": ""a"", ""q2-9"": ""a"", ""q2-10"": ""b""}",141064,187701
619,2026-01-31T05:54:01.913940,李中白,29,女,博士,喜外弟卢纶见宿,/home/ubuntu/workspace/image_voting_system/all_images/喜外弟卢纶见宿_gpt.jpg,gpt,B,70463,"{""q1-2"": ""c"", ""q1-1"": ""B"", ""q2-1"": ""a"", ""q2-2"": ""a"", ""q2-3"": ""c"", ""q2-4"": ""b"", ""q2-5"": ""b"", ""q2-6"": ""c"", ""q2-7"": ""a"", ""q2-8"": ""a"", ""q2-10"": ""c"", ""q2-9"": ""a""}",104801,175264
620,2026-01-31T05:55:02.575241,yz,28,女,硕士,集灵台·其二,/home/ubuntu/workspace/image_voting_system/all_images/集灵台·其二_mj.jpg,mj,A,53298,"{""q1-2"": ""a"", ""q1-1"": ""A"", ""q2-1"": ""a"", ""q2-2"": ""a"", ""q2-3"": ""c"", ""q2-4"": ""c"", ""q2-5"": ""d"", ""q2-6"": ""a"", ""q2-7"": ""d"", ""q2-8"": ""b"", ""q2-9"": ""a"", ""q2-10"": ""c""}",113330,166628
621,2026-01-31T05:56:55.449869,yz,28,女,硕士,行路难·其三,/home/ubuntu/workspace/image_voting_system/all_images/行路难·其三_seedream.jpg,seedream,D,32482,"{""q1-2"": ""c"", ""q1-1"": ""A"", ""q2-1"": ""a"", ""q2-2"": ""a"", ""q2-3"": ""a"", ""q2-4"": ""d"", ""q2-5"": ""c"", ""q2-6"": ""b"", ""q2-7"": ""a"", ""q2-8"": ""a"", ""q2-9"": ""a"", ""q2-10"": ""e""}",80393,112875
622,2026-01-31T11:58:31.957721,来世作朵花,58,女,大专,秋登兰山寄张五,/home/ubuntu/workspace/image_voting_system/all_images/秋登兰山寄张五_gpt.jpg,gpt,C,58889,"{""q1-2"": ""b"", ""q1-1"": ""A"", ""q2-1"": ""a"", ""q2-2"": ""a"", ""q2-3"": ""a"", ""q2-4"": ""a"", ""q2-5"": ""a"", ""q2-6"": ""a"", ""q2-7"": ""a"", ""q2-8"": ""a"", ""q2-9"": ""a"", ""q2-10"": ""b""}",91964,150853
623,2026-01-31T12:01:37.022879,来世作朵花,58,女,大专,望岳,/home/ubuntu/workspace/image_voting_system/all_images/望岳_seedream.jpg,seedream,C,152269,"{""q1-2"": ""b"", ""q1-1"": ""C"", ""q2-1"": ""a"", ""q2-2"": ""a"", ""q2-3"": ""a"", ""q2-4"": ""a"", ""q2-5"": ""a"", ""q2-6"": ""a"", ""q2-7"": ""a"", ""q2-8"": ""a"", ""q2-9"": ""a"", ""q2-10"": ""b""}",32796,185065
624,2026-01-31T12:15:12.210666,来世作朵花,58,女,大专,落花,/home/ubuntu/workspace/image_voting_system/all_images/落花_gpt.jpg,gpt,D,787503,"{""q1-2"": ""b"", ""q1-1"": ""D"", ""q2-1"": ""a"", ""q2-2"": ""a"", ""q2-3"": ""a"", ""q2-4"": ""a"", ""q2-5"": ""a"", ""q2-6"": ""a"", ""q2-7"": ""a"", ""q2-8"": ""a"", ""q2-9"": ""a"", ""q2-10"": ""b""}",27685,815188
625,2026-01-31T13:39:57.541512,阿桑,36,男,硕士,贼退示官吏,/home/ubuntu/workspace/image_voting_system/all_images/贼退示官吏_gpt.jpg,gpt,B,106743,"{""q1-2"": ""b"", ""q1-1"": ""B"", ""q2-1"": ""a"", ""q2-2"": ""a"", ""q2-3"": ""a"", ""q2-4"": ""b"", ""q2-5"": ""a"", ""q2-6"": ""b"", ""q2-7"": ""a"", ""q2-8"": ""a"", ""q2-9"": ""a"", ""q2-10"": ""b""}",91893,198636
626,2026-01-31T19:34:43.531865,诗仙,30,男,博士,玉阶怨,/home/ubuntu/workspace/image_voting_system/all_images/玉阶怨_seedream.jpg,seedream,A,74936,"{""q1-2"": ""a"", ""q1-1"": ""A"", ""q2-1"": ""a"", ""q2-2"": ""a"", ""q2-3"": ""c"", ""q2-4"": ""b"", ""q2-5"": ""a"", ""q2-6"": ""c"", ""q2-7"": ""b"", ""q2-8"": ""a"", ""q2-9"": ""a"", ""q2-10"": ""b""}",180167,255103
627,2026-02-01T04:33:26.425149,zl_azm,100,男,大专,子夜吴歌·春歌,/home/ubuntu/workspace/image_voting_system/all_images/子夜吴歌·春歌_mj.jpg,mj,D,40760,"{""q1-2"": ""a"", ""q1-1"": ""D"", ""q2-1"": ""a"", ""q2-2"": ""a"", ""q2-3"": ""b"", ""q2-4"": ""b"", ""q2-5"": ""a"", ""q2-6"": ""b"", ""q2-7"": ""a"", ""q2-8"": ""a"", ""q2-9"": ""a"", ""q2-10"": ""b""}",131919,172679
628,2026-02-01T04:35:43.033975,zl_azm,100,男,大专,渭川田家,/home/ubuntu/workspace/image_voting_system/all_images/渭川田家_mj.jpg,mj,A,37652,"{""q1-2"": ""a"", ""q1-1"": ""A"", ""q2-1"": ""a"", ""q2-2"": ""a"", ""q2-3"": ""b"", ""q2-4"": ""b"", ""q2-5"": ""a"", ""q2-6"": ""b"", ""q2-7"": ""c"", ""q2-8"": ""a"", ""q2-9"": ""a"", ""q2-10"": ""b""}",98957,136609
629,2026-02-01T04:37:49.753556,zl_azm,100,男,大专,长安遇冯著,/home/ubuntu/workspace/image_voting_system/all_images/长安遇冯著_mj.jpg,mj,C,26199,"{""q1-2"": ""b"", ""q1-1"": ""B"", ""q2-1"": ""a"", ""q2-2"": ""b"", ""q2-4"": ""c"", ""q2-3"": ""c"", ""q2-5"": ""b"", ""q2-6"": ""c"", ""q2-7"": ""d"", ""q2-8"": ""a"", ""q2-9"": ""b"", ""q2-10"": ""d""}",100521,126720
630,2026-02-01T04:40:11.224599,zl_azm,100,男,大专,客夜与故人偶集,/home/ubuntu/workspace/image_voting_system/all_images/客夜与故人偶集_seedream.jpg,seedream,C,39731,"{""q1-2"": ""a"", ""q1-1"": ""A"", ""q2-1"": ""a"", ""q2-2"": ""a"", ""q2-3"": ""a"", ""q2-4"": ""b"", ""q2-5"": ""b"", ""q2-6"": ""f"", ""q2-7"": ""a"", ""q2-8"": ""a"", ""q2-9"": ""a"", ""q2-10"": ""c""}",101740,141471
631,2026-02-01T04:42:57.541320,zl_azm,100,男,大专,渡汉江,/home/ubuntu/workspace/image_voting_system/all_images/渡汉江_mj.jpg,mj,B,67527,"{""q1-2"": ""d"", ""q1-1"": ""B"", ""q2-1"": ""a"", ""q2-2"": ""a"", ""q2-3"": ""c"", ""q2-4"": ""c"", ""q2-5"": ""a"", ""q2-6"": ""d"", ""q2-7"": ""a"", ""q2-8"": ""d"", ""q2-9"": ""b"", ""q2-10"": ""c""}",98790,166317
632,2026-02-01T04:44:20.437900,zl_azm,100,男,大专,八阵图,/home/ubuntu/workspace/image_voting_system/all_images/八阵图_seedream.jpg,seedream,A,33758,"{""q1-2"": ""a"", ""q1-1"": ""A"", ""q2-1"": ""a"", ""q2-2"": ""a"", ""q2-3"": ""c"", ""q2-4"": ""b"", ""q2-5"": ""a"", ""q2-6"": ""c"", ""q2-7"": ""a"", ""q2-8"": ""a"", ""q2-9"": ""a"", ""q2-10"": ""b""}",49138,82896
633,2026-02-01T04:46:13.674085,zl_azm,100,男,大专,送友人,/home/ubuntu/workspace/image_voting_system/all_images/送友人_seedream.jpg,seedream,D,29155,"{""q1-2"": ""b"", ""q1-1"": ""D"", ""q2-1"": ""a"", ""q2-2"": ""a"", ""q2-3"": ""c"", ""q2-4"": ""b"", ""q2-5"": ""a"", ""q2-6"": ""c"", ""q2-7"": ""a"", ""q2-8"": ""a"", ""q2-9"": ""a"", ""q2-10"": ""c""}",84081,113236
634,2026-02-01T04:48:05.024216,zl_azm,100,男,大专,奉济驿重送严公四韵,/home/ubuntu/workspace/image_voting_system/all_images/奉济驿重送严公四韵_nano.jpg,nano,B,50728,"{""q1-2"": ""b"", ""q1-1"": ""B"", ""q2-2"": ""a"", ""q2-3"": ""c"", ""q2-4"": ""b"", ""q2-5"": ""a"", ""q2-6"": ""a"", ""q2-7"": ""a"", ""q2-8"": ""a"", ""q2-9"": ""a"", ""q2-10"": ""b"", ""q2-1"": ""a""}",60622,111350
635,2026-02-01T04:49:51.605672,zl_azm,100,男,大专,过故人庄,/home/ubuntu/workspace/image_voting_system/all_images/过故人庄_mj.jpg,mj,C,32300,"{""q1-2"": ""b"", ""q1-1"": ""B"", ""q2-1"": ""a"", ""q2-2"": ""c"", ""q2-3"": ""c"", ""q2-4"": ""c"", ""q2-5"": ""e"", ""q2-6"": ""b"", ""q2-7"": ""a"", ""q2-8"": ""a"", ""q2-9"": ""a"", ""q2-10"": ""d""}",74282,106582
636,2026-02-01T04:49:58.845932,zl_bt,29,男,硕士,感遇十二首·其二,/home/ubuntu/workspace/image_voting_system/all_images/感遇十二首·其二_mj.jpg,mj,D,143526,"{""q1-2"": ""c"", ""q1-1"": ""A"", ""q2-1"": ""a"", ""q2-2"": ""b"", ""q2-3"": ""a"", ""q2-4"": ""b"", ""q2-6"": ""b"", ""q2-5"": ""b"", ""q2-7"": ""d"", ""q2-8"": ""d"", ""q2-9"": ""a"", ""q2-10"": ""c""}",332654,476180
637,2026-02-01T04:51:16.715027,zl_azm,100,男,大专,无题二首·其一,/home/ubuntu/workspace/image_voting_system/all_images/无题二首·其一_nano.jpg,nano,D,30672,"{""q1-2"": ""b"", ""q1-1"": ""D"", ""q2-1"": ""a"", ""q2-2"": ""a"", ""q2-3"": ""c"", ""q2-4"": ""b"", ""q2-5"": ""b"", ""q2-6"": ""b"", ""q2-7"": ""a"", ""q2-8"": ""a"", ""q2-9"": ""a"", ""q2-10"": ""c""}",54437,85109
638,2026-02-01T04:53:56.323375,zl_bt,29,男,硕士,老将行,/home/ubuntu/workspace/image_voting_system/all_images/老将行_gpt.jpg,gpt,B,50076,"{""q1-2"": ""c"", ""q1-1"": ""B"", ""q2-1"": ""a"", ""q2-2"": ""a"", ""q2-3"": ""a"", ""q2-4"": ""b"", ""q2-5"": ""e"", ""q2-6"": ""b"", ""q2-7"": ""a"", ""q2-8"": ""a"", ""q2-9"": ""a"", ""q2-10"": ""b""}",187402,237478
639,2026-02-01T04:56:53.640272,zl_bt,29,男,硕士,隋宫·乘兴南游不戒严,/home/ubuntu/workspace/image_voting_system/all_images/隋宫·乘兴南游不戒严_mj.jpg,mj,B,61258,"{""q1-2"": ""b"", ""q1-1"": ""B"", ""q2-1"": ""a"", ""q2-2"": ""b"", ""q2-3"": ""b"", ""q2-4"": ""b"", ""q2-5"": ""d"", ""q2-6"": ""e"", ""q2-7"": ""a"", ""q2-8"": ""a"", ""q2-9"": ""b"", ""q2-10"": ""c""}",116058,177316
640,2026-02-01T05:03:40.905407,zl_bt,29,男,硕士,咏怀古迹五首·其四,/home/ubuntu/workspace/image_voting_system/all_images/咏怀古迹五首·其四_seedream.jpg,seedream,D,242314,"{""q1-2"": ""b"", ""q1-1"": ""D"", ""q2-1"": ""a"", ""q2-2"": ""a"", ""q2-3"": ""b"", ""q2-4"": ""b"", ""q2-5"": ""a"", ""q2-6"": ""d"", ""q2-7"": ""a"", ""q2-8"": ""a"", ""q2-9"": ""a"", ""q2-10"": ""c""}",164952,407266
641,2026-02-01T05:05:19.735029,zl_bt,29,男,硕士,乌衣巷,/home/ubuntu/workspace/image_voting_system/all_images/乌衣巷_seedream.jpg,seedream,C,30614,"{""q1-2"": ""a"", ""q1-1"": ""C"", ""q2-1"": ""a"", ""q2-2"": ""a"", ""q2-3"": ""a"", ""q2-4"": ""a"", ""q2-5"": ""a"", ""q2-6"": ""c"", ""q2-7"": ""d"", ""q2-8"": ""a"", ""q2-9"": ""a"", ""q2-10"": ""b""}",68215,98829
642,2026-02-01T05:09:28.203426,zl_bt,29,男,硕士,晨诣超师院读禅经,/home/ubuntu/workspace/image_voting_system/all_images/晨诣超师院读禅经_gpt.jpg,gpt,D,51757,"{""q1-2"": ""c"", ""q1-1"": ""D"", ""q2-1"": ""a"", ""q2-2"": ""a"", ""q2-3"": ""b"", ""q2-4"": ""b"", ""q2-5"": ""a"", ""q2-6"": ""b"", ""q2-7"": ""d"", ""q2-8"": ""a"", ""q2-9"": ""a"", ""q2-10"": ""c""}",196712,248469
643,2026-02-01T05:10:48.453728,zl_bt,29,男,硕士,春怨·纱窗日落渐黄昏,/home/ubuntu/workspace/image_voting_system/all_images/春怨·纱窗日落渐黄昏_gpt.jpg,gpt,C,45872,"{""q1-2"": ""a"", ""q1-1"": ""C"", ""q2-1"": ""a"", ""q2-2"": ""a"", ""q2-3"": ""a"", ""q2-4"": ""a"", ""q2-5"": ""a"", ""q2-6"": ""b"", ""q2-7"": ""a"", ""q2-8"": ""a"", ""q2-9"": ""a"", ""q2-10"": ""b""}",34378,80250
644,2026-02-01T05:11:58.216936,zl_bt,29,男,硕士,东郊,/home/ubuntu/workspace/image_voting_system/all_images/东郊_nano.jpg,nano,A,41584,"{""q1-2"": ""a"", ""q1-1"": ""A"", ""q2-1"": ""a"", ""q2-2"": ""a"", ""q2-3"": ""b"", ""q2-4"": ""a"", ""q2-5"": ""a"", ""q2-6"": ""c"", ""q2-7"": ""a"", ""q2-8"": ""a"", ""q2-9"": ""a"", ""q2-10"": ""b""}",28179,69763
645,2026-02-01T05:12:53.605357,zl_bt,29,男,硕士,和晋陵陆丞早春游望,/home/ubuntu/workspace/image_voting_system/all_images/和晋陵陆丞早春游望_seedream.jpg,seedream,A,29718,"{""q1-2"": ""b"", ""q1-1"": ""A"", ""q2-1"": ""a"", ""q2-2"": ""a"", ""q2-3"": ""b"", ""q2-4"": ""b"", ""q2-5"": ""a"", ""q2-6"": ""a"", ""q2-7"": ""a"", ""q2-8"": ""a"", ""q2-9"": ""a"", ""q2-10"": ""b""}",25671,55389
646,2026-02-01T05:14:23.395564,zl_bt,29,男,硕士,为有,/home/ubuntu/workspace/image_voting_system/all_images/为有_nano.jpg,nano,B,58231,"{""q1-2"": ""a"", ""q1-1"": ""B"", ""q2-1"": ""a"", ""q2-2"": ""a"", ""q2-3"": ""b"", ""q2-4"": ""b"", ""q2-5"": ""a"", ""q2-6"": ""b"", ""q2-7"": ""a"", ""q2-8"": ""a"", ""q2-9"": ""a"", ""q2-10"": ""c""}",31559,89790
647,2026-02-01T05:25:11.919551,zl_fj,37,男,硕士,宫词·十二楼中尽晓妆,/home/ubuntu/workspace/image_voting_system/all_images/宫词·十二楼中尽晓妆_mj.jpg,mj,A,110918,"{""q1-2"": ""a"", ""q1-1"": ""A"", ""q2-1"": ""a"", ""q2-2"": ""b"", ""q2-3"": ""b"", ""q2-4"": ""b"", ""q2-5"": ""b"", ""q2-6"": ""b"", ""q2-7"": ""c"", ""q2-8"": ""a"", ""q2-9"": ""b"", ""q2-10"": ""c""}",188096,299014
648,2026-02-01T05:27:51.245830,zl_fj,37,男,硕士,汉江临泛,/home/ubuntu/workspace/image_voting_system/all_images/汉江临泛_gpt.jpg,gpt,A,102878,"{""q1-2"": ""c"", ""q1-1"": ""A"", ""q2-1"": ""a"", ""q2-2"": ""a"", ""q2-3"": ""a"", ""q2-4"": ""b"", ""q2-5"": ""a"", ""q2-6"": ""b"", ""q2-7"": ""a"", ""q2-8"": ""a"", ""q2-9"": ""a"", ""q2-10"": ""b""}",56448,159326
649,2026-02-01T05:29:03.653213,zl_fj,37,男,硕士,金谷园,/home/ubuntu/workspace/image_voting_system/all_images/金谷园_gpt.jpg,gpt,C,36914,"{""q1-2"": ""a"", ""q1-1"": ""C"", ""q2-1"": ""a"", ""q2-2"": ""a"", ""q2-3"": ""a"", ""q2-4"": ""a"", ""q2-5"": ""a"", ""q2-6"": ""a"", ""q2-7"": ""a"", ""q2-8"": ""a"", ""q2-9"": ""a"", ""q2-10"": ""a""}",35493,72407
650,2026-02-01T05:30:51.360363,zl_fj,37,男,硕士,秦中感秋寄远上人,/home/ubuntu/workspace/image_voting_system/all_images/秦中感秋寄远上人_seedream.jpg,seedream,B,62092,"{""q1-2"": ""c"", ""q1-1"": ""B"", ""q2-1"": ""a"", ""q2-2"": ""b"", ""q2-3"": ""c"", ""q2-4"": ""c"", ""q2-5"": ""b"", ""q2-6"": ""b"", ""q2-7"": ""a"", ""q2-8"": ""a"", ""q2-9"": ""a"", ""q2-10"": ""d""}",45615,107707
651,2026-02-01T05:35:42.948461,zl_fj,37,男,硕士,送人东游,/home/ubuntu/workspace/image_voting_system/all_images/送人东游_gpt.jpg,gpt,A,267632,"{""q1-2"": ""a"", ""q1-1"": ""A"", ""q2-1"": ""a"", ""q2-2"": ""a"", ""q2-3"": ""a"", ""q2-4"": ""a"", ""q2-5"": ""a"", ""q2-6"": ""a"", ""q2-7"": ""a"", ""q2-8"": ""a"", ""q2-9"": ""a"", ""q2-10"": ""b""}",23957,291589
652,2026-02-01T05:36:48.036309,zl_fj,37,男,硕士,杂诗三首·其二,/home/ubuntu/workspace/image_voting_system/all_images/杂诗三首·其二_nano.jpg,nano,A,31641,"{""q1-2"": ""c"", ""q1-1"": ""A"", ""q2-1"": ""a"", ""q2-2"": ""a"", ""q2-3"": ""a"", ""q2-4"": ""a"", ""q2-5"": ""a"", ""q2-6"": ""a"", ""q2-7"": ""a"", ""q2-8"": ""a"", ""q2-9"": ""a"", ""q2-10"": ""b""}",33446,65087
653,2026-02-01T05:37:46.349016,zl_fj,37,男,硕士,听弹琴,/home/ubuntu/workspace/image_voting_system/all_images/听弹琴_nano.jpg,nano,A,40624,"{""q1-2"": ""c"", ""q1-1"": ""A"", ""q2-1"": ""a"", ""q2-2"": ""a"", ""q2-3"": ""a"", ""q2-4"": ""a"", ""q2-5"": ""a"", ""q2-6"": ""a"", ""q2-7"": ""a"", ""q2-8"": ""a"", ""q2-9"": ""a"", ""q2-10"": ""b""}",17689,58313
654,2026-02-01T05:39:10.572254,zl_fj,37,男,硕士,春晓,/home/ubuntu/workspace/image_voting_system/all_images/春晓_seedream.jpg,seedream,D,32711,"{""q1-2"": ""c"", ""q1-1"": ""D"", ""q2-1"": ""a"", ""q2-2"": ""b"", ""q2-3"": ""b"", ""q2-4"": ""c"", ""q2-5"": ""b"", ""q2-6"": ""d"", ""q2-7"": ""c"", ""q2-8"": ""a"", ""q2-9"": ""b"", ""q2-10"": ""d""}",51512,84223
655,2026-02-01T05:40:29.703859,zl_fj,37,男,硕士,陇西行四首·其二,/home/ubuntu/workspace/image_voting_system/all_images/陇西行四首·其二_seedream.jpg,seedream,B,43832,"{""q1-2"": ""c"", ""q1-1"": ""B"", ""q2-1"": ""b"", ""q2-2"": ""a"", ""q2-3"": ""b"", ""q2-4"": ""b"", ""q2-5"": ""a"", ""q2-6"": ""d"", ""q2-7"": ""b"", ""q2-8"": ""a"", ""q2-9"": ""a"", ""q2-10"": ""d""}",35300,79132
656,2026-02-01T05:41:42.904352,zl_fj,37,男,硕士,无题·重帏深下莫愁堂,/home/ubuntu/workspace/image_voting_system/all_images/无题·重帏深下莫愁堂_seedream.jpg,seedream,D,39661,"{""q1-2"": ""e"", ""q1-1"": ""D"", ""q2-1"": ""a"", ""q2-2"": ""b"", ""q2-3"": ""b"", ""q2-4"": ""b"", ""q2-5"": ""b"", ""q2-6"": ""c"", ""q2-7"": ""a"", ""q2-8"": ""b"", ""q2-9"": ""a"", ""q2-10"": ""c""}",33539,73200
657,2026-02-01T05:54:14.928897,zl_syf,29,女,硕士,宿建德江,/home/ubuntu/workspace/image_voting_system/all_images/宿建德江_nano.jpg,nano,B,86164,"{""q1-2"": ""b"", ""q1-1"": ""B"", ""q2-1"": ""a"", ""q2-2"": ""a"", ""q2-3"": ""a"", ""q2-4"": ""a"", ""q2-5"": ""a"", ""q2-6"": ""d"", ""q2-7"": ""a"", ""q2-8"": ""a"", ""q2-9"": ""a"", ""q2-10"": ""b""}",123388,209552
658,2026-02-01T05:55:47.923491,zl_ff,26,女,硕士,子夜吴歌·夏歌,/home/ubuntu/workspace/image_voting_system/all_images/子夜吴歌·夏歌_mj.jpg,mj,D,92089,"{""q1-2"": ""a"", ""q1-1"": ""D"", ""q2-1"": ""a"", ""q2-2"": ""b"", ""q2-3"": ""a"", ""q2-4"": ""b"", ""q2-5"": ""a"", ""q2-6"": ""c"", ""q2-7"": ""a"", ""q2-8"": ""a"", ""q2-9"": ""b"", ""q2-10"": ""b""}",128301,220390
659,2026-02-01T05:58:00.961899,zl_syf,29,女,硕士,同从弟南斋玩月忆山阴崔少府,/home/ubuntu/workspace/image_voting_system/all_images/同从弟南斋玩月忆山阴崔少府_nano.jpg,nano,D,174592,"{""q1-2"": ""a"", ""q1-1"": ""B"", ""q2-1"": ""a"", ""q2-2"": ""a"", ""q2-3"": ""a"", ""q2-4"": ""b"", ""q2-5"": ""b"", ""q2-6"": ""d"", ""q2-7"": ""a"", ""q2-8"": ""a"", ""q2-9"": ""a"", ""q2-10"": ""c""}",51440,226032
660,2026-02-01T06:01:32.477011,zl_syf,29,女,硕士,老将行,/home/ubuntu/workspace/image_voting_system/all_images/老将行_nano.jpg,nano,B,79080,"{""q1-2"": ""b"", ""q1-1"": ""A"", ""q2-1"": ""a"", ""q2-2"": ""a"", ""q2-3"": ""a"", ""q2-4"": ""a"", ""q2-5"": ""a"", ""q2-6"": ""b"", ""q2-7"": ""a"", ""q2-8"": ""a"", ""q2-9"": ""a"", ""q2-10"": ""b""}",36748,115828
661,2026-02-01T06:03:26.672870,zl_syf,29,女,硕士,金陵酒肆留别,/home/ubuntu/workspace/image_voting_system/all_images/金陵酒肆留别_nano.jpg,nano,A,34643,"{""q1-2"": ""b"", ""q1-1"": ""A"", ""q2-1"": ""a"", ""q2-2"": ""a"", ""q2-3"": ""a"", ""q2-4"": ""a"", ""q2-5"": ""a"", ""q2-6"": ""b"", ""q2-7"": ""a"", ""q2-8"": ""a"", ""q2-9"": ""a"", ""q2-10"": ""a""}",22425,57068
662,2026-02-01T06:05:11.529007,zl_syf,29,女,硕士,春雨,/home/ubuntu/workspace/image_voting_system/all_images/春雨_gpt.jpg,gpt,C,27445,"{""q1-2"": ""b"", ""q1-1"": ""C"", ""q2-1"": ""a"", ""q2-2"": ""a"", ""q2-3"": ""a"", ""q2-4"": ""a"", ""q2-5"": ""a"", ""q2-6"": ""a"", ""q2-7"": ""a"", ""q2-8"": ""a"", ""q2-9"": ""a"", ""q2-10"": ""b""}",27607,55052
663,2026-02-01T06:06:16.360766,zl_syf,29,女,硕士,行宫,/home/ubuntu/workspace/image_voting_system/all_images/行宫_mj.jpg,mj,B,28016,"{""q1-2"": ""a"", ""q1-1"": ""B"", ""q2-1"": ""a"", ""q2-2"": ""a"", ""q2-3"": ""b"", ""q2-4"": ""a"", ""q2-5"": ""a"", ""q2-6"": ""b"", ""q2-7"": ""a"", ""q2-8"": ""a"", ""q2-9"": ""c"", ""q2-10"": ""c""}",36816,64832
664,2026-02-01T06:07:04.949709,zl_syf,29,女,硕士,送杜少府之任蜀州,/home/ubuntu/workspace/image_voting_system/all_images/送杜少府之任蜀州_gpt.jpg,gpt,D,28200,"{""q1-2"": ""a"", ""q1-1"": ""D"", ""q2-1"": ""a"", ""q2-2"": ""a"", ""q2-3"": ""a"", ""q2-4"": ""a"", ""q2-5"": ""a"", ""q2-6"": ""a"", ""q2-7"": ""a"", ""q2-8"": ""a"", ""q2-9"": ""a"", ""q2-10"": ""b""}",20389,48589
665,2026-02-01T06:07:49.732794,zl_syf,29,女,硕士,春雨,/home/ubuntu/workspace/image_voting_system/all_images/春雨_mj.jpg,mj,B,20575,"{""q1-2"": ""c"", ""q1-1"": ""B"", ""q2-1"": ""a"", ""q2-2"": ""a"", ""q2-3"": ""a"", ""q2-4"": ""a"", ""q2-5"": ""a"", ""q2-6"": ""b"", ""q2-7"": ""a"", ""q2-8"": ""a"", ""q2-9"": ""b"", ""q2-10"": ""b""}",24208,44783
666,2026-02-01T06:08:29.276685,zl_syf,29,女,硕士,遣悲怀三首·其三,/home/ubuntu/workspace/image_voting_system/all_images/遣悲怀三首·其三_gpt.jpg,gpt,D,21505,"{""q1-2"": ""b"", ""q1-1"": ""D"", ""q2-1"": ""a"", ""q2-2"": ""a"", ""q2-3"": ""a"", ""q2-4"": ""a"", ""q2-5"": ""a"", ""q2-6"": ""a"", ""q2-7"": ""a"", ""q2-8"": ""a"", ""q2-9"": ""a"", ""q2-10"": ""b""}",18039,39544
667,2026-02-01T06:09:41.616777,zl_syf,29,女,硕士,将进酒,/home/ubuntu/workspace/image_voting_system/all_images/将进酒_mj.jpg,mj,A,37532,"{""q1-2"": ""b"", ""q1-1"": ""A"", ""q2-1"": ""a"", ""q2-2"": ""a"", ""q2-3"": ""b"", ""q2-4"": ""c"", ""q2-5"": ""a"", ""q2-6"": ""d"", ""q2-7"": ""a"", ""q2-8"": ""a"", ""q2-9"": ""b"", ""q2-10"": ""b""}",34808,72340
668,2026-02-01T06:40:13.556997,李为,23,男,大专,送魏万之京,/home/ubuntu/workspace/image_voting_system/all_images/送魏万之京_gpt.jpg,gpt,A,20324,"{""q1-2"": ""a"", ""q1-1"": ""B"", ""q2-1"": ""b"", ""q2-2"": ""a"", ""q2-3"": ""b"", ""q2-4"": ""b"", ""q2-5"": ""b"", ""q2-6"": ""b"", ""q2-7"": ""b"", ""q2-8"": ""b"", ""q2-10"": ""b"", ""q2-9"": ""b""}",32223,52547
669,2026-02-01T07:03:03.619799,zl_zw,1,女,小学,谒衡岳庙遂宿岳寺题门楼,/home/ubuntu/workspace/image_voting_system/all_images/谒衡岳庙遂宿岳寺题门楼_mj.jpg,mj,B,84669,"{""q1-2"": ""a"", ""q1-1"": ""B"", ""q2-1"": ""a"", ""q2-10"": ""a"", ""q2-9"": ""a"", ""q2-2"": ""b"", ""q2-3"": ""b"", ""q2-4"": ""a"", ""q2-5"": ""a"", ""q2-6"": ""c"", ""q2-7"": ""a"", ""q2-8"": ""a""}",204025,288694
670,2026-02-01T07:04:57.669278,zl_zw,1,女,小学,和张仆射塞下曲·其一,/home/ubuntu/workspace/image_voting_system/all_images/和张仆射塞下曲·其一_mj.jpg,mj,D,36878,"{""q1-2"": ""a"", ""q1-1"": ""D"", ""q2-1"": ""a"", ""q2-2"": ""a"", ""q2-3"": ""a"", ""q2-4"": ""a"", ""q2-5"": ""a"", ""q2-6"": ""b"", ""q2-7"": ""a"", ""q2-8"": ""a"", ""q2-10"": ""b"", ""q2-9"": ""a""}",77171,114049
671,2026-02-01T07:06:54.501726,zl_zw,1,女,小学,秋日赴阙题潼关驿楼,/home/ubuntu/workspace/image_voting_system/all_images/秋日赴阙题潼关驿楼_seedream.jpg,seedream,D,84021,"{""q1-2"": ""a"", ""q1-1"": ""D"", ""q2-1"": ""a"", ""q2-2"": ""a"", ""q2-3"": ""a"", ""q2-4"": ""a"", ""q2-5"": ""a"", ""q2-6"": ""a"", ""q2-7"": ""a"", ""q2-8"": ""a"", ""q2-9"": ""a"", ""q2-10"": ""a""}",32812,116833
672,2026-02-01T07:07:49.117321,zl_zw,1,女,小学,宫词·寂寂花时闭院门,/home/ubuntu/workspace/image_voting_system/all_images/宫词·寂寂花时闭院门_gpt.jpg,gpt,D,25375,"{""q1-2"": ""c"", ""q1-1"": ""D"", ""q2-1"": ""a"", ""q2-2"": ""a"", ""q2-3"": ""a"", ""q2-4"": ""a"", ""q2-5"": ""a"", ""q2-6"": ""a"", ""q2-7"": ""a"", ""q2-8"": ""a"", ""q2-9"": ""a"", ""q2-10"": ""a""}",29241,54616
673,2026-02-01T07:10:11.061606,zl_zw,1,女,小学,洛阳女儿行,/home/ubuntu/workspace/image_voting_system/all_images/洛阳女儿行_nano.jpg,nano,B,94480,"{""q1-2"": ""c"", ""q1-1"": ""B"", ""q2-1"": ""a"", ""q2-2"": ""a"", ""q2-3"": ""c"", ""q2-4"": ""a"", ""q2-5"": ""a"", ""q2-6"": ""a"", ""q2-7"": ""a"", ""q2-8"": ""a"", ""q2-9"": ""a"", ""q2-10"": ""c""}",47464,141944
674,2026-02-01T07:11:39.781684,zl_zw,1,女,小学,春望,/home/ubuntu/workspace/image_voting_system/all_images/春望_seedream.jpg,seedream,C,42400,"{""q1-2"": ""c"", ""q1-1"": ""C"", ""q2-1"": ""a"", ""q2-2"": ""b"", ""q2-3"": ""b"", ""q2-4"": ""a"", ""q2-5"": ""a"", ""q2-6"": ""b"", ""q2-7"": ""a"", ""q2-8"": ""a"", ""q2-9"": ""a"", ""q2-10"": ""b""}",46320,88720
675,2026-02-01T07:13:13.661437,zl_zw,1,女,小学,九日登望仙台呈刘明府,/home/ubuntu/workspace/image_voting_system/all_images/九日登望仙台呈刘明府_gpt.jpg,gpt,D,34075,"{""q1-2"": ""c"", ""q1-1"": ""D"", ""q2-1"": ""a"", ""q2-2"": ""b"", ""q2-3"": ""a"", ""q2-4"": ""a"", ""q2-5"": ""a"", ""q2-6"": ""b"", ""q2-7"": ""a"", ""q2-8"": ""a"", ""q2-9"": ""a"", ""q2-10"": ""b""}",59805,93880
676,2026-02-01T07:14:37.622537,zl_zw,1,女,小学,游子吟,/home/ubuntu/workspace/image_voting_system/all_images/游子吟_nano.jpg,nano,A,30744,"{""q1-2"": ""c"", ""q1-1"": ""A"", ""q2-1"": ""a"", ""q2-2"": ""a"", ""q2-3"": ""b"", ""q2-4"": ""b"", ""q2-5"": ""a"", ""q2-6"": ""a"", ""q2-7"": ""a"", ""q2-8"": ""a"", ""q2-9"": ""a"", ""q2-10"": ""b""}",53217,83961
677,2026-02-01T07:18:32.181698,zl_zw,1,女,小学,新年作,/home/ubuntu/workspace/image_voting_system/all_images/新年作_mj.jpg,mj,B,151243,"{""q1-2"": ""d"", ""q1-1"": ""B"", ""q2-1"": ""b"", ""q2-2"": ""b"", ""q2-3"": ""d"", ""q2-4"": ""d"", ""q2-5"": ""c"", ""q2-6"": ""d"", ""q2-7"": ""c"", ""q2-8"": ""a"", ""q2-9"": ""c"", ""q2-10"": ""e""}",83316,234559
678,2026-02-01T07:21:17.297514,zl_zw,1,女,小学,子夜吴歌·夏歌,/home/ubuntu/workspace/image_voting_system/all_images/子夜吴歌·夏歌_gpt.jpg,gpt,B,37116,"{""q1-2"": ""c"", ""q1-1"": ""B"", ""q2-2"": ""b"", ""q2-3"": ""c"", ""q2-4"": ""b"", ""q2-5"": ""b"", ""q2-6"": ""b"", ""q2-7"": ""a"", ""q2-8"": ""a"", ""q2-9"": ""a"", ""q2-10"": ""c"", ""q2-1"": ""a""}",128000,165116
679,2026-02-01T07:54:22.571322,王荣昶,30,男,硕士,长干曲四首·其二,/home/ubuntu/workspace/image_voting_system/all_images/长干曲四首·其二_seedream.jpg,seedream,A,30414,"{""q1-2"": ""e"", ""q1-1"": ""A"", ""q2-1"": ""a"", ""q2-2"": ""a"", ""q2-3"": ""a"", ""q2-4"": ""a"", ""q2-5"": ""a"", ""q2-6"": ""a"", ""q2-7"": ""a"", ""q2-8"": ""a"", ""q2-9"": ""a"", ""q2-10"": ""a""}",66474,96888
680,2026-02-01T07:55:13.909030,王荣昶,30,男,硕士,子夜吴歌·夏歌,/home/ubuntu/workspace/image_voting_system/all_images/子夜吴歌·夏歌_mj.jpg,mj,B,28527,"{""q1-2"": ""a"", ""q1-1"": ""B"", ""q2-1"": ""a"", ""q2-2"": ""a"", ""q2-3"": ""a"", ""q2-4"": ""a"", ""q2-5"": ""a"", ""q2-6"": ""a"", ""q2-7"": ""a"", ""q2-8"": ""a"", ""q2-9"": ""a"", ""q2-10"": ""a""}",22811,51338
681,2026-02-01T09:27:28.294740,陌生的城市,33,女,本科,相思,/home/ubuntu/workspace/image_voting_system/all_images/相思_mj.jpg,mj,D,54745,"{""q1-2"": ""a"", ""q1-1"": ""D"", ""q2-1"": ""a"", ""q2-2"": ""a"", ""q2-3"": ""b"", ""q2-4"": ""b"", ""q2-5"": ""a"", ""q2-6"": ""c"", ""q2-7"": ""a"", ""q2-8"": ""c"", ""q2-9"": ""b"", ""q2-10"": ""b""}",116245,170990
682,2026-02-01T09:36:36.018583,吉丽,60,女,高中,宫词·十二楼中尽晓妆,/home/ubuntu/workspace/image_voting_system/all_images/宫词·十二楼中尽晓妆_seedream.jpg,seedream,A,62106,"{""q1-2"": ""a"", ""q1-1"": ""A"", ""q2-1"": ""a"", ""q2-2"": ""a"", ""q2-3"": ""a"", ""q2-4"": ""a"", ""q2-5"": ""a"", ""q2-6"": ""a"", ""q2-7"": ""a"", ""q2-8"": ""a"", ""q2-10"": ""a"", ""q2-9"": ""a""}",40830,102936
683,2026-02-01T09:40:45.805871,吉丽,60,女,高中,长信秋词五首·其三,/home/ubuntu/workspace/image_voting_system/all_images/长信秋词五首·其三_gpt.jpg,gpt,B,200918,"{""q1-2"": ""a"", ""q1-1"": ""B"", ""q2-1"": ""a"", ""q2-3"": ""a"", ""q2-4"": ""a"", ""q2-5"": ""a"", ""q2-6"": ""a"", ""q2-7"": ""a"", ""q2-8"": ""a"", ""q2-9"": ""a"", ""q2-10"": ""a"", ""q2-2"": ""a""}",48869,249787
684,2026-02-01T09:50:36.349403,吉丽,60,女,高中,咏怀古迹五首·其五,/home/ubuntu/workspace/image_voting_system/all_images/咏怀古迹五首·其五_mj.jpg,mj,C,445747,"{""q1-2"": ""b"", ""q1-1"": ""B"", ""q2-1"": ""a"", ""q2-2"": ""b"", ""q2-3"": ""b"", ""q2-4"": ""d"", ""q2-5"": ""e"", ""q2-6"": ""f"", ""q2-7"": ""d"", ""q2-8"": ""c"", ""q2-9"": ""b"", ""q2-10"": ""e""}",144797,590544
685,2026-02-01T11:19:22.269662,宋梓鸣,12,男,小学,渔翁,/home/ubuntu/workspace/image_voting_system/all_images/渔翁_gpt.jpg,gpt,A,340024,"{""q1-2"": ""c"", ""q1-1"": ""A"", ""q2-1"": ""a"", ""q2-2"": ""a"", ""q2-3"": ""a"", ""q2-4"": ""b"", ""q2-5"": ""b"", ""q2-6"": ""c"", ""q2-7"": ""a"", ""q2-8"": ""a"", ""q2-9"": ""a"", ""q2-10"": ""c""}",170565,510589
686,2026-02-01T11:21:33.618110,宋梓鸣,12,男,小学,赠别二首·其一,/home/ubuntu/workspace/image_voting_system/all_images/赠别二首·其一_seedream.jpg,seedream,A,49160,"{""q1-2"": ""a"", ""q1-1"": ""A"", ""q2-1"": ""a"", ""q2-2"": ""a"", ""q2-3"": ""a"", ""q2-4"": ""b"", ""q2-5"": ""a"", ""q2-6"": ""c"", ""q2-7"": ""a"", ""q2-8"": ""a"", ""q2-9"": ""a"", ""q2-10"": ""c""}",82188,131348
687,2026-02-01T11:25:55.370284,宋梓鸣,12,男,小学,听董大弹胡笳声兼寄语弄房给事,/home/ubuntu/workspace/image_voting_system/all_images/听董大弹胡笳声兼寄语弄房给事_seedream.jpg,seedream,B,198885,"{""q1-2"": ""b"", ""q1-1"": ""B"", ""q2-1"": ""a"", ""q2-2"": ""a"", ""q2-3"": ""a"", ""q2-4"": ""b"", ""q2-5"": ""a"", ""q2-6"": ""b"", ""q2-7"": ""a"", ""q2-8"": ""a"", ""q2-9"": ""a"", ""q2-10"": ""c""}",62867,261752
688,2026-02-01T11:27:58.710507,宋梓鸣,12,男,小学,宿建德江,/home/ubuntu/workspace/image_voting_system/all_images/宿建德江_seedream.jpg,seedream,A,83871,"{""q1-2"": ""b"", ""q1-1"": ""A"", ""q2-1"": ""a"", ""q2-2"": ""a"", ""q2-3"": ""a"", ""q2-4"": ""b"", ""q2-5"": ""a"", ""q2-6"": ""b"", ""q2-7"": ""a"", ""q2-8"": ""a"", ""q2-9"": ""a"", ""q2-10"": ""c""}",39470,123341
689,2026-02-01T11:30:05.711670,宋梓鸣,12,男,小学,游子吟,/home/ubuntu/workspace/image_voting_system/all_images/游子吟_gpt.jpg,gpt,B,77780,"{""q1-2"": ""b"", ""q1-1"": ""B"", ""q2-1"": ""a"", ""q2-2"": ""a"", ""q2-3"": ""a"", ""q2-4"": ""a"", ""q2-5"": ""a"", ""q2-6"": ""b"", ""q2-7"": ""a"", ""q2-8"": ""a"", ""q2-9"": ""a"", ""q2-10"": ""c""}",49221,127001
690,2026-02-01T11:34:57.444426,宋梓鸣,12,男,小学,送李中丞之襄州,/home/ubuntu/workspace/image_voting_system/all_images/送李中丞之襄州_gpt.jpg,gpt,B,240771,"{""q1-2"": ""c"", ""q1-1"": ""B"", ""q2-1"": ""a"", ""q2-2"": ""b"", ""q2-3"": ""a"", ""q2-4"": ""b"", ""q2-5"": ""a"", ""q2-6"": ""b"", ""q2-7"": ""a"", ""q2-8"": ""a"", ""q2-9"": ""a"", ""q2-10"": ""c""}",50961,291732
691,2026-02-01T11:36:49.890413,宋梓鸣,12,男,小学,酬张少府,/home/ubuntu/workspace/image_voting_system/all_images/酬张少府_mj.jpg,mj,B,86576,"{""q1-2"": ""a"", ""q1-1"": ""B"", ""q2-1"": ""a"", ""q2-2"": ""a"", ""q2-3"": ""a"", ""q2-4"": ""a"", ""q2-5"": ""a"", ""q2-6"": ""a"", ""q2-7"": ""a"", ""q2-8"": ""a"", ""q2-9"": ""a"", ""q2-10"": ""b""}",25870,112446
692,2026-02-01T11:41:13.369335,宋梓鸣,12,男,小学,燕歌行·并序,/home/ubuntu/workspace/image_voting_system/all_images/燕歌行·并序_seedream.jpg,seedream,A,227792,"{""q1-2"": ""c"", ""q1-1"": ""A"", ""q2-1"": ""a"", ""q2-2"": ""b"", ""q2-3"": ""a"", ""q2-4"": ""b"", ""q2-5"": ""a"", ""q2-6"": ""b"", ""q2-7"": ""a"", ""q2-8"": ""a"", ""q2-9"": ""a"", ""q2-10"": ""c""}",35687,263479
693,2026-02-01T11:47:33.460202,Sl,57,女,大专,月下独酌·其一,/home/ubuntu/workspace/image_voting_system/all_images/月下独酌·其一_mj.jpg,mj,B,54572,"{""q1-2"": ""c"", ""q1-1"": ""B"", ""q2-1"": ""a"", ""q2-2"": ""b"", ""q2-3"": ""b"", ""q2-4"": ""b"", ""q2-5"": ""b"", ""q2-6"": ""b"", ""q2-7"": ""a"", ""q2-8"": ""a"", ""q2-9"": ""a"", ""q2-10"": ""c""}",64256,118828
694,2026-02-01T11:50:20.806241,宋梓鸣,12,男,小学,赋得暮雨送李胄,/home/ubuntu/workspace/image_voting_system/all_images/赋得暮雨送李胄_nano.jpg,nano,A,94092,"{""q1-2"": ""b"", ""q1-1"": ""A"", ""q2-1"": ""a"", ""q2-2"": ""a"", ""q2-3"": ""a"", ""q2-4"": ""b"", ""q2-5"": ""a"", ""q2-6"": ""b"", ""q2-7"": ""a"", ""q2-8"": ""a"", ""q2-9"": ""a"", ""q2-10"": ""c""}",31184,125276
695,2026-02-01T11:52:06.033084,Sl,57,女,大专,望月怀远,/home/ubuntu/workspace/image_voting_system/all_images/望月怀远_seedream.jpg,seedream,D,105214,"{""q1-2"": ""c"", ""q1-1"": ""A"", ""q2-1"": ""a"", ""q2-2"": ""a"", ""q2-3"": ""c"", ""q2-4"": ""c"", ""q2-5"": ""b"", ""q2-6"": ""d"", ""q2-7"": ""a"", ""q2-8"": ""a"", ""q2-9"": ""a"", ""q2-10"": ""d""}",167359,272573
696,2026-02-01T11:54:52.076871,宋梓鸣,12,男,小学,寄令狐郎中,/home/ubuntu/workspace/image_voting_system/all_images/寄令狐郎中_mj.jpg,mj,D,190493,"{""q1-2"": ""d"", ""q1-1"": ""A"", ""q2-1"": ""a"", ""q2-2"": ""a"", ""q2-3"": ""b"", ""q2-4"": ""c"", ""q2-5"": ""b"", ""q2-6"": ""d"", ""q2-7"": ""b"", ""q2-8"": ""c"", ""q2-9"": ""a"", ""q2-10"": ""c""}",56052,246545
697,2026-02-01T11:55:26.701088,Sl,57,女,大专,石鼓歌,/home/ubuntu/workspace/image_voting_system/all_images/石鼓歌_seedream.jpg,seedream,C,81675,"{""q1-2"": ""c"", ""q1-1"": ""C"", ""q2-1"": ""b"", ""q2-2"": ""b"", ""q2-3"": ""c"", ""q2-4"": ""b"", ""q2-5"": ""a"", ""q2-6"": ""c"", ""q2-7"": ""a"", ""q2-8"": ""a"", ""q2-9"": ""a"", ""q2-10"": ""c""}",118993,200668
698,2026-02-01T11:55:56.522609,宋梓鸣,12,男,小学,旅宿,/home/ubuntu/workspace/image_voting_system/all_images/旅宿_seedream.jpg,seedream,D,44412,"{""q1-2"": ""b"", ""q1-1"": ""D"", ""q2-1"": ""a"", ""q2-2"": ""a"", ""q2-3"": ""a"", ""q2-4"": ""a"", ""q2-5"": ""a"", ""q2-6"": ""a"", ""q2-7"": ""a"", ""q2-8"": ""a"", ""q2-9"": ""a"", ""q2-10"": ""b""}",20034,64446
699,2026-02-01T11:57:02.556874,Sl,57,女,大专,黄鹤楼送孟浩然之广陵,/home/ubuntu/workspace/image_voting_system/all_images/黄鹤楼送孟浩然之广陵_seedream.jpg,seedream,A,27503,"{""q1-2"": ""c"", ""q1-1"": ""A"", ""q2-1"": ""a"", ""q2-2"": ""a"", ""q2-3"": ""a"", ""q2-4"": ""b"", ""q2-5"": ""b"", ""q2-6"": ""c"", ""q2-7"": ""a"", ""q2-8"": ""a"", ""q2-9"": ""a"", ""q2-10"": ""b""}",68353,95856
700,2026-02-01T11:57:37.839353,宋梓鸣,12,男,小学,嫦娥,/home/ubuntu/workspace/image_voting_system/all_images/嫦娥_nano.jpg,nano,C,48856,"{""q1-2"": ""b"", ""q1-1"": ""A"", ""q2-1"": ""a"", ""q2-2"": ""a"", ""q2-3"": ""a"", ""q2-4"": ""b"", ""q2-5"": ""a"", ""q2-6"": ""b"", ""q2-7"": ""a"", ""q2-8"": ""a"", ""q2-9"": ""a"", ""q2-10"": ""c""}",52460,101316
701,2026-02-01T11:59:59.838398,宋梓鸣,12,男,小学,逢入京使,/home/ubuntu/workspace/image_voting_system/all_images/逢入京使_seedream.jpg,seedream,B,112974,"{""q1-2"": ""c"", ""q1-1"": ""B"", ""q2-1"": ""b"", ""q2-2"": ""a"", ""q2-3"": ""b"", ""q2-4"": ""b"", ""q2-5"": ""b"", ""q2-6"": ""a"", ""q2-7"": ""a"", ""q2-8"": ""a"", ""q2-9"": ""a"", ""q2-10"": ""c""}",29026,142000
702,2026-02-01T12:01:01.733562,Sl,57,女,大专,江南曲,/home/ubuntu/workspace/image_voting_system/all_images/江南曲_nano.jpg,nano,D,179845,"{""q1-2"": ""d"", ""q1-1"": ""D"", ""q2-1"": ""a"", ""q2-2"": ""a"", ""q2-3"": ""a"", ""q2-4"": ""c"", ""q2-5"": ""b"", ""q2-6"": ""d"", ""q2-7"": ""a"", ""q2-8"": ""a"", ""q2-9"": ""a"", ""q2-10"": ""c""}",59332,239177
703,2026-02-01T12:02:50.511794,宋梓鸣,12,男,小学,春望,/home/ubuntu/workspace/image_voting_system/all_images/春望_nano.jpg,nano,B,134920,"{""q1-2"": ""b"", ""q1-1"": ""B"", ""q2-1"": ""a"", ""q2-2"": ""a"", ""q2-3"": ""a"", ""q2-4"": ""a"", ""q2-5"": ""a"", ""q2-6"": ""a"", ""q2-7"": ""a"", ""q2-8"": ""a"", ""q2-10"": ""b"", ""q2-9"": ""a""}",35753,170673
704,2026-02-01T12:04:01.975776,Sl,57,女,大专,送李少府贬峡中王少府贬长沙,/home/ubuntu/workspace/image_voting_system/all_images/送李少府贬峡中王少府贬长沙_seedream.jpg,seedream,B,54909,"{""q1-2"": ""b"", ""q1-1"": ""A"", ""q2-1"": ""a"", ""q2-2"": ""b"", ""q2-3"": ""b"", ""q2-4"": ""c"", ""q2-5"": ""b"", ""q2-6"": ""c"", ""q2-7"": ""a"", ""q2-8"": ""a"", ""q2-9"": ""a"", ""q2-10"": ""c""}",125333,180242
705,2026-02-01T12:05:41.374618,Sl,57,女,大专,终南望余雪,/home/ubuntu/workspace/image_voting_system/all_images/终南望余雪_seedream.jpg,seedream,C,34047,"{""q1-2"": ""c"", ""q1-1"": ""C"", ""q2-1"": ""a"", ""q2-2"": ""b"", ""q2-3"": ""a"", ""q2-4"": ""b"", ""q2-5"": ""a"", ""q2-6"": ""c"", ""q2-7"": ""a"", ""q2-8"": ""a"", ""q2-9"": ""a"", ""q2-10"": ""b""}",65352,99399
706,2026-02-01T12:10:00.625422,Sl,57,女,大专,寄扬州韩绰判官,/home/ubuntu/workspace/image_voting_system/all_images/寄扬州韩绰判官_mj.jpg,mj,A,148119,"{""q1-2"": ""b"", ""q1-1"": ""B"", ""q2-1"": ""a"", ""q2-2"": ""c"", ""q2-3"": ""c"", ""q2-4"": ""c"", ""q2-5"": ""d"", ""q2-6"": ""c"", ""q2-7"": ""d"", ""q2-8"": ""d"", ""q2-9"": ""b"", ""q2-10"": ""d""}",111132,259251
707,2026-02-01T12:13:44.002199,Sl,57,女,大专,留别王侍御维,/home/ubuntu/workspace/image_voting_system/all_images/留别王侍御维_mj.jpg,mj,C,100012,"{""q1-2"": ""b"", ""q1-1"": ""C"", ""q2-1"": ""a"", ""q2-2"": ""b"", ""q2-3"": ""a"", ""q2-4"": ""b"", ""q2-5"": ""b"", ""q2-6"": ""d"", ""q2-7"": ""a"", ""q2-8"": ""a"", ""q2-9"": ""a"", ""q2-10"": ""c""}",123364,223376
708,2026-02-01T12:15:49.929352,Sl,57,女,大专,陇西行四首·其二,/home/ubuntu/workspace/image_voting_system/all_images/陇西行四首·其二_seedream.jpg,seedream,C,47853,"{""q1-2"": ""c"", ""q1-1"": ""C"", ""q2-1"": ""a"", ""q2-2"": ""b"", ""q2-3"": ""a"", ""q2-4"": ""b"", ""q2-5"": ""a"", ""q2-6"": ""b"", ""q2-7"": ""a"", ""q2-8"": ""a"", ""q2-9"": ""a"", ""q2-10"": ""b""}",78074,125927
709,2026-02-01T21:45:18.409714,吴韫聪,30,男,硕士,饯别王十一南游,/home/ubuntu/workspace/image_voting_system/all_images/饯别王十一南游_nano.jpg,nano,D,122711,"{""q1-2"": ""a"", ""q1-1"": ""D"", ""q2-1"": ""a"", ""q2-2"": ""a"", ""q2-3"": ""c"", ""q2-4"": ""a"", ""q2-5"": ""a"", ""q2-6"": ""a"", ""q2-7"": ""a"", ""q2-8"": ""a"", ""q2-9"": ""a"", ""q2-10"": ""a""}",92256,214967
710,2026-02-01T21:49:13.945427,吴韫聪,30,男,硕士,奉济驿重送严公四韵,/home/ubuntu/workspace/image_voting_system/all_images/奉济驿重送严公四韵_gpt.jpg,gpt,B,171785,"{""q1-2"": ""c"", ""q1-1"": ""B"", ""q2-1"": ""a"", ""q2-2"": ""a"", ""q2-3"": ""b"", ""q2-4"": ""b"", ""q2-5"": ""a"", ""q2-6"": ""b"", ""q2-7"": ""a"", ""q2-8"": ""a"", ""q2-9"": ""a"", ""q2-10"": ""b""}",63751,235536
711,2026-02-01T21:51:30.026481,吴韫聪,30,男,硕士,佳人,/home/ubuntu/workspace/image_voting_system/all_images/佳人_mj.jpg,mj,C,30703,"{""q1-2"": ""d"", ""q1-1"": ""C"", ""q2-1"": ""a"", ""q2-2"": ""a"", ""q2-3"": ""a"", ""q2-4"": ""b"", ""q2-5"": ""d"", ""q2-6"": ""d"", ""q2-7"": ""c"", ""q2-8"": ""d"", ""q2-9"": ""a"", ""q2-10"": ""d""}",105377,136080
712,2026-02-01T21:55:38.029276,吴韫聪,30,男,硕士,利州南渡,/home/ubuntu/workspace/image_voting_system/all_images/利州南渡_gpt.jpg,gpt,C,193869,"{""q1-2"": ""b"", ""q1-1"": ""C"", ""q2-1"": ""a"", ""q2-2"": ""a"", ""q2-3"": ""b"", ""q2-4"": ""a"", ""q2-5"": ""a"", ""q2-6"": ""b"", ""q2-7"": ""a"", ""q2-8"": ""a"", ""q2-9"": ""a"", ""q2-10"": ""b""}",54134,248003
713,2026-02-01T21:57:16.493756,吴韫聪,30,男,硕士,送陈章甫,/home/ubuntu/workspace/image_voting_system/all_images/送陈章甫_mj.jpg,mj,B,36391,"{""q1-2"": ""a"", ""q1-1"": ""B"", ""q2-1"": ""a"", ""q2-2"": ""a"", ""q2-3"": ""b"", ""q2-4"": ""b"", ""q2-5"": ""a"", ""q2-6"": ""d"", ""q2-7"": ""b"", ""q2-8"": ""a"", ""q2-9"": ""b"", ""q2-10"": ""c""}",62074,98465
714,2026-02-01T21:59:09.162333,吴韫聪,30,男,硕士,寄令狐郎中,/home/ubuntu/workspace/image_voting_system/all_images/寄令狐郎中_gpt.jpg,gpt,C,68378,"{""q1-2"": ""c"", ""q1-1"": ""C"", ""q2-1"": ""a"", ""q2-2"": ""a"", ""q2-3"": ""a"", ""q2-4"": ""b"", ""q2-5"": ""a"", ""q2-6"": ""b"", ""q2-7"": ""a"", ""q2-8"": ""a"", ""q2-9"": ""a"", ""q2-10"": ""b""}",44291,112669
715,2026-02-01T22:00:28.099146,吴韫聪,30,男,硕士,竹里馆,/home/ubuntu/workspace/image_voting_system/all_images/竹里馆_seedream.jpg,seedream,A,25432,"{""q1-2"": ""e"", ""q1-1"": ""A"", ""q2-1"": ""a"", ""q2-2"": ""a"", ""q2-3"": ""a"", ""q2-4"": ""a"", ""q2-5"": ""a"", ""q2-6"": ""a"", ""q2-7"": ""a"", ""q2-8"": ""a"", ""q2-9"": ""a"", ""q2-10"": ""a""}",53504,78936
716,2026-02-02T03:59:19.633710,吴韫聪,30,男,硕士,秋日登吴公台上寺远眺,/home/ubuntu/workspace/image_voting_system/all_images/秋日登吴公台上寺远眺_mj.jpg,mj,C,21462765,"{""q1-2"": ""b"", ""q1-1"": ""C"", ""q2-1"": ""a"", ""q2-2"": ""b"", ""q2-3"": ""a"", ""q2-4"": ""c"", ""q2-5"": ""c"", ""q2-6"": ""b"", ""q2-7"": ""b"", ""q2-8"": ""d"", ""q2-9"": ""a"", ""q2-10"": ""d""}",68770,21531535
717,2026-02-02T04:00:52.353402,吴韫聪,30,男,硕士,寄扬州韩绰判官,/home/ubuntu/workspace/image_voting_system/all_images/寄扬州韩绰判官_seedream.jpg,seedream,C,66768,"{""q1-2"": ""a"", ""q1-1"": ""C"", ""q2-1"": ""a"", ""q2-2"": ""a"", ""q2-3"": ""a"", ""q2-4"": ""a"", ""q2-5"": ""a"", ""q2-6"": ""a"", ""q2-7"": ""a"", ""q2-8"": ""a"", ""q2-9"": ""a"", ""q2-10"": ""a""}",25952,92720
718,2026-02-02T04:08:03.176878,吴韫聪,30,男,硕士,登幽州台歌,/home/ubuntu/workspace/image_voting_system/all_images/登幽州台歌_mj.jpg,mj,C,292083,"{""q1-2"": ""d"", ""q1-1"": ""D"", ""q2-1"": ""a"", ""q2-2"": ""c"", ""q2-3"": ""a"", ""q2-4"": ""d"", ""q2-5"": ""e"", ""q2-6"": ""d"", ""q2-7"": ""d"", ""q2-8"": ""c"", ""q2-9"": ""b"", ""q2-10"": ""e""}",138740,430823
719,2026-02-03T12:01:27.100273,杨,1,男,本科,寄李儋元锡,/home/ubuntu/workspace/image_voting_system/all_images/寄李儋元锡_gpt.jpg,gpt,C,44300,"{""q1-2"": ""a"", ""q1-1"": ""C"", ""q2-1"": ""a"", ""q2-2"": ""a"", ""q2-3"": ""a"", ""q2-4"": ""a"", ""q2-5"": ""a"", ""q2-6"": ""a"", ""q2-7"": ""a"", ""q2-8"": ""a"", ""q2-9"": ""a"", ""q2-10"": ""a""}",43080,87380
720,2026-02-03T12:02:24.784662,杨,1,男,本科,晨诣超师院读禅经,/home/ubuntu/workspace/image_voting_system/all_images/晨诣超师院读禅经_mj.jpg,mj,A,37074,"{""q1-2"": ""a"", ""q1-1"": ""A"", ""q2-1"": ""a"", ""q2-2"": ""a"", ""q2-3"": ""a"", ""q2-4"": ""a"", ""q2-5"": ""a"", ""q2-6"": ""a"", ""q2-7"": ""a"", ""q2-8"": ""a"", ""q2-9"": ""a"", ""q2-10"": ""b""}",20611,57685
721,2026-02-03T12:03:20.351729,杨,1,男,本科,春晓,/home/ubuntu/workspace/image_voting_system/all_images/春晓_mj.jpg,mj,C,25680,"{""q1-2"": ""a"", ""q1-1"": ""A"", ""q2-1"": ""a"", ""q2-2"": ""a"", ""q2-3"": ""a"", ""q2-4"": ""b"", ""q2-5"": ""a"", ""q2-6"": ""a"", ""q2-7"": ""a"", ""q2-8"": ""a"", ""q2-9"": ""a"", ""q2-10"": ""b""}",29887,55567
722,2026-02-03T12:04:01.265419,小李,29,女,硕士,终南别业,/home/ubuntu/workspace/image_voting_system/all_images/终南别业_nano.jpg,nano,C,36670,"{""q1-2"": ""c"", ""q1-1"": ""C"", ""q2-10"": ""a"", ""q2-9"": ""a"", ""q2-8"": ""a"", ""q2-7"": ""a"", ""q2-6"": ""b"", ""q2-5"": ""b"", ""q2-4"": ""a"", ""q2-3"": ""b"", ""q2-2"": ""a"", ""q2-1"": ""b""}",55060,91730
723,2026-02-03T12:04:03.249546,王维一首,27,男,本科,长干曲四首·其二,/home/ubuntu/workspace/image_voting_system/all_images/长干曲四首·其二_seedream.jpg,seedream,C,49356,"{""q1-2"": ""b"", ""q1-1"": ""D"", ""q2-1"": ""a"", ""q2-2"": ""a"", ""q2-3"": ""a"", ""q2-4"": ""b"", ""q2-5"": ""a"", ""q2-6"": ""b"", ""q2-7"": ""a"", ""q2-8"": ""a"", ""q2-9"": ""b"", ""q2-10"": ""b""}",133257,182613
724,2026-02-03T12:04:55.382671,瞿聪,26,女,硕士,出塞,/home/ubuntu/workspace/image_voting_system/all_images/出塞_seedream.jpg,seedream,D,21832,"{""q1-2"": ""a"", ""q1-1"": ""D"", ""q2-1"": ""a"", ""q2-3"": ""a"", ""q2-5"": ""a"", ""q2-4"": ""a"", ""q2-6"": ""a"", ""q2-8"": ""a"", ""q2-10"": ""b"", ""q2-9"": ""a"", ""q2-2"": ""a"", ""q2-7"": ""a""}",57232,79064
725,2026-02-03T12:05:07.407311,倪妮,40,男,初中,寄扬州韩绰判官,/home/ubuntu/workspace/image_voting_system/all_images/寄扬州韩绰判官_mj.jpg,mj,B,33654,"{""q1-2"": ""a"", ""q1-1"": ""B"", ""q2-1"": ""a"", ""q2-2"": ""b"", ""q2-3"": ""a"", ""q2-4"": ""b"", ""q2-5"": ""c"", ""q2-6"": ""b"", ""q2-7"": ""a"", ""q2-8"": ""b"", ""q2-9"": ""b"", ""q2-10"": ""b""}",31046,64700
726,2026-02-03T12:05:14.943301,小李,29,女,硕士,山居秋暝,/home/ubuntu/workspace/image_voting_system/all_images/山居秋暝_nano.jpg,nano,C,57739,"{""q1-2"": ""b"", ""q1-1"": ""C"", ""q2-1"": ""a"", ""q2-2"": ""a"", ""q2-3"": ""a"", ""q2-4"": ""a"", ""q2-5"": ""a"", ""q2-6"": ""a"", ""q2-7"": ""a"", ""q2-8"": ""a"", ""q2-9"": ""a"", ""q2-10"": ""b""}",15940,73679
727,2026-02-03T12:06:01.090954,倪妮,40,男,初中,隋宫·乘兴南游不戒严,/home/ubuntu/workspace/image_voting_system/all_images/隋宫·乘兴南游不戒严_mj.jpg,mj,A,30357,"{""q1-2"": ""a"", ""q1-1"": ""C"", ""q2-1"": ""a"", ""q2-2"": ""a"", ""q2-3"": ""a"", ""q2-4"": ""a"", ""q2-5"": ""a"", ""q2-6"": ""f"", ""q2-7"": ""a"", ""q2-8"": ""a"", ""q2-9"": ""b"", ""q2-10"": ""c""}",23327,53684
728,2026-02-03T12:06:04.464359,王维一首,27,男,本科,新年作,/home/ubuntu/workspace/image_voting_system/all_images/新年作_seedream.jpg,seedream,C,50583,"{""q1-2"": ""a"", ""q1-1"": ""C"", ""q2-1"": ""a"", ""q2-2"": ""b"", ""q2-3"": ""a"", ""q2-4"": ""a"", ""q2-5"": ""a"", ""q2-6"": ""a"", ""q2-7"": ""a"", ""q2-8"": ""a"", ""q2-9"": ""a"", ""q2-10"": ""b""}",70632,121215
729,2026-02-03T12:06:10.691961,妙,40,女,本科,奉和圣制从蓬莱向兴庆阁道中留春雨中春望之作应制,/home/ubuntu/workspace/image_voting_system/all_images/奉和圣制从蓬莱向兴庆阁道中留春雨中春望之作应制_nano.jpg,nano,A,56465,"{""q1-2"": ""b"", ""q1-1"": ""B"", ""q2-1"": ""a"", ""q2-2"": ""a"", ""q2-3"": ""a"", ""q2-4"": ""b"", ""q2-5"": ""a"", ""q2-6"": ""b"", ""q2-7"": ""b"", ""q2-8"": ""b"", ""q2-10"": ""c"", ""q2-9"": ""b""}",92320,148785
730,2026-02-03T12:06:21.018570,小李,29,女,硕士,送綦毋潜落第还乡,/home/ubuntu/workspace/image_voting_system/all_images/送綦毋潜落第还乡_gpt.jpg,gpt,D,50007,"{""q1-2"": ""a"", ""q1-1"": ""B"", ""q2-1"": ""a"", ""q2-2"": ""a"", ""q2-3"": ""a"", ""q2-4"": ""a"", ""q2-5"": ""a"", ""q2-6"": ""a"", ""q2-7"": ""a"", ""q2-8"": ""a"", ""q2-9"": ""a"", ""q2-10"": ""b""}",16069,66076
731,2026-02-03T12:06:29.963068,coco,18,女,高中,送綦毋潜落第还乡,/home/ubuntu/workspace/image_voting_system/all_images/送綦毋潜落第还乡_seedream.jpg,seedream,B,38551,"{""q1-2"": ""c"", ""q1-1"": ""A"", ""q2-1"": ""a"", ""q2-2"": ""b"", ""q2-3"": ""b"", ""q2-4"": ""d"", ""q2-5"": ""b"", ""q2-6"": ""d"", ""q2-7"": ""d"", ""q2-8"": ""c"", ""q2-9"": ""c"", ""q2-10"": ""c""}",118810,157361
732,2026-02-03T12:06:36.623638,倪妮,40,男,初中,新嫁娘词,/home/ubuntu/workspace/image_voting_system/all_images/新嫁娘词_seedream.jpg,seedream,B,15091,"{""q1-2"": ""a"", ""q1-1"": ""B"", ""q2-1"": ""a"", ""q2-2"": ""b"", ""q2-3"": ""a"", ""q2-4"": ""a"", ""q2-5"": ""a"", ""q2-6"": ""a"", ""q2-7"": ""a"", ""q2-8"": ""a"", ""q2-9"": ""b"", ""q2-10"": ""d""}",20442,35533
733,2026-02-03T12:06:52.665203,小李,29,女,硕士,留别王侍御维,/home/ubuntu/workspace/image_voting_system/all_images/留别王侍御维_seedream.jpg,seedream,A,17133,"{""q1-2"": ""b"", ""q1-1"": ""B"", ""q2-1"": ""a"", ""q2-2"": ""a"", ""q2-3"": ""a"", ""q2-4"": ""a"", ""q2-5"": ""a"", ""q2-6"": ""a"", ""q2-7"": ""a"", ""q2-8"": ""a"", ""q2-9"": ""a"", ""q2-10"": ""b""}",14513,31646
734,2026-02-03T12:07:00.657594,高山,46,女,本科,风雨,/home/ubuntu/workspace/image_voting_system/all_images/风雨_nano.jpg,nano,C,101541,"{""q1-2"": ""d"", ""q1-1"": ""C"", ""q2-9"": ""a"", ""q2-10"": ""a"", ""q2-7"": ""a"", ""q2-8"": ""a"", ""q2-5"": ""a"", ""q2-4"": ""a"", ""q2-3"": ""b"", ""q2-2"": ""a"", ""q2-1"": ""a"", ""q2-6"": ""a""}",51615,153156
735,2026-02-03T12:07:04.797183,东东,40,女,本科,野望,/home/ubuntu/workspace/image_voting_system/all_images/野望_seedream.jpg,seedream,B,138629,"{""q1-2"": ""b"", ""q1-1"": ""B"", ""q2-1"": ""b"", ""q2-3"": ""a"", ""q2-4"": ""b"", ""q2-5"": ""a"", ""q2-6"": ""b"", ""q2-7"": ""b"", ""q2-8"": ""a"", ""q2-9"": ""b"", ""q2-10"": ""c"", ""q2-2"": ""b""}",161965,300594
737,2026-02-03T12:07:32.419759,coco,18,女,高中,赠卫八处士,/home/ubuntu/workspace/image_voting_system/all_images/赠卫八处士_nano.jpg,nano,D,23128,"{""q1-2"": ""d"", ""q1-1"": ""D"", ""q2-2"": ""b"", ""q2-3"": ""b"", ""q2-4"": ""b"", ""q2-5"": ""b"", ""q2-6"": ""b"", ""q2-7"": ""b"", ""q2-8"": ""c"", ""q2-9"": ""b"", ""q2-10"": ""c"", ""q2-1"": ""a""}",39329,62457
738,2026-02-03T12:07:38.802206,寒寒,45,女,本科,题破山寺后禅院,/home/ubuntu/workspace/image_voting_system/all_images/题破山寺后禅院_mj.jpg,mj,A,78840,"{""q1-2"": ""a"", ""q1-1"": ""C"", ""q2-10"": ""b"", ""q2-6"": ""b"", ""q2-7"": ""a"", ""q2-8"": ""a"", ""q2-9"": ""a"", ""q2-5"": ""a"", ""q2-4"": ""b"", ""q2-3"": ""a"", ""q2-2"": ""a"", ""q2-1"": ""b""}",111407,190247
739,2026-02-03T12:07:39.890888,妙,40,女,本科,寄全椒山中道士,/home/ubuntu/workspace/image_voting_system/all_images/寄全椒山中道士_gpt.jpg,gpt,A,60409,"{""q1-2"": ""b"", ""q1-1"": ""B"", ""q2-1"": ""a"", ""q2-2"": ""a"", ""q2-3"": ""b"", ""q2-4"": ""a"", ""q2-5"": ""a"", ""q2-6"": ""a"", ""q2-7"": ""a"", ""q2-8"": ""a"", ""q2-9"": ""b"", ""q2-10"": ""c""}",28790,89199
740,2026-02-03T12:07:40.894443,倪妮,40,男,初中,韩碑,/home/ubuntu/workspace/image_voting_system/all_images/韩碑_gpt.jpg,gpt,B,12300,"{""q1-2"": ""c"", ""q1-1"": ""B"", ""q2-2"": ""b"", ""q2-1"": ""a"", ""q2-3"": ""b"", ""q2-4"": ""c"", ""q2-5"": ""e"", ""q2-6"": ""b"", ""q2-7"": ""a"", ""q2-8"": ""a"", ""q2-9"": ""b"", ""q2-10"": ""c""}",22181,34481
741,2026-02-03T12:07:43.485941,小李,29,女,硕士,韩碑,/home/ubuntu/workspace/image_voting_system/all_images/韩碑_gpt.jpg,gpt,B,30071,"{""q1-2"": ""b"", ""q1-1"": ""B"", ""q2-1"": ""b"", ""q2-2"": ""b"", ""q2-3"": ""a"", ""q2-4"": ""a"", ""q2-5"": ""a"", ""q2-6"": ""a"", ""q2-7"": ""a"", ""q2-8"": ""a"", ""q2-9"": ""a"", ""q2-10"": ""b""}",20750,50821
742,2026-02-03T12:08:08.329207,王薇,44,女,本科,寒食,/home/ubuntu/workspace/image_voting_system/all_images/寒食_gpt.jpg,gpt,C,39355,"{""q1-2"": ""b"", ""q1-1"": ""C"", ""q2-1"": ""a"", ""q2-2"": ""b"", ""q2-3"": ""b"", ""q2-4"": ""a"", ""q2-5"": ""a"", ""q2-6"": ""b"", ""q2-7"": ""a"", ""q2-8"": ""a"", ""q2-9"": ""a"", ""q2-10"": ""b""}",62622,101977
744,2026-02-03T12:08:22.160676,小李白,40,男,硕士,孤雁二首·其二,/home/ubuntu/workspace/image_voting_system/all_images/孤雁二首·其二_gpt.jpg,gpt,C,118205,"{""q1-2"": ""a"", ""q1-1"": ""C"", ""q2-1"": ""a"", ""q2-2"": ""a"", ""q2-3"": ""a"", ""q2-4"": ""a"", ""q2-6"": ""a"", ""q2-7"": ""a"", ""q2-9"": ""a"", ""q2-8"": ""a"", ""q2-10"": ""b"", ""q2-5"": ""a""}",112095,230300
745,2026-02-03T12:08:33.289876,王维一首,27,男,本科,西施咏,/home/ubuntu/workspace/image_voting_system/all_images/西施咏_gpt.jpg,gpt,C,74823,"{""q1-2"": ""b"", ""q1-1"": ""B"", ""q2-1"": ""a"", ""q2-2"": ""a"", ""q2-3"": ""a"", ""q2-4"": ""b"", ""q2-5"": ""b"", ""q2-6"": ""b"", ""q2-7"": ""a"", ""q2-8"": ""a"", ""q2-9"": ""b"", ""q2-10"": ""c""}",74003,148826
748,2026-02-03T12:09:13.833156,果子,49,女,本科,轮台歌奉送封大夫出师西征,/home/ubuntu/workspace/image_voting_system/all_images/轮台歌奉送封大夫出师西征_mj.jpg,mj,D,96654,"{""q1-2"": ""a"", ""q1-1"": ""C"", ""q2-1"": ""a"", ""q2-2"": ""a"", ""q2-3"": ""a"", ""q2-4"": ""b"", ""q2-5"": ""a"", ""q2-6"": ""b"", ""q2-7"": ""a"", ""q2-8"": ""b"", ""q2-9"": ""a"", ""q2-10"": ""b""}",210392,307046
749,2026-02-03T12:09:44.555257,寒寒,45,女,本科,哥舒歌,/home/ubuntu/workspace/image_voting_system/all_images/哥舒歌_seedream.jpg,seedream,C,72711,"{""q1-2"": ""a"", ""q1-1"": ""C"", ""q2-1"": ""a"", ""q2-2"": ""a"", ""q2-3"": ""a"", ""q2-4"": ""a"", ""q2-5"": ""a"", ""q2-6"": ""a"", ""q2-7"": ""a"", ""q2-8"": ""a"", ""q2-9"": ""a"", ""q2-10"": ""b""}",53042,125753
750,2026-02-03T12:10:07.207144,东东,40,女,本科,苏武庙,/home/ubuntu/workspace/image_voting_system/all_images/苏武庙_nano.jpg,nano,B,55565,"{""q1-2"": ""b"", ""q1-1"": ""B"", ""q2-1"": ""b"", ""q2-2"": ""b"", ""q2-3"": ""b"", ""q2-4"": ""b"", ""q2-5"": ""a"", ""q2-6"": ""b"", ""q2-7"": ""a"", ""q2-8"": ""a"", ""q2-9"": ""a"", ""q2-10"": ""c""}",126845,182410
751,2026-02-03T12:10:56.161158,棉裤,35,男,本科,孤雁二首·其二,/home/ubuntu/workspace/image_voting_system/all_images/孤雁二首·其二_seedream.jpg,seedream,B,71022,"{""q1-2"": ""b"", ""q1-1"": ""B"", ""q2-1"": ""a"", ""q2-2"": ""a"", ""q2-3"": ""a"", ""q2-4"": ""a"", ""q2-5"": ""a"", ""q2-6"": ""a"", ""q2-7"": ""a"", ""q2-8"": ""a"", ""q2-9"": ""a"", ""q2-10"": ""b""}",69811,140833
752,2026-02-03T12:11:09.510230,果子,49,女,本科,和贾舍人早朝大明宫之作,/home/ubuntu/workspace/image_voting_system/all_images/和贾舍人早朝大明宫之作_mj.jpg,mj,B,46867,"{""q1-2"": ""b"", ""q1-1"": ""B"", ""q2-1"": ""a"", ""q2-2"": ""a"", ""q2-3"": ""a"", ""q2-4"": ""a"", ""q2-5"": ""a"", ""q2-6"": ""b"", ""q2-7"": ""a"", ""q2-8"": ""a"", ""q2-9"": ""a"", ""q2-10"": ""b""}",68810,115677
753,2026-02-03T12:11:11.241646,寒寒,45,女,本科,琵琶行,/home/ubuntu/workspace/image_voting_system/all_images/琵琶行_seedream.jpg,seedream,D,34926,"{""q1-2"": ""a"", ""q1-1"": ""D"", ""q2-1"": ""a"", ""q2-2"": ""a"", ""q2-3"": ""a"", ""q2-4"": ""a"", ""q2-5"": ""a"", ""q2-6"": ""b"", ""q2-7"": ""a"", ""q2-8"": ""a"", ""q2-9"": ""a"", ""q2-10"": ""b""}",51761,86687
754,2026-02-03T12:11:34.901508,东东,40,女,本科,送方外上人,/home/ubuntu/workspace/image_voting_system/all_images/送方外上人_seedream.jpg,seedream,A,29240,"{""q1-2"": ""a"", ""q1-1"": ""A"", ""q2-1"": ""a"", ""q2-2"": ""a"", ""q2-3"": ""a"", ""q2-4"": ""b"", ""q2-5"": ""a"", ""q2-6"": ""b"", ""q2-7"": ""a"", ""q2-8"": ""b"", ""q2-9"": ""a"", ""q2-10"": ""b""}",58455,87695
755,2026-02-03T12:11:40.268955,棉裤,35,男,本科,送别·下马饮君酒,/home/ubuntu/workspace/image_voting_system/all_images/送别·下马饮君酒_nano.jpg,nano,C,23012,"{""q1-2"": ""a"", ""q1-1"": ""C"", ""q2-1"": ""a"", ""q2-2"": ""a"", ""q2-3"": ""a"", ""q2-4"": ""a"", ""q2-5"": ""a"", ""q2-6"": ""a"", ""q2-7"": ""a"", ""q2-8"": ""a"", ""q2-9"": ""a"", ""q2-10"": ""b""}",21096,44108
756,2026-02-03T12:12:24.871754,东东,40,女,本科,在狱咏蝉,/home/ubuntu/workspace/image_voting_system/all_images/在狱咏蝉_gpt.jpg,gpt,A,20645,"{""q1-2"": ""a"", ""q1-1"": ""A"", ""q2-1"": ""a"", ""q2-2"": ""a"", ""q2-3"": ""a"", ""q2-4"": ""b"", ""q2-5"": ""a"", ""q2-6"": ""a"", ""q2-7"": ""b"", ""q2-8"": ""a"", ""q2-9"": ""b"", ""q2-10"": ""b""}",29325,49970
757,2026-02-03T12:12:30.627485,寒寒,45,女,本科,赤壁,/home/ubuntu/workspace/image_voting_system/all_images/赤壁_nano.jpg,nano,B,28320,"{""q1-2"": ""b"", ""q1-1"": ""B"", ""q2-1"": ""a"", ""q2-2"": ""a"", ""q2-3"": ""a"", ""q2-4"": ""b"", ""q2-5"": ""a"", ""q2-6"": ""b"", ""q2-7"": ""a"", ""q2-8"": ""a"", ""q2-9"": ""a"", ""q2-10"": ""b""}",51066,79386
758,2026-02-03T12:12:45.121189,果子,49,女,本科,新年作,/home/ubuntu/workspace/image_voting_system/all_images/新年作_gpt.jpg,gpt,D,41309,"{""q1-2"": ""a"", ""q1-1"": ""C"", ""q2-1"": ""a"", ""q2-2"": ""a"", ""q2-3"": ""a"", ""q2-4"": ""b"", ""q2-5"": ""a"", ""q2-6"": ""b"", ""q2-7"": ""a"", ""q2-8"": ""a"", ""q2-9"": ""a"", ""q2-10"": ""b""}",54302,95611
759,2026-02-03T12:13:10.429709,张,27,女,本科,秋夜寄邱员外,/home/ubuntu/workspace/image_voting_system/all_images/秋夜寄邱员外_seedream.jpg,seedream,C,53081,"{""q1-2"": ""b"", ""q1-1"": ""C"", ""q2-1"": ""a"", ""q2-2"": ""b"", ""q2-3"": ""b"", ""q2-4"": ""a"", ""q2-5"": ""a"", ""q2-6"": ""a"", ""q2-7"": ""a"", ""q2-8"": ""a"", ""q2-9"": ""a"", ""q2-10"": ""b""}",44554,97635
760,2026-02-03T12:13:35.170149,棉裤,35,男,本科,题大庾岭北驿,/home/ubuntu/workspace/image_voting_system/all_images/题大庾岭北驿_nano.jpg,nano,B,98482,"{""q1-2"": ""b"", ""q1-1"": ""B"", ""q2-1"": ""a"", ""q2-2"": ""a"", ""q2-3"": ""a"", ""q2-4"": ""a"", ""q2-5"": ""a"", ""q2-6"": ""a"", ""q2-7"": ""a"", ""q2-8"": ""a"", ""q2-9"": ""a"", ""q2-10"": ""b""}",16419,114901
761,2026-02-03T12:13:42.392839,东东,40,女,本科,岁暮归南山,/home/ubuntu/workspace/image_voting_system/all_images/岁暮归南山_seedream.jpg,seedream,A,42006,"{""q1-2"": ""c"", ""q1-1"": ""C"", ""q2-1"": ""b"", ""q2-2"": ""b"", ""q2-3"": ""c"", ""q2-4"": ""b"", ""q2-5"": ""b"", ""q2-6"": ""b"", ""q2-7"": ""b"", ""q2-8"": ""a"", ""q2-9"": ""b"", ""q2-10"": ""c""}",35515,77521
762,2026-02-03T12:13:49.090159,寒寒,45,女,本科,长干行·其一,/home/ubuntu/workspace/image_voting_system/all_images/长干行·其一_gpt.jpg,gpt,C,39652,"{""q1-2"": ""b"", ""q1-1"": ""C"", ""q2-1"": ""a"", ""q2-2"": ""a"", ""q2-3"": ""a"", ""q2-4"": ""b"", ""q2-5"": ""a"", ""q2-6"": ""b"", ""q2-7"": ""a"", ""q2-8"": ""a"", ""q2-9"": ""a"", ""q2-10"": ""b""}",38810,78462
763,2026-02-03T12:14:14.761764,果子,49,女,本科,送杨氏女,/home/ubuntu/workspace/image_voting_system/all_images/送杨氏女_mj.jpg,mj,D,45416,"{""q1-2"": ""a"", ""q1-1"": ""D"", ""q2-1"": ""a"", ""q2-2"": ""a"", ""q2-3"": ""a"", ""q2-4"": ""a"", ""q2-5"": ""a"", ""q2-6"": ""b"", ""q2-7"": ""a"", ""q2-8"": ""a"", ""q2-9"": ""a"", ""q2-10"": ""a""}",44225,89641
764,2026-02-03T12:14:20.131443,张,27,女,本科,送人东游,/home/ubuntu/workspace/image_voting_system/all_images/送人东游_mj.jpg,mj,C,41569,"{""q1-2"": ""a"", ""q1-1"": ""C"", ""q2-1"": ""a"", ""q2-2"": ""b"", ""q2-3"": ""b"", ""q2-4"": ""b"", ""q2-5"": ""a"", ""q2-6"": ""a"", ""q2-7"": ""a"", ""q2-8"": ""a"", ""q2-9"": ""b"", ""q2-10"": ""c""}",28133,69702
765,2026-02-03T12:15:00.914733,东东,40,女,本科,遣悲怀三首·其三,/home/ubuntu/workspace/image_voting_system/all_images/遣悲怀三首·其三_mj.jpg,mj,A,44681,"{""q1-2"": ""c"", ""q1-1"": ""A"", ""q2-1"": ""b"", ""q2-2"": ""b"", ""q2-3"": ""b"", ""q2-4"": ""b"", ""q2-5"": ""b"", ""q2-6"": ""b"", ""q2-7"": ""b"", ""q2-8"": ""b"", ""q2-9"": ""a"", ""q2-10"": ""c""}",33841,78522
766,2026-02-03T12:15:12.594896,棉裤,35,男,本科,九月九日忆山东兄弟,/home/ubuntu/workspace/image_voting_system/all_images/九月九日忆山东兄弟_mj.jpg,mj,B,47375,"{""q1-2"": ""c"", ""q1-1"": ""B"", ""q2-1"": ""a"", ""q2-2"": ""b"", ""q2-3"": ""a"", ""q2-4"": ""a"", ""q2-5"": ""a"", ""q2-6"": ""a"", ""q2-7"": ""a"", ""q2-8"": ""a"", ""q2-10"": ""c"", ""q2-9"": ""a""}",50050,97425
767,2026-02-03T12:15:17.902103,张,27,女,本科,赤壁,/home/ubuntu/workspace/image_voting_system/all_images/赤壁_seedream.jpg,seedream,C,37915,"{""q1-2"": ""b"", ""q1-1"": ""C"", ""q2-1"": ""a"", ""q2-2"": ""b"", ""q2-3"": ""a"", ""q2-4"": ""b"", ""q2-5"": ""a"", ""q2-6"": ""b"", ""q2-7"": ""a"", ""q2-8"": ""a"", ""q2-9"": ""a"", ""q2-10"": ""c""}",19855,57770
768,2026-02-03T12:15:22.415410,果子,49,女,本科,玉台体,/home/ubuntu/workspace/image_voting_system/all_images/玉台体_nano.jpg,nano,A,36759,"{""q1-2"": ""a"", ""q1-1"": ""A"", ""q2-1"": ""a"", ""q2-2"": ""a"", ""q2-3"": ""a"", ""q2-4"": ""a"", ""q2-5"": ""a"", ""q2-6"": ""b"", ""q2-7"": ""a"", ""q2-8"": ""a"", ""q2-9"": ""a"", ""q2-10"": ""b""}",30895,67654
769,2026-02-03T12:16:11.969857,寒寒,45,女,本科,经邹鲁祭孔子而叹之,/home/ubuntu/workspace/image_voting_system/all_images/经邹鲁祭孔子而叹之_mj.jpg,mj,C,96460,"{""q1-2"": ""b"", ""q1-1"": ""A"", ""q2-1"": ""a"", ""q2-2"": ""b"", ""q2-3"": ""b"", ""q2-4"": ""b"", ""q2-5"": ""b"", ""q2-6"": ""d"", ""q2-7"": ""b"", ""q2-8"": ""c"", ""q2-9"": ""b"", ""q2-10"": ""c""}",46420,142880
770,2026-02-03T12:16:13.376791,东东,40,女,本科,长信秋词五首·其三,/home/ubuntu/workspace/image_voting_system/all_images/长信秋词五首·其三_nano.jpg,nano,C,33017,"{""q1-2"": ""a"", ""q1-1"": ""C"", ""q2-1"": ""b"", ""q2-2"": ""a"", ""q2-3"": ""b"", ""q2-4"": ""b"", ""q2-5"": ""a"", ""q2-6"": ""a"", ""q2-7"": ""a"", ""q2-8"": ""b"", ""q2-9"": ""b"", ""q2-10"": ""b""}",39445,72462
771,2026-02-03T12:16:20.038784,果子,49,女,本科,望蓟门,/home/ubuntu/workspace/image_voting_system/all_images/望蓟门_nano.jpg,nano,B,29071,"{""q1-2"": ""a"", ""q1-1"": ""B"", ""q2-1"": ""a"", ""q2-2"": ""a"", ""q2-3"": ""a"", ""q2-4"": ""a"", ""q2-5"": ""a"", ""q2-6"": ""a"", ""q2-7"": ""a"", ""q2-8"": ""a"", ""q2-9"": ""a"", ""q2-10"": ""a""}",28552,57623
772,2026-02-03T12:17:05.396970,寒寒,45,女,本科,逢入京使,/home/ubuntu/workspace/image_voting_system/all_images/逢入京使_seedream.jpg,seedream,C,23264,"{""q1-2"": ""a"", ""q1-1"": ""C"", ""q2-1"": ""a"", ""q2-2"": ""a"", ""q2-3"": ""a"", ""q2-4"": ""b"", ""q2-5"": ""a"", ""q2-6"": ""b"", ""q2-7"": ""b"", ""q2-8"": ""a"", ""q2-9"": ""a"", ""q2-10"": ""b""}",30163,53427
773,2026-02-03T12:17:12.216677,东东,40,女,本科,凉州词二首·其一,/home/ubuntu/workspace/image_voting_system/all_images/凉州词二首·其一_gpt.jpg,gpt,D,35695,"{""q1-2"": ""a"", ""q1-1"": ""D"", ""q2-1"": ""a"", ""q2-2"": ""a"", ""q2-3"": ""a"", ""q2-4"": ""a"", ""q2-5"": ""a"", ""q2-6"": ""a"", ""q2-7"": ""b"", ""q2-8"": ""b"", ""q2-9"": ""b"", ""q2-10"": ""b""}",23145,58840
774,2026-02-03T12:17:21.525669,大菠萝,23,女,本科,寄人,/home/ubuntu/workspace/image_voting_system/all_images/寄人_nano.jpg,nano,D,39566,"{""q1-2"": ""a"", ""q1-1"": ""D"", ""q2-1"": ""a"", ""q2-2"": ""a"", ""q2-3"": ""a"", ""q2-4"": ""a"", ""q2-5"": ""a"", ""q2-6"": ""a"", ""q2-7"": ""a"", ""q2-8"": ""a"", ""q2-9"": ""a"", ""q2-10"": ""a""}",26738,66304
775,2026-02-03T12:17:26.975789,果子,49,女,本科,山居秋暝,/home/ubuntu/workspace/image_voting_system/all_images/山居秋暝_gpt.jpg,gpt,A,42232,"{""q1-2"": ""a"", ""q1-1"": ""A"", ""q2-1"": ""a"", ""q2-2"": ""a"", ""q2-3"": ""a"", ""q2-4"": ""a"", ""q2-5"": ""a"", ""q2-6"": ""a"", ""q2-7"": ""a"", ""q2-8"": ""a"", ""q2-9"": ""a"", ""q2-10"": ""b""}",24705,66937
776,2026-02-03T12:17:29.178191,棉裤,35,男,本科,云阳馆与韩绅宿别,/home/ubuntu/workspace/image_voting_system/all_images/云阳馆与韩绅宿别_gpt.jpg,gpt,A,117666,"{""q1-2"": ""b"", ""q1-1"": ""A"", ""q2-1"": ""a"", ""q2-2"": ""b"", ""q2-3"": ""b"", ""q2-4"": ""a"", ""q2-5"": ""a"", ""q2-6"": ""a"", ""q2-7"": ""a"", ""q2-8"": ""a"", ""q2-9"": ""a"", ""q2-10"": ""c""}",18917,136583
777,2026-02-03T12:18:00.085304,果子,49,女,本科,凉州词,/home/ubuntu/workspace/image_voting_system/all_images/凉州词_gpt.jpg,gpt,B,11244,"{""q1-2"": ""a"", ""q1-1"": ""B"", ""q2-1"": ""a"", ""q2-2"": ""a"", ""q2-3"": ""a"", ""q2-4"": ""a"", ""q2-5"": ""a"", ""q2-6"": ""a"", ""q2-7"": ""a"", ""q2-8"": ""a"", ""q2-9"": ""a"", ""q2-10"": ""b""}",21865,33109
778,2026-02-03T12:18:03.004725,东东,40,女,本科,送元二使安西,/home/ubuntu/workspace/image_voting_system/all_images/送元二使安西_seedream.jpg,seedream,A,20048,"{""q1-2"": ""a"", ""q1-1"": ""A"", ""q2-1"": ""a"", ""q2-2"": ""a"", ""q2-3"": ""a"", ""q2-4"": ""a"", ""q2-5"": ""a"", ""q2-6"": ""a"", ""q2-7"": ""a"", ""q2-8"": ""a"", ""q2-9"": ""a"", ""q2-10"": ""a""}",30740,50788
779,2026-02-03T12:18:19.443826,大菠萝,23,女,本科,送元二使安西,/home/ubuntu/workspace/image_voting_system/all_images/送元二使安西_nano.jpg,nano,D,40023,"{""q1-2"": ""a"", ""q1-1"": ""D"", ""q2-1"": ""a"", ""q2-2"": ""a"", ""q2-3"": ""a"", ""q2-4"": ""a"", ""q2-5"": ""a"", ""q2-6"": ""a"", ""q2-7"": ""a"", ""q2-8"": ""a"", ""q2-9"": ""a"", ""q2-10"": ""a""}",17895,57918
780,2026-02-03T12:18:20.806418,张,27,女,本科,送綦毋潜落第还乡,/home/ubuntu/workspace/image_voting_system/all_images/送綦毋潜落第还乡_gpt.jpg,gpt,C,108655,"{""q1-2"": ""b"", ""q1-1"": ""D"", ""q2-1"": ""a"", ""q2-2"": ""c"", ""q2-3"": ""b"", ""q2-4"": ""c"", ""q2-5"": ""b"", ""q2-6"": ""d"", ""q2-7"": ""d"", ""q2-8"": ""c"", ""q2-9"": ""b"", ""q2-10"": ""c""}",74249,182904
781,2026-02-03T12:18:23.295479,寒寒,45,女,本科,寒食,/home/ubuntu/workspace/image_voting_system/all_images/寒食_gpt.jpg,gpt,C,42498,"{""q1-2"": ""b"", ""q1-1"": ""C"", ""q2-1"": ""a"", ""q2-2"": ""a"", ""q2-3"": ""a"", ""q2-4"": ""b"", ""q2-5"": ""a"", ""q2-6"": ""b"", ""q2-7"": ""b"", ""q2-8"": ""a"", ""q2-9"": ""a"", ""q2-10"": ""b""}",35401,77899
782,2026-02-03T12:18:52.853317,棉裤,35,男,本科,宿王昌龄隐居,/home/ubuntu/workspace/image_voting_system/all_images/宿王昌龄隐居_nano.jpg,nano,C,63542,"{""q1-2"": ""b"", ""q1-1"": ""B"", ""q2-1"": ""a"", ""q2-2"": ""a"", ""q2-3"": ""a"", ""q2-4"": ""a"", ""q2-5"": ""a"", ""q2-6"": ""a"", ""q2-7"": ""a"", ""q2-8"": ""a"", ""q2-9"": ""a"", ""q2-10"": ""a""}",20133,83675
783,2026-02-03T12:19:17.979685,果子,49,女,本科,下终南山过斛斯山人宿置酒,/home/ubuntu/workspace/image_voting_system/all_images/下终南山过斛斯山人宿置酒_nano.jpg,nano,D,38841,"{""q1-2"": ""b"", ""q1-1"": ""A"", ""q2-1"": ""a"", ""q2-2"": ""b"", ""q2-3"": ""b"", ""q2-4"": ""b"", ""q2-5"": ""a"", ""q2-6"": ""b"", ""q2-7"": ""a"", ""q2-8"": ""a"", ""q2-9"": ""a"", ""q2-10"": ""b""}",39054,77895
784,2026-02-03T12:19:26.781220,棉裤,35,男,本科,寄人,/home/ubuntu/workspace/image_voting_system/all_images/寄人_gpt.jpg,gpt,A,20884,"{""q1-2"": ""b"", ""q1-1"": ""A"", ""q2-1"": ""a"", ""q2-2"": ""a"", ""q2-3"": ""a"", ""q2-4"": ""a"", ""q2-5"": ""a"", ""q2-6"": ""a"", ""q2-7"": ""a"", ""q2-8"": ""a"", ""q2-9"": ""a"", ""q2-10"": ""b""}",13044,33928
785,2026-02-03T12:19:38.354250,寒寒,45,女,本科,题金陵渡,/home/ubuntu/workspace/image_voting_system/all_images/题金陵渡_nano.jpg,nano,C,42113,"{""q1-2"": ""a"", ""q1-1"": ""C"", ""q2-1"": ""a"", ""q2-2"": ""a"", ""q2-3"": ""a"", ""q2-4"": ""b"", ""q2-5"": ""a"", ""q2-6"": ""b"", ""q2-7"": ""a"", ""q2-8"": ""a"", ""q2-9"": ""a"", ""q2-10"": ""b""}",32945,75058
786,2026-02-03T12:19:41.551292,东东,40,女,本科,过香积寺,/home/ubuntu/workspace/image_voting_system/all_images/过香积寺_seedream.jpg,seedream,D,30912,"{""q1-2"": ""a"", ""q1-1"": ""A"", ""q2-1"": ""b"", ""q2-2"": ""b"", ""q2-3"": ""b"", ""q2-4"": ""b"", ""q2-5"": ""b"", ""q2-6"": ""b"", ""q2-7"": ""a"", ""q2-8"": ""a"", ""q2-9"": ""a"", ""q2-10"": ""c""}",67634,98546
787,2026-02-03T12:20:01.079742,张,27,女,本科,夜泊牛渚怀古,/home/ubuntu/workspace/image_voting_system/all_images/夜泊牛渚怀古_seedream.jpg,seedream,D,71750,"{""q1-2"": ""a"", ""q1-1"": ""D"", ""q2-1"": ""a"", ""q2-2"": ""a"", ""q2-3"": ""b"", ""q2-4"": ""b"", ""q2-5"": ""b"", ""q2-6"": ""b"", ""q2-7"": ""a"", ""q2-8"": ""b"", ""q2-9"": ""b"", ""q2-10"": ""c""}",28519,100269
788,2026-02-03T12:20:10.907876,果子,49,女,本科,琵琶行,/home/ubuntu/workspace/image_voting_system/all_images/琵琶行_mj.jpg,mj,B,25728,"{""q1-2"": ""a"", ""q1-1"": ""B"", ""q2-1"": ""a"", ""q2-2"": ""a"", ""q2-3"": ""a"", ""q2-4"": ""a"", ""q2-5"": ""a"", ""q2-6"": ""b"", ""q2-7"": ""a"", ""q2-8"": ""a"", ""q2-9"": ""a"", ""q2-10"": ""b""}",27200,52928
789,2026-02-03T12:20:21.609546,大菠萝,23,女,本科,遣悲怀三首·其二,/home/ubuntu/workspace/image_voting_system/all_images/遣悲怀三首·其二_mj.jpg,mj,C,86362,"{""q1-2"": ""b"", ""q1-1"": ""C"", ""q2-1"": ""a"", ""q2-2"": ""a"", ""q2-3"": ""a"", ""q2-4"": ""b"", ""q2-5"": ""b"", ""q2-6"": ""b"", ""q2-7"": ""a"", ""q2-8"": ""b"", ""q2-9"": ""a"", ""q2-10"": ""c""}",35804,122166
790,2026-02-03T12:20:44.688702,寒寒,45,女,本科,相思,/home/ubuntu/workspace/image_voting_system/all_images/相思_gpt.jpg,gpt,A,32932,"{""q1-2"": ""b"", ""q1-1"": ""A"", ""q2-1"": ""a"", ""q2-2"": ""a"", ""q2-3"": ""a"", ""q2-4"": ""b"", ""q2-5"": ""a"", ""q2-6"": ""b"", ""q2-7"": ""a"", ""q2-8"": ""b"", ""q2-9"": ""a"", ""q2-10"": ""b""}",33403,66335
791,2026-02-03T12:21:53.703747,张,27,女,本科,滁州西涧,/home/ubuntu/workspace/image_voting_system/all_images/滁州西涧_mj.jpg,mj,C,81878,"{""q1-2"": ""c"", ""q1-1"": ""C"", ""q2-1"": ""a"", ""q2-2"": ""a"", ""q2-3"": ""a"", ""q2-4"": ""b"", ""q2-5"": ""a"", ""q2-6"": ""c"", ""q2-7"": ""a"", ""q2-8"": ""a"", ""q2-9"": ""a"", ""q2-10"": ""c""}",30751,112629
792,2026-02-03T12:22:03.921408,大菠萝,23,女,本科,感遇十二首·其四,/home/ubuntu/workspace/image_voting_system/all_images/感遇十二首·其四_seedream.jpg,seedream,B,80064,"{""q1-2"": ""c"", ""q1-1"": ""B"", ""q2-1"": ""a"", ""q2-2"": ""a"", ""q2-3"": ""b"", ""q2-4"": ""b"", ""q2-5"": ""a"", ""q2-6"": ""a"", ""q2-7"": ""a"", ""q2-8"": ""a"", ""q2-9"": ""a"", ""q2-10"": ""c""}",22248,102312
793,2026-02-03T12:22:19.843857,棉裤,35,男,本科,早发白帝城,/home/ubuntu/workspace/image_voting_system/all_images/早发白帝城_gpt.jpg,gpt,A,91601,"{""q1-2"": ""b"", ""q1-1"": ""A"", ""q2-1"": ""a"", ""q2-2"": ""a"", ""q2-3"": ""b"", ""q2-6"": ""b"", ""q2-7"": ""b"", ""q2-8"": ""b"", ""q2-9"": ""a"", ""q2-10"": ""b"", ""q2-5"": ""a"", ""q2-4"": ""b""}",81462,173063
794,2026-02-03T12:22:51.877337,棉裤,35,男,本科,赠别二首·其一,/home/ubuntu/workspace/image_voting_system/all_images/赠别二首·其一_gpt.jpg,gpt,C,18358,"{""q1-2"": ""a"", ""q1-1"": ""C"", ""q2-1"": ""a"", ""q2-2"": ""a"", ""q2-3"": ""a"", ""q2-4"": ""a"", ""q2-5"": ""a"", ""q2-6"": ""a"", ""q2-7"": ""a"", ""q2-8"": ""a"", ""q2-9"": ""a"", ""q2-10"": ""b""}",13675,32033
796,2026-02-03T12:30:22.782952,王维一首,27,男,本科,山居秋暝,/home/ubuntu/workspace/image_voting_system/all_images/山居秋暝_gpt.jpg,gpt,C,84634,"{""q1-2"": ""a"", ""q1-1"": ""A"", ""q2-1"": ""a"", ""q2-2"": ""a"", ""q2-3"": ""a"", ""q2-4"": ""a"", ""q2-5"": ""a"", ""q2-6"": ""a"", ""q2-7"": ""a"", ""q2-8"": ""a"", ""q2-9"": ""a"", ""q2-10"": ""a""}",43943,128577
797,2026-02-03T12:31:54.714236,王维一首,27,男,本科,黄鹤楼送孟浩然之广陵,/home/ubuntu/workspace/image_voting_system/all_images/黄鹤楼送孟浩然之广陵_nano.jpg,nano,D,50606,"{""q1-2"": ""b"", ""q1-1"": ""D"", ""q2-1"": ""a"", ""q2-2"": ""a"", ""q2-3"": ""a"", ""q2-4"": ""a"", ""q2-5"": ""a"", ""q2-6"": ""a"", ""q2-7"": ""a"", ""q2-8"": ""a"", ""q2-9"": ""a"", ""q2-10"": ""b""}",41325,91931
798,2026-02-03T12:33:34.375164,王维一首,27,男,本科,题破山寺后禅院,/home/ubuntu/workspace/image_voting_system/all_images/题破山寺后禅院_seedream.jpg,seedream,A,73666,"{""q1-2"": ""a"", ""q1-1"": ""A"", ""q2-1"": ""a"", ""q2-2"": ""b"", ""q2-3"": ""a"", ""q2-4"": ""a"", ""q2-5"": ""a"", ""q2-6"": ""a"", ""q2-7"": ""a"", ""q2-8"": ""a"", ""q2-9"": ""a"", ""q2-10"": ""b""}",25995,99661
799,2026-02-03T12:35:43.856746,王维一首,27,男,本科,凉州词二首·其一,/home/ubuntu/workspace/image_voting_system/all_images/凉州词二首·其一_mj.jpg,mj,D,86382,"{""q1-2"": ""b"", ""q1-1"": ""D"", ""q2-1"": ""a"", ""q2-2"": ""b"", ""q2-3"": ""a"", ""q2-4"": ""b"", ""q2-5"": ""a"", ""q2-6"": ""a"", ""q2-7"": ""a"", ""q2-8"": ""b"", ""q2-9"": ""a"", ""q2-10"": ""b""}",43100,129482
800,2026-02-03T12:37:26.350374,王维一首,27,男,本科,丹青引赠曹将军霸,/home/ubuntu/workspace/image_voting_system/all_images/丹青引赠曹将军霸_nano.jpg,nano,A,33486,"{""q1-2"": ""a"", ""q1-1"": ""B"", ""q2-1"": ""a"", ""q2-2"": ""a"", ""q2-3"": ""a"", ""q2-4"": ""b"", ""q2-5"": ""a"", ""q2-6"": ""b"", ""q2-7"": ""a"", ""q2-8"": ""a"", ""q2-9"": ""b"", ""q2-10"": ""b""}",69008,102494
801,2026-02-03T12:38:42.903222,王维一首,27,男,本科,玉阶怨,/home/ubuntu/workspace/image_voting_system/all_images/玉阶怨_nano.jpg,nano,C,47604,"{""q1-2"": ""a"", ""q1-1"": ""C"", ""q2-1"": ""a"", ""q2-2"": ""a"", ""q2-3"": ""a"", ""q2-4"": ""a"", ""q2-5"": ""a"", ""q2-6"": ""a"", ""q2-7"": ""a"", ""q2-8"": ""a"", ""q2-9"": ""a"", ""q2-10"": ""a""}",28948,76552
802,2026-02-03T12:42:03.656590,王维一首,27,男,本科,寄韩谏议注,/home/ubuntu/workspace/image_voting_system/all_images/寄韩谏议注_seedream.jpg,seedream,B,155972,"{""q1-2"": ""b"", ""q1-1"": ""B"", ""q2-1"": ""a"", ""q2-2"": ""a"", ""q2-3"": ""a"", ""q2-4"": ""a"", ""q2-5"": ""a"", ""q2-6"": ""a"", ""q2-7"": ""a"", ""q2-8"": ""a"", ""q2-9"": ""a"", ""q2-10"": ""a""}",44782,200754
804,2026-02-06T03:23:36.063910,小方,24,男,本科,春思·莺啼燕语报新年,/home/ubuntu/workspace/image_voting_system/all_images/春思·莺啼燕语报新年_gpt.jpg,gpt,C,43414,"{""q1-2"": ""b"", ""q1-1"": ""B"", ""q2-10"": ""c"", ""q2-9"": ""b"", ""q2-8"": ""b"", ""q2-7"": ""c"", ""q2-5"": ""c"", ""q2-2"": ""b"", ""q2-1"": ""b"", ""q2-3"": ""b"", ""q2-4"": ""b"", ""q2-6"": ""c""}",39550,82964
805,2026-02-06T03:41:27.823878,赖玉,20,男,本科,韦讽录事宅观曹将军画马图,/home/ubuntu/workspace/image_voting_system/all_images/韦讽录事宅观曹将军画马图_nano.jpg,nano,C,24791,"{""q1-2"": ""b"", ""q1-1"": ""C"", ""q2-2"": ""b"", ""q2-1"": ""b"", ""q2-3"": ""c"", ""q2-4"": ""c"", ""q2-5"": ""c"", ""q2-6"": ""b"", ""q2-7"": ""b"", ""q2-8"": ""c"", ""q2-9"": ""b"", ""q2-10"": ""b""}",20704,45495
806,2026-02-06T03:43:08.402248,赖玉,20,男,本科,秦中感秋寄远上人,/home/ubuntu/workspace/image_voting_system/all_images/秦中感秋寄远上人_gpt.jpg,gpt,A,38847,"{""q1-2"": ""b"", ""q1-1"": ""B"", ""q2-1"": ""a"", ""q2-2"": ""b"", ""q2-3"": ""c"", ""q2-4"": ""d"", ""q2-5"": ""d"", ""q2-6"": ""b"", ""q2-7"": ""c"", ""q2-8"": ""b"", ""q2-10"": ""a"", ""q2-9"": ""c""}",61731,100578
807,2026-02-06T03:43:52.361991,赖玉,20,男,本科,东郊,/home/ubuntu/workspace/image_voting_system/all_images/东郊_seedream.jpg,seedream,B,5200,"{""q1-2"": ""c"", ""q1-1"": ""D"", ""q2-10"": ""a"", ""q2-9"": ""c"", ""q2-8"": ""b"", ""q2-7"": ""a"", ""q2-5"": ""a"", ""q2-3"": ""a"", ""q2-1"": ""a"", ""q2-6"": ""a"", ""q2-4"": ""a"", ""q2-2"": ""a""}",38760,43960
808,2026-02-06T03:49:45.543005,王一,28,女,大专,将进酒,/home/ubuntu/workspace/image_voting_system/all_images/将进酒_seedream.jpg,seedream,A,20946,"{""q1-2"": ""a"", ""q1-1"": ""A"", ""q2-10"": ""b"", ""q2-8"": ""a"", ""q2-9"": ""a"", ""q2-7"": ""a"", ""q2-6"": ""a"", ""q2-5"": ""a"", ""q2-4"": ""a"", ""q2-3"": ""a"", ""q2-1"": ""a"", ""q2-2"": ""a""}",189299,210245
809,2026-02-06T03:50:21.263705,王一,28,女,大专,集灵台·其二,/home/ubuntu/workspace/image_voting_system/all_images/集灵台·其二_seedream.jpg,seedream,C,18120,"{""q1-2"": ""a"", ""q1-1"": ""D"", ""q2-1"": ""a"", ""q2-2"": ""a"", ""q2-3"": ""a"", ""q2-4"": ""a"", ""q2-5"": ""a"", ""q2-6"": ""a"", ""q2-7"": ""a"", ""q2-8"": ""a"", ""q2-9"": ""a"", ""q2-10"": ""b""}",17601,35721
903,2026-02-07T06:59:41.949618,乔文睿,24,男,大专,寻西山隐者不遇,/home/ubuntu/workspace/image_voting_system/all_images/寻西山隐者不遇_seedream.jpg,seedream,D,20970,"{""q1-2"": ""b"", ""q1-1"": ""A"", ""q2-2"": ""a"", ""q2-3"": ""b"", ""q2-4"": ""a"", ""q2-5"": ""d"", ""q2-6"": ""a"", ""q2-7"": ""a"", ""q2-8"": ""a"", ""q2-9"": ""a"", ""q2-10"": ""b"", ""q2-1"": ""b""}",109620,130590
906,2026-02-07T07:00:52.581070,乔文睿,24,男,大专,枫桥夜泊,/home/ubuntu/workspace/image_voting_system/all_images/枫桥夜泊_seedream.jpg,seedream,C,14777,"{""q1-2"": ""b"", ""q1-1"": ""A"", ""q2-1"": ""b"", ""q2-2"": ""a"", ""q2-4"": ""b"", ""q2-5"": ""b"", ""q2-6"": ""e"", ""q2-7"": ""a"", ""q2-8"": ""b"", ""q2-9"": ""a"", ""q2-10"": ""c"", ""q2-3"": ""c""}",55854,70631
909,2026-02-07T07:01:53.742954,乔文睿,24,男,大专,遣悲怀三首·其二,/home/ubuntu/workspace/image_voting_system/all_images/遣悲怀三首·其二_seedream.jpg,seedream,A,16029,"{""q1-2"": ""a"", ""q1-1"": ""C"", ""q2-1"": ""a"", ""q2-2"": ""b"", ""q2-3"": ""c"", ""q2-4"": ""a"", ""q2-5"": ""c"", ""q2-6"": ""c"", ""q2-7"": ""b"", ""q2-8"": ""b"", ""q2-9"": ""b"", ""q2-10"": ""a""}",45133,61162
910,2026-02-07T07:03:03.367155,乔文睿,24,男,大专,九日登望仙台呈刘明府,/home/ubuntu/workspace/image_voting_system/all_images/九日登望仙台呈刘明府_seedream.jpg,seedream,D,5089,"{""q1-2"": ""c"", ""q1-1"": ""D"", ""q2-3"": ""a"", ""q2-2"": ""a"", ""q2-4"": ""b"", ""q2-5"": ""b"", ""q2-6"": ""e"", ""q2-7"": ""a"", ""q2-8"": ""b"", ""q2-9"": ""b"", ""q2-10"": ""d"", ""q2-1"": ""a""}",64535,69624
911,2026-02-07T07:05:55.998908,乔文睿,24,男,大专,感遇十二首·其四,/home/ubuntu/workspace/image_voting_system/all_images/感遇十二首·其四_nano.jpg,nano,D,3797,"{""q1-2"": ""d"", ""q1-1"": ""D"", ""q2-1"": ""a"", ""q2-2"": ""a"", ""q2-4"": ""b"", ""q2-5"": ""b"", ""q2-6"": ""b"", ""q2-7"": ""b"", ""q2-8"": ""a"", ""q2-9"": ""b"", ""q2-10"": ""d"", ""q2-3"": ""a""}",168835,172632
912,2026-02-07T07:09:57.065793,乔文睿,24,男,大专,和张仆射塞下曲·其一,/home/ubuntu/workspace/image_voting_system/all_images/和张仆射塞下曲·其一_gpt.jpg,gpt,C,5268,"{""q1-2"": ""c"", ""q1-1"": ""D"", ""q2-1"": ""c"", ""q2-2"": ""b"", ""q2-3"": ""c"", ""q2-4"": ""a"", ""q2-6"": ""b"", ""q2-7"": ""b"", ""q2-8"": ""a"", ""q2-9"": ""b"", ""q2-10"": ""b"", ""q2-5"": ""a""}",235799,241067
916,2026-02-07T07:12:59.071913,乔文睿,24,男,大专,春晓,/home/ubuntu/workspace/image_voting_system/all_images/春晓_gpt.jpg,gpt,B,6077,"{""q1-2"": ""b"", ""q1-1"": ""D"", ""q2-2"": ""b"", ""q2-3"": ""b"", ""q2-4"": ""a"", ""q2-5"": ""d"", ""q2-6"": ""c"", ""q2-7"": ""a"", ""q2-8"": ""c"", ""q2-10"": ""a"", ""q2-9"": ""a"", ""q2-1"": ""c""}",175929,182006
917,2026-02-07T07:13:52.806012,乔文睿,24,男,大专,归嵩山作,/home/ubuntu/workspace/image_voting_system/all_images/归嵩山作_nano.jpg,nano,D,5912,"{""q1-2"": ""c"", ""q1-1"": ""C"", ""q2-1"": ""b"", ""q2-2"": ""a"", ""q2-3"": ""a"", ""q2-5"": ""a"", ""q2-6"": ""c"", ""q2-7"": ""c"", ""q2-8"": ""c"", ""q2-10"": ""a"", ""q2-4"": ""b"", ""q2-9"": ""a""}",47822,53734
918,2026-02-07T07:14:53.392217,乔文睿,24,男,大专,问刘十九,/home/ubuntu/workspace/image_voting_system/all_images/问刘十九_nano.jpg,nano,A,6158,"{""q1-2"": ""c"", ""q1-1"": ""D"", ""q2-1"": ""b"", ""q2-2"": ""a"", ""q2-3"": ""b"", ""q2-4"": ""b"", ""q2-5"": ""c"", ""q2-6"": ""d"", ""q2-7"": ""a"", ""q2-9"": ""b"", ""q2-10"": ""c"", ""q2-8"": ""b""}",54428,60586
1169,2026-02-07T16:31:30.708202,tn-32kfdf,24,男,本科,嫦娥,/home/ubuntu/workspace/image_voting_system/all_images/嫦娥_mj.jpg,mj,B,3943,"{""q1-2"": ""b"", ""q1-1"": ""B"", ""q2-1"": ""b"", ""q2-3"": ""b"", ""q2-5"": ""a"", ""q2-4"": ""c"", ""q2-6"": ""d"", ""q2-7"": ""b"", ""q2-8"": ""b"", ""q2-9"": ""c"", ""q2-10"": ""c"", ""q2-2"": ""b""}",28373,32316
5779,2026-02-08T21:13:13.786245,v56785f453w,38,女,本科,春怨·纱窗日落渐黄昏,/home/ubuntu/workspace/image_voting_system/all_images/春怨·纱窗日落渐黄昏_nano.jpg,nano,A,19347,"{""q1-2"": ""b"", ""q1-1"": ""A"", ""q2-1"": ""b"", ""q2-2"": ""a"", ""q2-3"": ""c"", ""q2-4"": ""a"", ""q2-5"": ""a"", ""q2-6"": ""c"", ""q2-7"": ""c"", ""q2-8"": ""d"", ""q2-9"": ""a"", ""q2-10"": ""e""}",51299,70646
5811,2026-02-08T21:14:36.979095,v56785f453w,38,女,本科,终南别业,/home/ubuntu/workspace/image_voting_system/all_images/终南别业_nano.jpg,nano,B,31721,"{""q1-2"": ""e"", ""q1-1"": ""B"", ""q2-1"": ""a"", ""q2-2"": ""a"", ""q2-3"": ""c"", ""q2-4"": ""d"", ""q2-5"": ""b"", ""q2-6"": ""d"", ""q2-7"": ""b"", ""q2-8"": ""d"", ""q2-9"": ""a"", ""q2-10"": ""d""}",51470,83191
5835,2026-02-08T21:15:41.861836,v56785f453w,38,女,本科,寄令狐郎中,/home/ubuntu/workspace/image_voting_system/all_images/寄令狐郎中_seedream.jpg,seedream,B,16905,"{""q1-2"": ""e"", ""q1-1"": ""A"", ""q2-1"": ""a"", ""q2-2"": ""c"", ""q2-3"": ""d"", ""q2-4"": ""c"", ""q2-5"": ""a"", ""q2-6"": ""d"", ""q2-7"": ""b"", ""q2-8"": ""b"", ""q2-9"": ""a"", ""q2-10"": ""e""}",47972,64877
5861,2026-02-08T21:16:46.981911,v56785f453w,38,女,本科,终南望余雪,/home/ubuntu/workspace/image_voting_system/all_images/终南望余雪_gpt.jpg,gpt,C,17039,"{""q1-2"": ""a"", ""q1-1"": ""A"", ""q2-1"": ""b"", ""q2-2"": ""a"", ""q2-3"": ""d"", ""q2-4"": ""b"", ""q2-5"": ""e"", ""q2-6"": ""b"", ""q2-7"": ""b"", ""q2-8"": ""b"", ""q2-9"": ""a"", ""q2-10"": ""a""}",48087,65126
5897,2026-02-08T21:18:11.508873,v56785f453w,38,女,本科,同题仙游观,/home/ubuntu/workspace/image_voting_system/all_images/同题仙游观_nano.jpg,nano,B,15904,"{""q1-2"": ""e"", ""q1-1"": ""A"", ""q2-1"": ""c"", ""q2-2"": ""a"", ""q2-3"": ""a"", ""q2-4"": ""b"", ""q2-5"": ""b"", ""q2-6"": ""d"", ""q2-7"": ""b"", ""q2-8"": ""b"", ""q2-9"": ""a"", ""q2-10"": ""e""}",68625,84529
5947,2026-02-08T21:19:15.293808,v56785f453w,38,女,本科,与诸子登岘山,/home/ubuntu/workspace/image_voting_system/all_images/与诸子登岘山_seedream.jpg,seedream,B,8540,"{""q1-2"": ""e"", ""q1-1"": ""A"", ""q2-1"": ""a"", ""q2-2"": ""b"", ""q2-3"": ""b"", ""q2-4"": ""a"", ""q2-5"": ""a"", ""q2-6"": ""c"", ""q2-7"": ""a"", ""q2-8"": ""a"", ""q2-9"": ""c"", ""q2-10"": ""d""}",55235,63775
5974,2026-02-08T21:20:24.357948,v56785f453w,38,女,本科,同题仙游观,/home/ubuntu/workspace/image_voting_system/all_images/同题仙游观_gpt.jpg,gpt,A,7999,"{""q1-2"": ""e"", ""q1-1"": ""A"", ""q2-1"": ""c"", ""q2-2"": ""a"", ""q2-3"": ""c"", ""q2-4"": ""a"", ""q2-5"": ""b"", ""q2-6"": ""d"", ""q2-7"": ""a"", ""q2-8"": ""a"", ""q2-9"": ""b"", ""q2-10"": ""e""}",61020,69019
6008,2026-02-08T21:21:21.640996,v56785f453w,38,女,本科,夜归鹿门山歌,/home/ubuntu/workspace/image_voting_system/all_images/夜归鹿门山歌_mj.jpg,mj,C,8995,"{""q1-2"": ""e"", ""q1-1"": ""A"", ""q2-1"": ""c"", ""q2-2"": ""b"", ""q2-3"": ""a"", ""q2-4"": ""d"", ""q2-5"": ""a"", ""q2-6"": ""e"", ""q2-7"": ""b"", ""q2-8"": ""b"", ""q2-9"": ""a"", ""q2-10"": ""e""}",48324,57319
6024,2026-02-08T21:22:28.624609,v56785f453w,38,女,本科,秋夕,/home/ubuntu/workspace/image_voting_system/all_images/秋夕_gpt.jpg,gpt,A,18494,"{""q1-2"": ""e"", ""q1-1"": ""A"", ""q2-1"": ""c"", ""q2-2"": ""a"", ""q2-3"": ""b"", ""q2-4"": ""d"", ""q2-5"": ""a"", ""q2-6"": ""d"", ""q2-7"": ""a"", ""q2-8"": ""a"", ""q2-9"": ""a"", ""q2-10"": ""d""}",48508,67002
6049,2026-02-08T21:23:27.288253,v56785f453w,38,女,本科,咏怀古迹五首·其一,/home/ubuntu/workspace/image_voting_system/all_images/咏怀古迹五首·其一_seedream.jpg,seedream,B,17078,"{""q1-2"": ""b"", ""q1-1"": ""A"", ""q2-1"": ""a"", ""q2-2"": ""b"", ""q2-3"": ""b"", ""q2-4"": ""a"", ""q2-5"": ""b"", ""q2-6"": ""d"", ""q2-7"": ""a"", ""q2-8"": ""d"", ""q2-9"": ""a"", ""q2-10"": ""d""}",41577,58655
6903,2026-02-09T00:22:40.774120,whu,31,男,硕士,无题·飒飒东风细雨来,/home/ubuntu/workspace/image_voting_system/all_images/无题·飒飒东风细雨来_gpt.jpg,gpt,A,100955,"{""q1-2"": ""b"", ""q1-1"": ""A"", ""q2-1"": ""a"", ""q2-2"": ""a"", ""q2-3"": ""a"", ""q2-4"": ""b"", ""q2-5"": ""a"", ""q2-6"": ""b"", ""q2-7"": ""a"", ""q2-8"": ""a"", ""q2-9"": ""a"", ""q2-10"": ""b""}",145275,246230
7395,2026-02-10T11:16:26.492926,43355sghjnbf,29,女,大专,将进酒,/home/ubuntu/workspace/image_voting_system/all_images/将进酒_nano.jpg,nano,D,140310,"{""q1-2"": ""d"", ""q1-1"": ""C"", ""q2-1"": ""b"", ""q2-2"": ""c"", ""q2-3"": ""c"", ""q2-4"": ""a"", ""q2-5"": ""d"", ""q2-6"": ""e"", ""q2-7"": ""c"", ""q2-8"": ""c"", ""q2-9"": ""c"", ""q2-10"": ""d""}",342225,482535
7416,2026-02-10T11:22:59.924956,43355sghjnbf,29,女,大专,凉思,/home/ubuntu/workspace/image_voting_system/all_images/凉思_seedream.jpg,seedream,B,130856,"{""q1-2"": ""d"", ""q1-1"": ""A"", ""q2-1"": ""b"", ""q2-2"": ""c"", ""q2-3"": ""b"", ""q2-4"": ""b"", ""q2-5"": ""c"", ""q2-6"": ""a"", ""q2-7"": ""d"", ""q2-8"": ""c"", ""q2-9"": ""a"", ""q2-10"": ""b""}",262589,393445
7443,2026-02-10T11:29:03.341183,43355sghjnbf,29,女,大专,送元二使安西,/home/ubuntu/workspace/image_voting_system/all_images/送元二使安西_nano.jpg,nano,B,132312,"{""q1-2"": ""d"", ""q1-1"": ""A"", ""q2-1"": ""b"", ""q2-2"": ""c"", ""q2-3"": ""b"", ""q2-4"": ""a"", ""q2-5"": ""d"", ""q2-6"": ""d"", ""q2-7"": ""c"", ""q2-8"": ""a"", ""q2-9"": ""b"", ""q2-10"": ""d""}",231092,363404
7460,2026-02-10T11:31:42.128812,43355sghjnbf,29,女,大专,寒食,/home/ubuntu/workspace/image_voting_system/all_images/寒食_seedream.jpg,seedream,B,60865,"{""q1-2"": ""d"", ""q1-1"": ""A"", ""q2-1"": ""b"", ""q2-2"": ""c"", ""q2-3"": ""b"", ""q2-4"": ""a"", ""q2-5"": ""b"", ""q2-6"": ""a"", ""q2-7"": ""d"", ""q2-8"": ""c"", ""q2-9"": ""b"", ""q2-10"": ""b""}",97935,158800
7488,2026-02-10T11:34:26.726233,43355sghjnbf,29,女,大专,汉江临泛,/home/ubuntu/workspace/image_voting_system/all_images/汉江临泛_seedream.jpg,seedream,A,63763,"{""q1-2"": ""d"", ""q1-1"": ""A"", ""q2-1"": ""a"", ""q2-2"": ""a"", ""q2-3"": ""c"", ""q2-4"": ""b"", ""q2-5"": ""b"", ""q2-6"": ""c"", ""q2-7"": ""c"", ""q2-8"": ""c"", ""q2-9"": ""a"", ""q2-10"": ""e""}",100834,164597
7514,2026-02-10T11:38:41.632739,43355sghjnbf,29,女,大专,灞上秋居,/home/ubuntu/workspace/image_voting_system/all_images/灞上秋居_nano.jpg,nano,C,76850,"{""q1-2"": ""b"", ""q1-1"": ""A"", ""q2-10"": ""b"", ""q2-1"": ""c"", ""q2-2"": ""a"", ""q2-3"": ""c"", ""q2-4"": ""a"", ""q2-5"": ""e"", ""q2-6"": ""c"", ""q2-7"": ""d"", ""q2-8"": ""c"", ""q2-9"": ""a""}",178056,254906
7525,2026-02-10T11:43:16.287897,43355sghjnbf,29,女,大专,长相思·其二,/home/ubuntu/workspace/image_voting_system/all_images/长相思·其二_mj.jpg,mj,A,50294,"{""q1-2"": ""b"", ""q1-1"": ""A"", ""q2-1"": ""c"", ""q2-2"": ""b"", ""q2-3"": ""b"", ""q2-4"": ""d"", ""q2-5"": ""a"", ""q2-6"": ""f"", ""q2-7"": ""c"", ""q2-8"": ""d"", ""q2-9"": ""a"", ""q2-10"": ""b""}",224306,274600
7541,2026-02-10T12:11:52.328790,43355sghjnbf,29,女,大专,赠阙下裴舍人,/home/ubuntu/workspace/image_voting_system/all_images/赠阙下裴舍人_nano.jpg,nano,D,924977,"{""q1-2"": ""e"", ""q1-1"": ""A"", ""q2-1"": ""c"", ""q2-2"": ""b"", ""q2-3"": ""c"", ""q2-4"": ""b"", ""q2-5"": ""e"", ""q2-6"": ""b"", ""q2-7"": ""d"", ""q2-8"": ""c"", ""q2-9"": ""a"", ""q2-10"": ""c""}",791117,1716094
7568,2026-02-10T12:16:18.173902,43355sghjnbf,29,女,大专,秋日登吴公台上寺远眺,/home/ubuntu/workspace/image_voting_system/all_images/秋日登吴公台上寺远眺_gpt.jpg,gpt,A,141634,"{""q1-2"": ""d"", ""q1-1"": ""A"", ""q2-1"": ""a"", ""q2-2"": ""c"", ""q2-3"": ""d"", ""q2-4"": ""a"", ""q2-5"": ""d"", ""q2-6"": ""d"", ""q2-7"": ""d"", ""q2-8"": ""c"", ""q2-9"": ""b"", ""q2-10"": ""e""}",124213,265847
7585,2026-02-10T12:19:48.247749,43355sghjnbf,29,女,大专,辋川闲居赠裴秀才迪,/home/ubuntu/workspace/image_voting_system/all_images/辋川闲居赠裴秀才迪_mj.jpg,mj,D,58192,"{""q1-2"": ""d"", ""q1-1"": ""A"", ""q2-1"": ""b"", ""q2-2"": ""b"", ""q2-3"": ""b"", ""q2-4"": ""c"", ""q2-5"": ""b"", ""q2-6"": ""e"", ""q2-7"": ""d"", ""q2-8"": ""d"", ""q2-9"": ""c"", ""q2-10"": ""b""}",151878,210070
7599,2026-02-15T20:00:46.756894,猴烧肉,33,女,硕士,长相思·其一,/home/ubuntu/workspace/image_voting_system/all_images/长相思·其一_seedream.jpg,seedream,D,115886,"{""q1-2"": ""c"", ""q1-1"": ""D"", ""q2-1"": ""a"", ""q2-2"": ""a"", ""q2-3"": ""a"", ""q2-4"": ""b"", ""q2-5"": ""a"", ""q2-6"": ""b"", ""q2-7"": ""a"", ""q2-8"": ""a"", ""q2-9"": ""a"", ""q2-10"": ""b""}",106679,222565
7600,2026-02-15T20:01:29.593066,猴烧肉,33,女,硕士,行宫,/home/ubuntu/workspace/image_voting_system/all_images/行宫_nano.jpg,nano,B,21460,"{""q1-2"": ""a"", ""q1-1"": ""B"", ""q2-1"": ""a"", ""q2-2"": ""a"", ""q2-3"": ""a"", ""q2-4"": ""a"", ""q2-5"": ""a"", ""q2-6"": ""a"", ""q2-7"": ""a"", ""q2-8"": ""a"", ""q2-9"": ""a"", ""q2-10"": ""b""}",21375,42835
7601,2026-02-15T20:05:04.266612,猴烧肉,33,女,硕士,赠别二首·其一,/home/ubuntu/workspace/image_voting_system/all_images/赠别二首·其一_mj.jpg,mj,C,110515,"{""q1-2"": ""d"", ""q1-1"": ""C"", ""q2-1"": ""a"", ""q2-2"": ""a"", ""q2-3"": ""a"", ""q2-4"": ""c"", ""q2-5"": ""c"", ""q2-6"": ""d"", ""q2-7"": ""a"", ""q2-8"": ""a"", ""q2-9"": ""a"", ""q2-10"": ""c""}",104160,214675
7602,2026-02-15T20:08:13.084257,高大王,32,女,硕士,清平调·其三,/home/ubuntu/workspace/image_voting_system/all_images/清平调·其三_gpt.jpg,gpt,C,328386,"{""q1-2"": ""c"", ""q1-1"": ""C"", ""q2-1"": ""a"", ""q2-2"": ""b"", ""q2-3"": ""b"", ""q2-4"": ""b"", ""q2-5"": ""b"", ""q2-6"": ""c"", ""q2-7"": ""a"", ""q2-8"": ""a"", ""q2-9"": ""a"", ""q2-10"": ""b""}",461127,789513
7603,2026-02-17T04:57:07.784405,猴烧肉,33,女,硕士,至德二载甫自京金光门出间道归凤翔乾元初从左拾遗移华州掾与亲故别因出此门有悲往事,/home/ubuntu/workspace/image_voting_system/all_images/至德二载甫自京金光门出间道归凤翔乾元初从左拾遗移华州掾与亲故别因出此门有悲往事_nano.jpg,nano,D,93614,"{""q1-2"": ""a"", ""q1-1"": ""D"", ""q2-2"": ""a"", ""q2-1"": ""a"", ""q2-3"": ""a"", ""q2-4"": ""a"", ""q2-5"": ""a"", ""q2-6"": ""b"", ""q2-7"": ""a"", ""q2-8"": ""a"", ""q2-9"": ""a"", ""q2-10"": ""b""}",32581,126195
7604,2026-02-17T04:58:03.964996,猴烧肉,33,女,硕士,春宿左省,/home/ubuntu/workspace/image_voting_system/all_images/春宿左省_nano.jpg,nano,D,32736,"{""q1-2"": ""a"", ""q1-1"": ""D"", ""q2-1"": ""a"", ""q2-2"": ""a"", ""q2-3"": ""a"", ""q2-4"": ""b"", ""q2-5"": ""a"", ""q2-6"": ""a"", ""q2-7"": ""a"", ""q2-8"": ""a"", ""q2-9"": ""a"", ""q2-10"": ""b""}",23444,56180
7605,2026-02-17T04:59:38.868510,猴烧肉,33,女,硕士,过香积寺,/home/ubuntu/workspace/image_voting_system/all_images/过香积寺_nano.jpg,nano,C,43188,"{""q1-2"": ""d"", ""q1-1"": ""C"", ""q2-1"": ""a"", ""q2-2"": ""a"", ""q2-3"": ""a"", ""q2-4"": ""b"", ""q2-5"": ""a"", ""q2-6"": ""d"", ""q2-7"": ""a"", ""q2-8"": ""a"", ""q2-9"": ""a"", ""q2-10"": ""c""}",51715,94903
7606,2026-02-17T05:01:46.014022,猴烧肉,33,女,硕士,登乐游原,/home/ubuntu/workspace/image_voting_system/all_images/登乐游原_gpt.jpg,gpt,C,41241,"{""q1-2"": ""d"", ""q1-1"": ""C"", ""q2-1"": ""a"", ""q2-2"": ""a"", ""q2-3"": ""a"", ""q2-4"": ""b"", ""q2-5"": ""b"", ""q2-6"": ""d"", ""q2-7"": ""a"", ""q2-8"": ""a"", ""q2-9"": ""a"", ""q2-10"": ""c""}",85905,127146
7607,2026-02-17T05:02:47.622330,猴烧肉,33,女,硕士,酬郭给事,/home/ubuntu/workspace/image_voting_system/all_images/酬郭给事_gpt.jpg,gpt,A,35866,"{""q1-2"": ""d"", ""q1-1"": ""A"", ""q2-1"": ""a"", ""q2-2"": ""a"", ""q2-3"": ""a"", ""q2-4"": ""b"", ""q2-5"": ""a"", ""q2-6"": ""c"", ""q2-7"": ""a"", ""q2-8"": ""a"", ""q2-9"": ""a"", ""q2-10"": ""c""}",25742,61608
7608,2026-02-17T05:04:12.477074,猴烧肉,33,女,硕士,和张仆射塞下曲·其一,/home/ubuntu/workspace/image_voting_system/all_images/和张仆射塞下曲·其一_mj.jpg,mj,A,52446,"{""q1-2"": ""c"", ""q1-1"": ""A"", ""q2-1"": ""a"", ""q2-2"": ""a"", ""q2-3"": ""a"", ""q2-4"": ""c"", ""q2-5"": ""b"", ""q2-6"": ""d"", ""q2-7"": ""b"", ""q2-8"": ""b"", ""q2-9"": ""b"", ""q2-10"": ""d""}",32409,84855
7609,2026-02-17T05:06:29.893080,猴烧肉,33,女,硕士,将进酒,/home/ubuntu/workspace/image_voting_system/all_images/将进酒_seedream.jpg,seedream,C,108649,"{""q1-2"": ""c"", ""q1-1"": ""C"", ""q2-1"": ""a"", ""q2-2"": ""a"", ""q2-3"": ""a"", ""q2-4"": ""b"", ""q2-5"": ""a"", ""q2-6"": ""c"", ""q2-7"": ""a"", ""q2-8"": ""a"", ""q2-9"": ""a"", ""q2-10"": ""c""}",28767,137416
7610,2026-02-19T03:57:11.140116,高大王,32,女,硕士,江雪,/home/ubuntu/workspace/image_voting_system/all_images/江雪_nano.jpg,nano,D,212068,"{""q1-2"": ""a"", ""q1-1"": ""D"", ""q2-1"": ""a"", ""q2-2"": ""a"", ""q2-3"": ""a"", ""q2-4"": ""a"", ""q2-5"": ""a"", ""q2-6"": ""c"", ""q2-7"": ""a"", ""q2-8"": ""a"", ""q2-9"": ""a"", ""q2-10"": ""a""}",507574,719642
7611,2026-02-19T04:09:14.264313,高大王,32,女,硕士,题大庾岭北驿,/home/ubuntu/workspace/image_voting_system/all_images/题大庾岭北驿_mj.jpg,mj,B,334303,"{""q1-2"": ""c"", ""q1-1"": ""B"", ""q2-1"": ""a"", ""q2-2"": ""a"", ""q2-3"": ""b"", ""q2-4"": ""b"", ""q2-5"": ""a"", ""q2-6"": ""c"", ""q2-7"": ""c"", ""q2-8"": ""a"", ""q2-9"": ""a"", ""q2-10"": ""c""}",388821,723124
7612,2026-02-19T04:14:15.851292,高大王,32,女,硕士,无题二首·其一,/home/ubuntu/workspace/image_voting_system/all_images/无题二首·其一_mj.jpg,mj,B,182130,"{""q1-2"": ""a"", ""q1-1"": ""B"", ""q2-1"": ""a"", ""q2-2"": ""a"", ""q2-3"": ""a"", ""q2-4"": ""a"", ""q2-5"": ""a"", ""q2-6"": ""c"", ""q2-7"": ""a"", ""q2-8"": ""a"", ""q2-9"": ""a"", ""q2-10"": ""a""}",119457,301587
7613,2026-02-19T04:21:01.808588,高大王,32,女,硕士,登楼,/home/ubuntu/workspace/image_voting_system/all_images/登楼_nano.jpg,nano,C,198759,"{""q1-2"": ""b"", ""q1-1"": ""A"", ""q2-1"": ""a"", ""q2-2"": ""a"", ""q2-3"": ""a"", ""q2-4"": ""b"", ""q2-5"": ""a"", ""q2-6"": ""b"", ""q2-7"": ""a"", ""q2-8"": ""a"", ""q2-9"": ""a"", ""q2-10"": ""b""}",207198,405957
7614,2026-02-19T04:34:48.957478,高大王,32,女,硕士,渡汉江,/home/ubuntu/workspace/image_voting_system/all_images/渡汉江_seedream.jpg,seedream,C,754709,"{""q1-2"": ""a"", ""q1-1"": ""C"", ""q2-1"": ""a"", ""q2-2"": ""a"", ""q2-3"": ""b"", ""q2-4"": ""a"", ""q2-5"": ""a"", ""q2-6"": ""a"", ""q2-7"": ""a"", ""q2-8"": ""a"", ""q2-9"": ""a"", ""q2-10"": ""b""}",72441,827150
7615,2026-02-19T04:41:47.713889,高大王,32,女,硕士,落花,/home/ubuntu/workspace/image_voting_system/all_images/落花_nano.jpg,nano,B,355430,"{""q1-2"": ""a"", ""q1-1"": ""B"", ""q2-1"": ""a"", ""q2-2"": ""a"", ""q2-3"": ""a"", ""q2-4"": ""a"", ""q2-5"": ""a"", ""q2-6"": ""b"", ""q2-7"": ""a"", ""q2-8"": ""a"", ""q2-9"": ""a"", ""q2-10"": ""a""}",63326,418756
7616,2026-02-19T04:43:40.728412,高大王,32,女,硕士,长干曲四首·其一,/home/ubuntu/workspace/image_voting_system/all_images/长干曲四首·其一_gpt.jpg,gpt,A,68373,"{""q1-2"": ""a"", ""q1-1"": ""A"", ""q2-1"": ""a"", ""q2-2"": ""a"", ""q2-3"": ""a"", ""q2-4"": ""a"", ""q2-5"": ""a"", ""q2-6"": ""b"", ""q2-7"": ""a"", ""q2-8"": ""a"", ""q2-9"": ""a"", ""q2-10"": ""c""}",44641,113014
7617,2026-02-19T04:52:10.912078,高大王,32,女,硕士,芙蓉楼送辛渐,/home/ubuntu/workspace/image_voting_system/all_images/芙蓉楼送辛渐_seedream.jpg,seedream,C,452859,"{""q1-2"": ""a"", ""q1-1"": ""C"", ""q2-1"": ""a"", ""q2-2"": ""a"", ""q2-3"": ""a"", ""q2-4"": ""a"", ""q2-5"": ""a"", ""q2-6"": ""c"", ""q2-7"": ""a"", ""q2-8"": ""a"", ""q2-9"": ""a"", ""q2-10"": ""b""}",57325,510184
7618,2026-02-19T04:55:35.981744,高大王,32,女,硕士,清平调·其一,/home/ubuntu/workspace/image_voting_system/all_images/清平调·其一_seedream.jpg,seedream,C,94145,"{""q1-2"": ""a"", ""q1-1"": ""C"", ""q2-1"": ""a"", ""q2-2"": ""a"", ""q2-3"": ""a"", ""q2-4"": ""a"", ""q2-5"": ""a"", ""q2-6"": ""c"", ""q2-7"": ""a"", ""q2-8"": ""a"", ""q2-9"": ""a"", ""q2-10"": ""b""}",110925,205070
7619,2026-02-19T05:31:00.140744,高大王,32,女,硕士,哀江头,/home/ubuntu/workspace/image_voting_system/all_images/哀江头_gpt.jpg,gpt,D,743545,"{""q1-2"": ""b"", ""q1-1"": ""A"", ""q2-1"": ""a"", ""q2-2"": ""b"", ""q2-3"": ""c"", ""q2-4"": ""d"", ""q2-5"": ""b"", ""q2-6"": ""b"", ""q2-7"": ""a"", ""q2-8"": ""a"", ""q2-9"": ""a"", ""q2-10"": ""e""}",1331637,2075182
7620,2026-02-19T05:41:34.293827,高大王,32,女,硕士,后宫词,/home/ubuntu/workspace/image_voting_system/all_images/后宫词_mj.jpg,mj,B,138516,"{""q1-2"": ""d"", ""q1-1"": ""B"", ""q2-1"": ""a"", ""q2-2"": ""b"", ""q2-3"": ""b"", ""q2-4"": ""b"", ""q2-5"": ""d"", ""q2-6"": ""e"", ""q2-7"": ""b"", ""q2-8"": ""d"", ""q2-9"": ""b"", ""q2-10"": ""d""}",495637,634153
7621,2026-02-20T20:32:07.555948,LuoLuo,30,男,硕士,和张仆射塞下曲·其一,/home/ubuntu/workspace/image_voting_system/all_images/和张仆射塞下曲·其一_nano.jpg,nano,A,62454,"{""q1-2"": ""b"", ""q1-1"": ""A"", ""q2-1"": ""a"", ""q2-2"": ""a"", ""q2-3"": ""a"", ""q2-4"": ""a"", ""q2-5"": ""a"", ""q2-6"": ""b"", ""q2-7"": ""a"", ""q2-8"": ""a"", ""q2-9"": ""a"", ""q2-10"": ""b""}",89767,152221
7622,2026-02-20T20:34:26.026923,LuoLuo,30,男,硕士,和贾舍人早朝大明宫之作,/home/ubuntu/workspace/image_voting_system/all_images/和贾舍人早朝大明宫之作_seedream.jpg,seedream,D,52009,"{""q1-2"": ""a"", ""q1-1"": ""D"", ""q2-1"": ""c"", ""q2-2"": ""b"", ""q2-3"": ""d"", ""q2-4"": ""c"", ""q2-5"": ""b"", ""q2-6"": ""c"", ""q2-7"": ""c"", ""q2-8"": ""a"", ""q2-9"": ""b"", ""q2-10"": ""d""}",86462,138471
7623,2026-02-20T20:36:15.159555,LuoLuo,30,男,硕士,望月有感,/home/ubuntu/workspace/image_voting_system/all_images/望月有感_nano.jpg,nano,A,81858,"{""q1-2"": ""a"", ""q1-1"": ""A"", ""q2-1"": ""a"", ""q2-2"": ""a"", ""q2-3"": ""a"", ""q2-4"": ""a"", ""q2-5"": ""a"", ""q2-6"": ""c"", ""q2-7"": ""a"", ""q2-8"": ""a"", ""q2-9"": ""a"", ""q2-10"": ""a""}",27275,109133
7624,2026-02-20T20:37:43.935914,LuoLuo,30,男,硕士,黄鹤楼,/home/ubuntu/workspace/image_voting_system/all_images/黄鹤楼_nano.jpg,nano,D,42038,"{""q1-2"": ""c"", ""q1-1"": ""D"", ""q2-1"": ""a"", ""q2-2"": ""a"", ""q2-3"": ""b"", ""q2-4"": ""b"", ""q2-5"": ""a"", ""q2-6"": ""b"", ""q2-7"": ""a"", ""q2-8"": ""a"", ""q2-9"": ""a"", ""q2-10"": ""b""}",46738,88776
7625,2026-02-20T20:38:57.850419,LuoLuo,30,男,硕士,古从军行,/home/ubuntu/workspace/image_voting_system/all_images/古从军行_nano.jpg,nano,C,22891,"{""q1-2"": ""c"", ""q1-1"": ""D"", ""q2-1"": ""a"", ""q2-2"": ""a"", ""q2-3"": ""b"", ""q2-4"": ""c"", ""q2-5"": ""b"", ""q2-6"": ""d"", ""q2-7"": ""b"", ""q2-8"": ""a"", ""q2-9"": ""a"", ""q2-10"": ""c""}",51024,73915
7626,2026-02-20T20:39:51.228606,LuoLuo,30,男,硕士,天末怀李白,/home/ubuntu/workspace/image_voting_system/all_images/天末怀李白_gpt.jpg,gpt,A,18036,"{""q1-2"": ""a"", ""q1-1"": ""A"", ""q2-1"": ""a"", ""q2-2"": ""a"", ""q2-3"": ""a"", ""q2-4"": ""a"", ""q2-5"": ""a"", ""q2-6"": ""a"", ""q2-7"": ""a"", ""q2-8"": ""a"", ""q2-9"": ""a"", ""q2-10"": ""a""}",35342,53378
7627,2026-02-20T20:41:29.545417,LuoLuo,30,男,硕士,送僧归日本,/home/ubuntu/workspace/image_voting_system/all_images/送僧归日本_mj.jpg,mj,D,46973,"{""q1-2"": ""b"", ""q1-1"": ""D"", ""q2-1"": ""a"", ""q2-2"": ""b"", ""q2-3"": ""b"", ""q2-4"": ""c"", ""q2-5"": ""d"", ""q2-6"": ""c"", ""q2-7"": ""b"", ""q2-8"": ""a"", ""q2-9"": ""b"", ""q2-10"": ""d""}",51344,98317
7628,2026-02-20T20:42:39.819367,LuoLuo,30,男,硕士,无题·相见时难别亦难,/home/ubuntu/workspace/image_voting_system/all_images/无题·相见时难别亦难_seedream.jpg,seedream,D,28369,"{""q1-2"": ""a"", ""q1-1"": ""D"", ""q2-1"": ""a"", ""q2-2"": ""c"", ""q2-3"": ""c"", ""q2-4"": ""d"", ""q2-5"": ""c"", ""q2-6"": ""e"", ""q2-7"": ""c"", ""q2-8"": ""a"", ""q2-9"": ""c"", ""q2-10"": ""e""}",41904,70273
7629,2026-02-20T20:43:57.138184,LuoLuo,30,男,硕士,蜀先主庙,/home/ubuntu/workspace/image_voting_system/all_images/蜀先主庙_nano.jpg,nano,C,17286,"{""q1-2"": ""c"", ""q1-1"": ""C"", ""q2-1"": ""a"", ""q2-2"": ""b"", ""q2-3"": ""c"", ""q2-4"": ""d"", ""q2-5"": ""e"", ""q2-6"": ""e"", ""q2-7"": ""b"", ""q2-8"": ""a"", ""q2-9"": ""b"", ""q2-10"": ""d""}",60033,77319
7630,2026-02-20T20:45:24.994138,LuoLuo,30,男,硕士,金陵图,/home/ubuntu/workspace/image_voting_system/all_images/金陵图_mj.jpg,mj,D,39219,"{""q1-2"": ""b"", ""q1-1"": ""C"", ""q2-1"": ""b"", ""q2-2"": ""c"", ""q2-3"": ""d"", ""q2-4"": ""c"", ""q2-5"": ""b"", ""q2-6"": ""d"", ""q2-7"": ""c"", ""q2-8"": ""a"", ""q2-9"": ""c"", ""q2-10"": ""e""}",48637,87856
7631,2026-02-20T20:46:03.935779,LuoLuo,30,男,硕士,江雪,/home/ubuntu/workspace/image_voting_system/all_images/江雪_gpt.jpg,gpt,B,16715,"{""q1-2"": ""a"", ""q1-1"": ""B"", ""q2-1"": ""a"", ""q2-2"": ""a"", ""q2-3"": ""a"", ""q2-4"": ""a"", ""q2-5"": ""a"", ""q2-6"": ""c"", ""q2-7"": ""a"", ""q2-8"": ""a"", ""q2-9"": ""a"", ""q2-10"": ""a""}",20134,36849
7632,2026-02-20T20:47:17.846482,LuoLuo,30,男,硕士,游子吟,/home/ubuntu/workspace/image_voting_system/all_images/游子吟_mj.jpg,mj,C,23000,"{""q1-2"": ""c"", ""q1-1"": ""A"", ""q2-1"": ""b"", ""q2-2"": ""c"", ""q2-3"": ""b"", ""q2-4"": ""c"", ""q2-5"": ""d"", ""q2-6"": ""e"", ""q2-7"": ""b"", ""q2-8"": ""a"", ""q2-9"": ""c"", ""q2-10"": ""e""}",50911,73911
7633,2026-02-20T20:48:45.944000,LuoLuo,30,男,硕士,芙蓉楼送辛渐,/home/ubuntu/workspace/image_voting_system/all_images/芙蓉楼送辛渐_mj.jpg,mj,D,26003,"{""q1-2"": ""b"", ""q1-1"": ""D"", ""q2-1"": ""a"", ""q2-2"": ""b"", ""q2-3"": ""a"", ""q2-4"": ""c"", ""q2-5"": ""c"", ""q2-6"": ""e"", ""q2-7"": ""b"", ""q2-8"": ""d"", ""q2-9"": ""b"", ""q2-10"": ""d""}",62094,88097
7634,2026-02-20T20:49:46.255029,LuoLuo,30,男,硕士,走马川行奉送封大夫出师西征,/home/ubuntu/workspace/image_voting_system/all_images/走马川行奉送封大夫出师西征_mj.jpg,mj,D,32104,"{""q1-2"": ""a"", ""q1-1"": ""D"", ""q2-1"": ""a"", ""q2-2"": ""a"", ""q2-3"": ""b"", ""q2-4"": ""b"", ""q2-5"": ""c"", ""q2-6"": ""d"", ""q2-7"": ""a"", ""q2-8"": ""a"", ""q2-9"": ""a"", ""q2-10"": ""c""}",28207,60311
7635,2026-02-20T20:50:47.248754,LuoLuo,30,男,硕士,古意,/home/ubuntu/workspace/image_voting_system/all_images/古意_seedream.jpg,seedream,C,12782,"{""q1-2"": ""c"", ""q1-1"": ""C"", ""q2-1"": ""a"", ""q2-2"": ""c"", ""q2-3"": ""d"", ""q2-4"": ""b"", ""q2-5"": ""b"", ""q2-6"": ""b"", ""q2-7"": ""c"", ""q2-8"": ""a"", ""q2-9"": ""b"", ""q2-10"": ""d""}",48212,60994
7636,2026-02-20T23:20:15.802287,LuoLuo,30,男,硕士,烈女操,/home/ubuntu/workspace/image_voting_system/all_images/烈女操_nano.jpg,nano,D,60356,"{""q1-2"": ""c"", ""q1-1"": ""D"", ""q2-1"": ""a"", ""q2-2"": ""a"", ""q2-3"": ""a"", ""q2-4"": ""b"", ""q2-5"": ""a"", ""q2-6"": ""b"", ""q2-7"": ""a"", ""q2-8"": ""a"", ""q2-9"": ""a"", ""q2-10"": ""c""}",27229,87585
7637,2026-02-20T23:22:00.602804,LuoLuo,30,男,硕士,琴歌,/home/ubuntu/workspace/image_voting_system/all_images/琴歌_seedream.jpg,seedream,D,45484,"{""q1-2"": ""a"", ""q1-1"": ""D"", ""q2-1"": ""a"", ""q2-2"": ""b"", ""q2-3"": ""b"", ""q2-4"": ""b"", ""q2-5"": ""b"", ""q2-6"": ""c"", ""q2-7"": ""b"", ""q2-8"": ""a"", ""q2-9"": ""b"", ""q2-10"": ""d""}",59317,104801
7638,2026-02-20T23:27:41.996857,LuoLuo,30,男,硕士,西施咏,/home/ubuntu/workspace/image_voting_system/all_images/西施咏_mj.jpg,mj,D,32267,"{""q1-2"": ""b"", ""q1-1"": ""D"", ""q2-1"": ""a"", ""q2-2"": ""c"", ""q2-3"": ""c"", ""q2-4"": ""b"", ""q2-5"": ""b"", ""q2-6"": ""c"", ""q2-7"": ""c"", ""q2-8"": ""a"", ""q2-9"": ""c"", ""q2-10"": ""e""}",76572,108839
7639,2026-02-20T23:29:25.618799,LuoLuo,30,男,硕士,赠卫八处士,/home/ubuntu/workspace/image_voting_system/all_images/赠卫八处士_seedream.jpg,seedream,C,30263,"{""q1-2"": ""b"", ""q1-1"": ""C"", ""q2-1"": ""a"", ""q2-2"": ""c"", ""q2-3"": ""d"", ""q2-4"": ""c"", ""q2-5"": ""b"", ""q2-6"": ""e"", ""q2-7"": ""c"", ""q2-8"": ""b"", ""q2-9"": ""b"", ""q2-10"": ""d""}",73359,103622
7640,2026-02-20T23:30:31.828369,LuoLuo,30,男,硕士,新嫁娘词,/home/ubuntu/workspace/image_voting_system/all_images/新嫁娘词_gpt.jpg,gpt,B,29787,"{""q1-2"": ""c"", ""q1-1"": ""B"", ""q2-1"": ""a"", ""q2-2"": ""b"", ""q2-3"": ""a"", ""q2-4"": ""b"", ""q2-5"": ""a"", ""q2-6"": ""b"", ""q2-7"": ""b"", ""q2-8"": ""a"", ""q2-9"": ""a"", ""q2-10"": ""c""}",36422,66209
7641,2026-02-20T23:31:58.065637,LuoLuo,30,男,硕士,怨情,/home/ubuntu/workspace/image_voting_system/all_images/怨情_nano.jpg,nano,B,21424,"{""q1-2"": ""a"", ""q1-1"": ""B"", ""q2-1"": ""a"", ""q2-2"": ""a"", ""q2-3"": ""b"", ""q2-4"": ""a"", ""q2-5"": ""e"", ""q2-6"": ""a"", ""q2-7"": ""d"", ""q2-8"": ""a"", ""q2-9"": ""a"", ""q2-10"": ""b""}",61836,83260
7642,2026-02-20T23:34:21.182164,LuoLuo,30,男,硕士,寄李儋元锡,/home/ubuntu/workspace/image_voting_system/all_images/寄李儋元锡_seedream.jpg,seedream,C,77756,"{""q1-2"": ""c"", ""q1-1"": ""C"", ""q2-1"": ""a"", ""q2-2"": ""b"", ""q2-3"": ""b"", ""q2-4"": ""c"", ""q2-5"": ""b"", ""q2-6"": ""c"", ""q2-7"": ""a"", ""q2-8"": ""a"", ""q2-9"": ""b"", ""q2-10"": ""c""}",65360,143116
7643,2026-02-20T23:35:56.800391,LuoLuo,30,男,硕士,近试上张水部,/home/ubuntu/workspace/image_voting_system/all_images/近试上张水部_gpt.jpg,gpt,D,37639,"{""q1-2"": ""a"", ""q1-1"": ""D"", ""q2-1"": ""a"", ""q2-2"": ""a"", ""q2-3"": ""b"", ""q2-4"": ""a"", ""q2-5"": ""a"", ""q2-6"": ""b"", ""q2-7"": ""a"", ""q2-8"": ""a"", ""q2-9"": ""a"", ""q2-10"": ""b""}",57979,95618
7644,2026-02-20T23:37:37.261340,LuoLuo,30,男,硕士,后宫词,/home/ubuntu/workspace/image_voting_system/all_images/后宫词_seedream.jpg,seedream,C,35710,"{""q1-2"": ""c"", ""q1-1"": ""C"", ""q2-1"": ""a"", ""q2-2"": ""c"", ""q2-3"": ""b"", ""q2-4"": ""b"", ""q2-5"": ""b"", ""q2-6"": ""e"", ""q2-7"": ""a"", ""q2-8"": ""a"", ""q2-9"": ""c"", ""q2-10"": ""c""}",64751,100461
7645,2026-02-20T23:39:39.317078,LuoLuo,30,男,硕士,送别·下马饮君酒,/home/ubuntu/workspace/image_voting_system/all_images/送别·下马饮君酒_gpt.jpg,gpt,C,52945,"{""q1-2"": ""a"", ""q1-1"": ""C"", ""q2-1"": ""a"", ""q2-2"": ""a"", ""q2-3"": ""a"", ""q2-4"": ""a"", ""q2-5"": ""a"", ""q2-6"": ""a"", ""q2-7"": ""a"", ""q2-8"": ""a"", ""q2-9"": ""a"", ""q2-10"": ""b""}",69111,122056
7646,2026-02-21T04:38:29.216827,高大王,32,女,硕士,隋宫·乘兴南游不戒严,/home/ubuntu/workspace/image_voting_system/all_images/隋宫·乘兴南游不戒严_gpt.jpg,gpt,C,97552,"{""q1-2"": ""d"", ""q1-1"": ""C"", ""q2-1"": ""a"", ""q2-2"": ""a"", ""q2-3"": ""a"", ""q2-4"": ""b"", ""q2-5"": ""a"", ""q2-6"": ""c"", ""q2-7"": ""a"", ""q2-8"": ""a"", ""q2-9"": ""a"", ""q2-10"": ""c""}",61217,158769
7647,2026-02-21T04:40:27.967531,高大王,32,女,硕士,宿府,/home/ubuntu/workspace/image_voting_system/all_images/宿府_seedream.jpg,seedream,D,84688,"{""q1-2"": ""b"", ""q1-1"": ""D"", ""q2-1"": ""a"", ""q2-2"": ""a"", ""q2-3"": ""a"", ""q2-4"": ""b"", ""q2-5"": ""a"", ""q2-6"": ""b"", ""q2-7"": ""a"", ""q2-8"": ""a"", ""q2-9"": ""a"", ""q2-10"": ""b""}",34063,118751
7648,2026-02-21T04:53:05.491296,高大王,32,女,硕士,秋登兰山寄张五,/home/ubuntu/workspace/image_voting_system/all_images/秋登兰山寄张五_nano.jpg,nano,B,203977,"{""q1-2"": ""a"", ""q1-1"": ""B"", ""q2-1"": ""a"", ""q2-2"": ""a"", ""q2-3"": ""a"", ""q2-4"": ""a"", ""q2-5"": ""a"", ""q2-6"": ""d"", ""q2-7"": ""a"", ""q2-8"": ""a"", ""q2-9"": ""a"", ""q2-10"": ""b""}",553546,757523
7649,2026-02-21T04:56:20.002446,高大王,32,女,硕士,春泛若耶溪,/home/ubuntu/workspace/image_voting_system/all_images/春泛若耶溪_gpt.jpg,gpt,D,150396,"{""q1-2"": ""b"", ""q1-1"": ""D"", ""q2-1"": ""a"", ""q2-2"": ""a"", ""q2-3"": ""a"", ""q2-4"": ""a"", ""q2-5"": ""a"", ""q2-6"": ""c"", ""q2-7"": ""a"", ""q2-8"": ""a"", ""q2-9"": ""a"", ""q2-10"": ""b""}",39090,189486
7650,2026-02-21T04:59:32.620393,高大王,32,女,硕士,寄李儋元锡,/home/ubuntu/workspace/image_voting_system/all_images/寄李儋元锡_nano.jpg,nano,A,120217,"{""q1-2"": ""c"", ""q1-1"": ""A"", ""q2-1"": ""a"", ""q2-2"": ""a"", ""q2-3"": ""a"", ""q2-4"": ""b"", ""q2-5"": ""a"", ""q2-6"": ""d"", ""q2-7"": ""a"", ""q2-8"": ""a"", ""q2-9"": ""a"", ""q2-10"": ""c""}",72401,192618
7651,2026-02-21T05:15:59.471307,高大王,32,女,硕士,夜上受降城闻笛,/home/ubuntu/workspace/image_voting_system/all_images/夜上受降城闻笛_nano.jpg,nano,A,58632,"{""q1-2"": ""a"", ""q1-1"": ""A"", ""q2-1"": ""a"", ""q2-2"": ""a"", ""q2-3"": ""a"", ""q2-4"": ""a"", ""q2-5"": ""a"", ""q2-6"": ""a"", ""q2-7"": ""a"", ""q2-8"": ""a"", ""q2-9"": ""a"", ""q2-10"": ""b""}",928218,986850
7652,2026-02-21T05:19:42.739474,高大王,32,女,硕士,李端公,/home/ubuntu/workspace/image_voting_system/all_images/李端公_gpt.jpg,gpt,B,174904,"{""q1-2"": ""b"", ""q1-1"": ""B"", ""q2-1"": ""a"", ""q2-2"": ""b"", ""q2-3"": ""a"", ""q2-4"": ""b"", ""q2-5"": ""a"", ""q2-6"": ""b"", ""q2-7"": ""a"", ""q2-8"": ""a"", ""q2-9"": ""a"", ""q2-10"": ""c""}",48365,223269
7653,2026-02-21T05:23:25.339924,高大王,32,女,硕士,赠别二首·其二,/home/ubuntu/workspace/image_voting_system/all_images/赠别二首·其二_mj.jpg,mj,A,105641,"{""q1-2"": ""d"", ""q1-1"": ""C"", ""q2-1"": ""a"", ""q2-2"": ""b"", ""q2-3"": ""b"", ""q2-4"": ""d"", ""q2-5"": ""d"", ""q2-6"": ""e"", ""q2-7"": ""b"", ""q2-8"": ""d"", ""q2-9"": ""b"", ""q2-10"": ""e""}",116959,222600
7654,2026-02-21T06:28:09.357096,高大王,32,女,硕士,无题·重帏深下莫愁堂,/home/ubuntu/workspace/image_voting_system/all_images/无题·重帏深下莫愁堂_mj.jpg,mj,A,216304,"{""q1-2"": ""a"", ""q1-1"": ""A"", ""q2-1"": ""a"", ""q2-2"": ""a"", ""q2-3"": ""a"", ""q2-4"": ""b"", ""q2-5"": ""a"", ""q2-6"": ""c"", ""q2-7"": ""a"", ""q2-8"": ""a"", ""q2-9"": ""a"", ""q2-10"": ""b""}",60335,276639
7655,2026-02-21T06:30:33.242384,高大王,32,女,硕士,月夜·更深月色半人家,/home/ubuntu/workspace/image_voting_system/all_images/月夜·更深月色半人家_seedream.jpg,seedream,A,53445,"{""q1-2"": ""a"", ""q1-1"": ""A"", ""q2-1"": ""a"", ""q2-2"": ""a"", ""q2-3"": ""a"", ""q2-4"": ""a"", ""q2-5"": ""a"", ""q2-6"": ""c"", ""q2-7"": ""a"", ""q2-8"": ""a"", ""q2-9"": ""a"", ""q2-10"": ""a""}",90440,143885
7656,2026-02-21T06:33:19.499342,高大王,32,女,硕士,赠内人,/home/ubuntu/workspace/image_voting_system/all_images/赠内人_mj.jpg,mj,C,115991,"{""q1-2"": ""d"", ""q1-1"": ""A"", ""q2-1"": ""a"", ""q2-2"": ""b"", ""q2-3"": ""b"", ""q2-4"": ""c"", ""q2-5"": ""b"", ""q2-6"": ""d"", ""q2-7"": ""b"", ""q2-8"": ""a"", ""q2-9"": ""b"", ""q2-10"": ""e""}",50266,166257
7657,2026-02-21T06:36:30.053118,高大王,32,女,硕士,月夜忆舍弟,/home/ubuntu/workspace/image_voting_system/all_images/月夜忆舍弟_mj.jpg,mj,B,126046,"{""q1-2"": ""d"", ""q1-1"": ""B"", ""q2-1"": ""a"", ""q2-2"": ""b"", ""q2-3"": ""b"", ""q2-4"": ""c"", ""q2-5"": ""b"", ""q2-6"": ""c"", ""q2-7"": ""b"", ""q2-8"": ""a"", ""q2-9"": ""a"", ""q2-10"": ""d""}",64508,190554
7658,2026-02-21T13:17:13.318088,BZ,29,男,硕士,送友人,/home/ubuntu/workspace/image_voting_system/all_images/送友人_mj.jpg,mj,D,73780,"{""q1-2"": ""d"", ""q1-1"": ""D"", ""q2-1"": ""a"", ""q2-2"": ""a"", ""q2-3"": ""a"", ""q2-4"": ""b"", ""q2-5"": ""e"", ""q2-6"": ""c"", ""q2-7"": ""d"", ""q2-8"": ""a"", ""q2-9"": ""a"", ""q2-10"": ""c""}",132562,206342
7659,2026-02-21T13:20:04.398667,BZ,29,男,硕士,溪居,/home/ubuntu/workspace/image_voting_system/all_images/溪居_mj.jpg,mj,D,93779,"{""q1-2"": ""b"", ""q1-1"": ""A"", ""q2-1"": ""a"", ""q2-2"": ""a"", ""q2-3"": ""a"", ""q2-4"": ""b"", ""q2-5"": ""e"", ""q2-6"": ""c"", ""q2-7"": ""d"", ""q2-8"": ""a"", ""q2-9"": ""a"", ""q2-10"": ""c""}",77302,171081
7660,2026-02-21T13:23:16.903574,BZ,29,男,硕士,送僧归日本,/home/ubuntu/workspace/image_voting_system/all_images/送僧归日本_gpt.jpg,gpt,D,80639,"{""q1-2"": ""a"", ""q1-1"": ""D"", ""q2-1"": ""a"", ""q2-2"": ""b"", ""q2-3"": ""a"", ""q2-4"": ""a"", ""q2-5"": ""e"", ""q2-6"": ""a"", ""q2-7"": ""d"", ""q2-8"": ""a"", ""q2-9"": ""b"", ""q2-10"": ""b""}",111866,192505
7661,2026-02-21T13:26:59.820590,BZ,29,男,硕士,征怨,/home/ubuntu/workspace/image_voting_system/all_images/征怨_seedream.jpg,seedream,D,96822,"{""q1-2"": ""b"", ""q1-1"": ""A"", ""q2-1"": ""a"", ""q2-2"": ""a"", ""q2-3"": ""c"", ""q2-4"": ""b"", ""q2-5"": ""a"", ""q2-6"": ""c"", ""q2-7"": ""a"", ""q2-8"": ""a"", ""q2-9"": ""a"", ""q2-10"": ""b""}",126095,222917
7662,2026-02-21T13:30:02.880203,BZ,29,男,硕士,逢入京使,/home/ubuntu/workspace/image_voting_system/all_images/逢入京使_gpt.jpg,gpt,B,114121,"{""q1-2"": ""a"", ""q1-1"": ""B"", ""q2-1"": ""a"", ""q2-2"": ""a"", ""q2-3"": ""a"", ""q2-4"": ""a"", ""q2-5"": ""e"", ""q2-6"": ""b"", ""q2-7"": ""a"", ""q2-8"": ""a"", ""q2-9"": ""b"", ""q2-10"": ""b""}",68937,183058
7663,2026-02-22T02:44:51.566807,LuoLuo,30,男,硕士,凉州词二首·其一,/home/ubuntu/workspace/image_voting_system/all_images/凉州词二首·其一_seedream.jpg,seedream,B,41583,"{""q1-2"": ""b"", ""q1-1"": ""B"", ""q2-1"": ""a"", ""q2-2"": ""b"", ""q2-3"": ""b"", ""q2-4"": ""b"", ""q2-5"": ""b"", ""q2-6"": ""c"", ""q2-7"": ""a"", ""q2-8"": ""a"", ""q2-9"": ""b"", ""q2-10"": ""c""}",39561,81144
7664,2026-02-22T02:46:49.666645,LuoLuo,30,男,硕士,山居秋暝,/home/ubuntu/workspace/image_voting_system/all_images/山居秋暝_seedream.jpg,seedream,B,23524,"{""q1-2"": ""a"", ""q1-1"": ""B"", ""q2-1"": ""a"", ""q2-2"": ""b"", ""q2-3"": ""c"", ""q2-4"": ""b"", ""q2-5"": ""c"", ""q2-6"": ""c"", ""q2-7"": ""b"", ""q2-8"": ""a"", ""q2-9"": ""a"", ""q2-10"": ""b""}",94574,118098
7665,2026-02-22T02:48:44.457029,LuoLuo,30,男,硕士,送杨氏女,/home/ubuntu/workspace/image_voting_system/all_images/送杨氏女_nano.jpg,nano,D,37342,"{""q1-2"": ""c"", ""q1-1"": ""D"", ""q2-1"": ""a"", ""q2-2"": ""a"", ""q2-3"": ""c"", ""q2-4"": ""c"", ""q2-5"": ""b"", ""q2-6"": ""e"", ""q2-7"": ""a"", ""q2-8"": ""a"", ""q2-9"": ""a"", ""q2-10"": ""d""}",77450,114792
7666,2026-02-22T02:49:38.347815,LuoLuo,30,男,硕士,秋夜寄邱员外,/home/ubuntu/workspace/image_voting_system/all_images/秋夜寄邱员外_gpt.jpg,gpt,B,31145,"{""q1-2"": ""a"", ""q1-1"": ""B"", ""q2-1"": ""a"", ""q2-2"": ""a"", ""q2-3"": ""a"", ""q2-4"": ""a"", ""q2-5"": ""a"", ""q2-6"": ""c"", ""q2-7"": ""a"", ""q2-8"": ""a"", ""q2-9"": ""a"", ""q2-10"": ""b""}",22746,53891
7667,2026-02-22T02:50:06.794127,kido,33,女,本科,燕歌行·并序,/home/ubuntu/workspace/image_voting_system/all_images/燕歌行·并序_mj.jpg,mj,C,230276,"{""q1-2"": ""c"", ""q1-1"": ""C"", ""q2-1"": ""a"", ""q2-2"": ""b"", ""q2-3"": ""b"", ""q2-4"": ""b"", ""q2-5"": ""b"", ""q2-6"": ""b"", ""q2-7"": ""a"", ""q2-8"": ""b"", ""q2-9"": ""a"", ""q2-10"": ""b""}",147368,377644
7668,2026-02-22T02:51:32.189301,LuoLuo,30,男,硕士,杂诗三首·其二,/home/ubuntu/workspace/image_voting_system/all_images/杂诗三首·其二_seedream.jpg,seedream,D,76004,"{""q1-2"": ""c"", ""q1-1"": ""D"", ""q2-1"": ""a"", ""q2-2"": ""a"", ""q2-3"": ""b"", ""q2-4"": ""b"", ""q2-5"": ""a"", ""q2-6"": ""b"", ""q2-7"": ""a"", ""q2-8"": ""a"", ""q2-9"": ""a"", ""q2-10"": ""b""}",37837,113841
7669,2026-02-22T02:52:15.295439,LuoLuo,30,男,硕士,秋日登吴公台上寺远眺,/home/ubuntu/workspace/image_voting_system/all_images/秋日登吴公台上寺远眺_seedream.jpg,seedream,C,20235,"{""q1-2"": ""a"", ""q1-1"": ""C"", ""q2-1"": ""a"", ""q2-2"": ""a"", ""q2-3"": ""a"", ""q2-4"": ""a"", ""q2-5"": ""a"", ""q2-6"": ""c"", ""q2-7"": ""a"", ""q2-8"": ""a"", ""q2-9"": ""a"", ""q2-10"": ""a""}",21410,41645
7670,2026-02-22T02:53:52.285613,LuoLuo,30,男,硕士,奉济驿重送严公四韵,/home/ubuntu/workspace/image_voting_system/all_images/奉济驿重送严公四韵_mj.jpg,mj,B,62561,"{""q1-2"": ""b"", ""q1-1"": ""B"", ""q2-1"": ""a"", ""q2-2"": ""b"", ""q2-3"": ""b"", ""q2-4"": ""c"", ""q2-5"": ""d"", ""q2-6"": ""d"", ""q2-7"": ""b"", ""q2-8"": ""a"", ""q2-9"": ""b"", ""q2-10"": ""d""}",34430,96991
7671,2026-02-22T02:54:00.382221,kido,33,女,本科,终南别业,/home/ubuntu/workspace/image_voting_system/all_images/终南别业_mj.jpg,mj,D,143383,"{""q1-2"": ""b"", ""q1-1"": ""D"", ""q2-1"": ""a"", ""q2-2"": ""a"", ""q2-3"": ""a"", ""q2-4"": ""a"", ""q2-5"": ""a"", ""q2-6"": ""a"", ""q2-7"": ""a"", ""q2-8"": ""a"", ""q2-9"": ""a"", ""q2-10"": ""a""}",90205,233588
7672,2026-02-22T02:55:59.030420,LuoLuo,30,男,硕士,八月十五夜赠张功曹,/home/ubuntu/workspace/image_voting_system/all_images/八月十五夜赠张功曹_mj.jpg,mj,B,52356,"{""q1-2"": ""d"", ""q1-1"": ""B"", ""q2-1"": ""b"", ""q2-2"": ""c"", ""q2-3"": ""c"", ""q2-4"": ""d"", ""q2-5"": ""e"", ""q2-6"": ""d"", ""q2-7"": ""d"", ""q2-8"": ""a"", ""q2-9"": ""b"", ""q2-10"": ""e""}",74388,126744
7673,2026-02-22T02:57:28.988760,kido,33,女,本科,隋宫·乘兴南游不戒严,/home/ubuntu/workspace/image_voting_system/all_images/隋宫·乘兴南游不戒严_seedream.jpg,seedream,C,188817,"{""q1-2"": ""b"", ""q1-1"": ""C"", ""q2-1"": ""a"", ""q2-2"": ""a"", ""q2-3"": ""a"", ""q2-4"": ""a"", ""q2-5"": ""a"", ""q2-6"": ""a"", ""q2-7"": ""a"", ""q2-8"": ""a"", ""q2-9"": ""a"", ""q2-10"": ""a""}",19790,208607
7674,2026-02-22T03:12:19.626886,kido,33,女,本科,登楼,/home/ubuntu/workspace/image_voting_system/all_images/登楼_mj.jpg,mj,B,873067,"{""q1-2"": ""a"", ""q1-1"": ""B"", ""q2-1"": ""a"", ""q2-2"": ""a"", ""q2-3"": ""a"", ""q2-4"": ""a"", ""q2-5"": ""a"", ""q2-6"": ""a"", ""q2-7"": ""a"", ""q2-8"": ""a"", ""q2-9"": ""a"", ""q2-10"": ""b""}",17571,890638
7675,2026-02-22T03:15:55.829657,kido,33,女,本科,赠孟浩然,/home/ubuntu/workspace/image_voting_system/all_images/赠孟浩然_gpt.jpg,gpt,A,194787,"{""q1-2"": ""b"", ""q1-1"": ""A"", ""q2-1"": ""a"", ""q2-2"": ""a"", ""q2-3"": ""a"", ""q2-4"": ""a"", ""q2-5"": ""a"", ""q2-7"": ""a"", ""q2-8"": ""a"", ""q2-9"": ""a"", ""q2-10"": ""b"", ""q2-6"": ""a""}",21416,216203
7676,2026-02-22T03:28:40.858310,BZ1,30,男,博士,陇西行四首·其二,/home/ubuntu/workspace/image_voting_system/all_images/陇西行四首·其二_nano.jpg,nano,B,44796,"{""q1-2"": ""a"", ""q1-1"": ""B"", ""q2-1"": ""a"", ""q2-2"": ""a"", ""q2-3"": ""a"", ""q2-4"": ""a"", ""q2-5"": ""e"", ""q2-6"": ""a"", ""q2-7"": ""d"", ""q2-8"": ""a"", ""q2-9"": ""a"", ""q2-10"": ""a""}",53402,98198
7677,2026-02-22T03:30:30.101191,BZ1,30,男,博士,登柳州城楼寄漳汀封连四州,/home/ubuntu/workspace/image_voting_system/all_images/登柳州城楼寄漳汀封连四州_nano.jpg,nano,B,52154,"{""q1-2"": ""a"", ""q1-1"": ""B"", ""q2-1"": ""b"", ""q2-2"": ""a"", ""q2-3"": ""a"", ""q2-4"": ""a"", ""q2-5"": ""a"", ""q2-6"": ""c"", ""q2-7"": ""d"", ""q2-8"": ""a"", ""q2-9"": ""a"", ""q2-10"": ""a""}",57089,109243
7678,2026-02-22T03:30:37.386896,kido,33,女,本科,奉济驿重送严公四韵,/home/ubuntu/workspace/image_voting_system/all_images/奉济驿重送严公四韵_seedream.jpg,seedream,A,724144,"{""q1-2"": ""a"", ""q1-1"": ""A"", ""q2-1"": ""a"", ""q2-2"": ""a"", ""q2-3"": ""b"", ""q2-4"": ""a"", ""q2-5"": ""a"", ""q2-6"": ""a"", ""q2-7"": ""a"", ""q2-8"": ""a"", ""q2-9"": ""a"", ""q2-10"": ""b""}",157413,881557
7679,2026-02-22T03:31:38.018476,BZ1,30,男,博士,云阳馆与韩绅宿别,/home/ubuntu/workspace/image_voting_system/all_images/云阳馆与韩绅宿别_seedream.jpg,seedream,C,24238,"{""q1-2"": ""a"", ""q1-1"": ""C"", ""q2-1"": ""a"", ""q2-2"": ""a"", ""q2-3"": ""a"", ""q2-4"": ""a"", ""q2-5"": ""a"", ""q2-6"": ""a"", ""q2-7"": ""d"", ""q2-8"": ""a"", ""q2-9"": ""a"", ""q2-10"": ""a""}",43679,67917
7680,2026-02-22T03:33:51.548853,BZ1,30,男,博士,送人东游,/home/ubuntu/workspace/image_voting_system/all_images/送人东游_seedream.jpg,seedream,A,102105,"{""q1-2"": ""a"", ""q1-1"": ""A"", ""q2-1"": ""a"", ""q2-2"": ""a"", ""q2-3"": ""a"", ""q2-4"": ""a"", ""q2-5"": ""a"", ""q2-6"": ""a"", ""q2-7"": ""d"", ""q2-8"": ""a"", ""q2-9"": ""a"", ""q2-10"": ""a""}",31426,133531
7681,2026-02-22T03:35:29.220257,BZ1,30,男,博士,关山月,/home/ubuntu/workspace/image_voting_system/all_images/关山月_mj.jpg,mj,C,39609,"{""q1-2"": ""a"", ""q1-1"": ""C"", ""q2-1"": ""a"", ""q2-2"": ""a"", ""q2-3"": ""a"", ""q2-4"": ""a"", ""q2-5"": ""a"", ""q2-6"": ""c"", ""q2-7"": ""b"", ""q2-8"": ""d"", ""q2-9"": ""a"", ""q2-10"": ""b""}",58062,97671
7682,2026-02-22T03:37:32.773068,BZ1,30,男,博士,晚次鄂州,/home/ubuntu/workspace/image_voting_system/all_images/晚次鄂州_gpt.jpg,gpt,A,55017,"{""q1-2"": ""b"", ""q1-1"": ""A"", ""q2-1"": ""a"", ""q2-2"": ""b"", ""q2-3"": ""a"", ""q2-4"": ""a"", ""q2-5"": ""a"", ""q2-6"": ""b"", ""q2-7"": ""d"", ""q2-8"": ""a"", ""q2-9"": ""b"", ""q2-10"": ""b""}",68536,123553
7683,2026-02-22T03:40:12.576433,BZ1,30,男,博士,辋川闲居赠裴秀才迪,/home/ubuntu/workspace/image_voting_system/all_images/辋川闲居赠裴秀才迪_seedream.jpg,seedream,C,99795,"{""q1-2"": ""a"", ""q1-1"": ""A"", ""q2-1"": ""a"", ""q2-2"": ""a"", ""q2-3"": ""a"", ""q2-4"": ""a"", ""q2-5"": ""a"", ""q2-6"": ""a"", ""q2-7"": ""d"", ""q2-8"": ""a"", ""q2-9"": ""a"", ""q2-10"": ""a""}",60009,159804
7684,2026-02-22T03:42:02.819594,BZ1,30,男,博士,锦瑟,/home/ubuntu/workspace/image_voting_system/all_images/锦瑟_nano.jpg,nano,D,41596,"{""q1-2"": ""c"", ""q1-1"": ""D"", ""q2-1"": ""c"", ""q2-2"": ""b"", ""q2-3"": ""d"", ""q2-4"": ""d"", ""q2-5"": ""e"", ""q2-6"": ""c"", ""q2-7"": ""d"", ""q2-8"": ""a"", ""q2-9"": ""b"", ""q2-10"": ""d""}",68647,110243
7685,2026-02-22T03:43:47.752323,BZ1,30,男,博士,为有,/home/ubuntu/workspace/image_voting_system/all_images/为有_mj.jpg,mj,D,34399,"{""q1-2"": ""d"", ""q1-1"": ""A"", ""q2-1"": ""a"", ""q2-2"": ""a"", ""q2-3"": ""b"", ""q2-4"": ""d"", ""q2-5"": ""e"", ""q2-6"": ""e"", ""q2-7"": ""b"", ""q2-8"": ""d"", ""q2-9"": ""b"", ""q2-10"": ""d""}",70533,104932
7686,2026-02-22T03:45:31.713193,BZ1,30,男,博士,题金陵渡,/home/ubuntu/workspace/image_voting_system/all_images/题金陵渡_seedream.jpg,seedream,C,36490,"{""q1-2"": ""a"", ""q1-1"": ""C"", ""q2-1"": ""a"", ""q2-2"": ""a"", ""q2-3"": ""a"", ""q2-4"": ""a"", ""q2-5"": ""e"", ""q2-6"": ""b"", ""q2-7"": ""d"", ""q2-8"": ""a"", ""q2-9"": ""a"", ""q2-10"": ""b""}",67471,103961
7687,2026-02-22T03:47:17.560156,BZ1,30,男,博士,兵车行,/home/ubuntu/workspace/image_voting_system/all_images/兵车行_nano.jpg,nano,C,50514,"{""q1-2"": ""a"", ""q1-1"": ""C"", ""q2-1"": ""a"", ""q2-2"": ""a"", ""q2-3"": ""a"", ""q2-4"": ""a"", ""q2-5"": ""e"", ""q2-6"": ""a"", ""q2-7"": ""a"", ""q2-8"": ""a"", ""q2-9"": ""b"", ""q2-10"": ""a""}",50931,101445
7688,2026-02-22T03:49:22.242882,BZ1,30,男,博士,贾生,/home/ubuntu/workspace/image_voting_system/all_images/贾生_mj.jpg,mj,B,39770,"{""q1-2"": ""d"", ""q1-1"": ""D"", ""q2-1"": ""a"", ""q2-2"": ""c"", ""q2-3"": ""a"", ""q2-4"": ""d"", ""q2-5"": ""e"", ""q2-6"": ""a"", ""q2-7"": ""d"", ""q2-8"": ""d"", ""q2-9"": ""b"", ""q2-10"": ""e""}",84913,124683
7689,2026-02-22T03:51:17.375568,BZ1,30,男,博士,宫词·长乐宫连上苑春,/home/ubuntu/workspace/image_voting_system/all_images/宫词·长乐宫连上苑春_seedream.jpg,seedream,D,76012,"{""q1-2"": ""b"", ""q1-1"": ""B"", ""q2-1"": ""a"", ""q2-2"": ""a"", ""q2-3"": ""a"", ""q2-4"": ""a"", ""q2-5"": ""a"", ""q2-6"": ""a"", ""q2-7"": ""a"", ""q2-8"": ""a"", ""q2-9"": ""a"", ""q2-10"": ""a""}",39121,115133
7690,2026-02-22T03:58:46.005284,BZ1,30,男,博士,阁夜,/home/ubuntu/workspace/image_voting_system/all_images/阁夜_gpt.jpg,gpt,A,398923,"{""q1-2"": ""a"", ""q1-1"": ""A"", ""q2-1"": ""a"", ""q2-2"": ""a"", ""q2-3"": ""a"", ""q2-4"": ""a"", ""q2-5"": ""a"", ""q2-6"": ""a"", ""q2-7"": ""d"", ""q2-8"": ""a"", ""q2-9"": ""a"", ""q2-10"": ""a""}",49706,448629
7691,2026-02-22T04:01:14.458415,BZ1,30,男,博士,北青萝,/home/ubuntu/workspace/image_voting_system/all_images/北青萝_nano.jpg,nano,C,99973,"{""q1-2"": ""a"", ""q1-1"": ""C"", ""q2-1"": ""a"", ""q2-2"": ""a"", ""q2-3"": ""a"", ""q2-4"": ""a"", ""q2-5"": ""a"", ""q2-6"": ""a"", ""q2-7"": ""a"", ""q2-8"": ""a"", ""q2-9"": ""a"", ""q2-10"": ""a""}",48480,148453
7692,2026-02-22T04:02:57.024348,BZ1,30,男,博士,丽人行,/home/ubuntu/workspace/image_voting_system/all_images/丽人行_nano.jpg,nano,A,48694,"{""q1-2"": ""a"", ""q1-1"": ""A"", ""q2-1"": ""a"", ""q2-2"": ""a"", ""q2-3"": ""a"", ""q2-4"": ""a"", ""q2-5"": ""a"", ""q2-6"": ""a"", ""q2-7"": ""a"", ""q2-8"": ""a"", ""q2-9"": ""a"", ""q2-10"": ""a""}",47839,96533
7693,2026-02-22T04:04:52.457353,BZ1,30,男,博士,行路难·其三,/home/ubuntu/workspace/image_voting_system/all_images/行路难·其三_gpt.jpg,gpt,D,76136,"{""q1-2"": ""a"", ""q1-1"": ""D"", ""q2-1"": ""a"", ""q2-2"": ""a"", ""q2-3"": ""b"", ""q2-4"": ""a"", ""q2-5"": ""e"", ""q2-6"": ""a"", ""q2-7"": ""a"", ""q2-8"": ""a"", ""q2-9"": ""b"", ""q2-10"": ""b""}",39297,115433
7694,2026-02-22T04:06:35.452470,BZ1,30,男,博士,喜见外弟又言别,/home/ubuntu/workspace/image_voting_system/all_images/喜见外弟又言别_seedream.jpg,seedream,D,27692,"{""q1-2"": ""a"", ""q1-1"": ""D"", ""q2-1"": ""a"", ""q2-2"": ""a"", ""q2-3"": ""a"", ""q2-4"": ""a"", ""q2-5"": ""a"", ""q2-6"": ""a"", ""q2-7"": ""a"", ""q2-8"": ""a"", ""q2-9"": ""c"", ""q2-10"": ""b""}",75304,102996
7695,2026-02-22T04:08:51.086139,BZ1,30,男,博士,感遇十二首·其一,/home/ubuntu/workspace/image_voting_system/all_images/感遇十二首·其一_gpt.jpg,gpt,B,57761,"{""q1-2"": ""a"", ""q1-1"": ""A"", ""q2-1"": ""a"", ""q2-2"": ""b"", ""q2-3"": ""b"", ""q2-4"": ""b"", ""q2-5"": ""e"", ""q2-6"": ""e"", ""q2-7"": ""d"", ""q2-8"": ""a"", ""q2-9"": ""b"", ""q2-10"": ""c""}",77872,135633
7696,2026-02-22T04:20:22.815322,BZ1,30,男,博士,渭川田家,/home/ubuntu/workspace/image_voting_system/all_images/渭川田家_nano.jpg,nano,A,25521,"{""q1-2"": ""a"", ""q1-1"": ""A"", ""q2-1"": ""a"", ""q2-2"": ""a"", ""q2-3"": ""a"", ""q2-4"": ""a"", ""q2-5"": ""a"", ""q2-6"": ""a"", ""q2-7"": ""d"", ""q2-8"": ""a"", ""q2-9"": ""a"", ""q2-10"": ""a""}",666208,691729
7697,2026-02-22T06:39:34.297947,BZ1,30,男,博士,芙蓉楼送辛渐,/home/ubuntu/workspace/image_voting_system/all_images/芙蓉楼送辛渐_nano.jpg,nano,B,8305597,"{""q1-2"": ""a"", ""q1-1"": ""B"", ""q2-1"": ""a"", ""q2-2"": ""a"", ""q2-3"": ""a"", ""q2-4"": ""a"", ""q2-5"": ""a"", ""q2-6"": ""a"", ""q2-7"": ""d"", ""q2-8"": ""a"", ""q2-9"": ""a"", ""q2-10"": ""a""}",43082,8348679
7698,2026-02-22T07:00:49.947745,BZ1,30,男,博士,登岳阳楼,/home/ubuntu/workspace/image_voting_system/all_images/登岳阳楼_nano.jpg,nano,B,1249788,"{""q1-2"": ""a"", ""q1-1"": ""B"", ""q2-1"": ""a"", ""q2-2"": ""a"", ""q2-3"": ""a"", ""q2-4"": ""a"", ""q2-5"": ""a"", ""q2-6"": ""a"", ""q2-7"": ""d"", ""q2-8"": ""a"", ""q2-9"": ""a"", ""q2-10"": ""a""}",25862,1275650
7699,2026-02-22T07:02:41.438031,BZ1,30,男,博士,寻陆鸿渐不遇,/home/ubuntu/workspace/image_voting_system/all_images/寻陆鸿渐不遇_mj.jpg,mj,A,74190,"{""q1-2"": ""b"", ""q1-1"": ""A"", ""q2-1"": ""a"", ""q2-2"": ""b"", ""q2-3"": ""a"", ""q2-4"": ""b"", ""q2-5"": ""a"", ""q2-6"": ""f"", ""q2-7"": ""d"", ""q2-8"": ""a"", ""q2-9"": ""c"", ""q2-10"": ""c""}",37300,111490
7700,2026-02-22T07:05:03.213984,BZ1,30,男,博士,清平调·其二,/home/ubuntu/workspace/image_voting_system/all_images/清平调·其二_nano.jpg,nano,D,52225,"{""q1-2"": ""b"", ""q1-1"": ""D"", ""q2-1"": ""a"", ""q2-2"": ""a"", ""q2-3"": ""c"", ""q2-4"": ""b"", ""q2-5"": ""e"", ""q2-6"": ""c"", ""q2-8"": ""a"", ""q2-9"": ""b"", ""q2-10"": ""c"", ""q2-7"": ""d""}",89549,141774
7701,2026-02-22T07:07:15.087084,BZ1,30,男,博士,夏日南亭怀辛大,/home/ubuntu/workspace/image_voting_system/all_images/夏日南亭怀辛大_mj.jpg,mj,C,62890,"{""q1-2"": ""c"", ""q1-1"": ""B"", ""q2-1"": ""a"", ""q2-2"": ""b"", ""q2-3"": ""b"", ""q2-4"": ""c"", ""q2-5"": ""a"", ""q2-6"": ""c"", ""q2-7"": ""d"", ""q2-8"": ""c"", ""q2-9"": ""b"", ""q2-10"": ""c""}",68985,131875
7702,2026-02-22T19:06:22.357570,whu,31,男,硕士,凉思,/home/ubuntu/workspace/image_voting_system/all_images/凉思_gpt.jpg,gpt,C,123033,"{""q1-2"": ""a"", ""q1-1"": ""C"", ""q2-1"": ""a"", ""q2-2"": ""a"", ""q2-3"": ""b"", ""q2-4"": ""a"", ""q2-5"": ""a"", ""q2-6"": ""b"", ""q2-7"": ""b"", ""q2-8"": ""a"", ""q2-9"": ""b"", ""q2-10"": ""b""}",58825,181858
7703,2026-02-22T19:07:52.337464,whu,31,男,硕士,在狱咏蝉,/home/ubuntu/workspace/image_voting_system/all_images/在狱咏蝉_nano.jpg,nano,B,54712,"{""q1-2"": ""c"", ""q1-1"": ""B"", ""q2-1"": ""a"", ""q2-2"": ""a"", ""q2-3"": ""b"", ""q2-4"": ""a"", ""q2-5"": ""a"", ""q2-6"": ""a"", ""q2-7"": ""a"", ""q2-8"": ""a"", ""q2-9"": ""a"", ""q2-10"": ""b""}",35268,89980
7704,2026-02-22T19:09:46.913094,whu,31,男,硕士,清平调·其二,/home/ubuntu/workspace/image_voting_system/all_images/清平调·其二_seedream.jpg,seedream,C,44466,"{""q1-2"": ""c"", ""q1-1"": ""C"", ""q2-1"": ""a"", ""q2-2"": ""a"", ""q2-3"": ""a"", ""q2-4"": ""a"", ""q2-5"": ""a"", ""q2-6"": ""a"", ""q2-7"": ""a"", ""q2-8"": ""a"", ""q2-9"": ""a"", ""q2-10"": ""a""}",70109,114575
7705,2026-02-22T19:11:29.984154,whu,31,男,硕士,灞上秋居,/home/ubuntu/workspace/image_voting_system/all_images/灞上秋居_seedream.jpg,seedream,B,69205,"{""q1-2"": ""a"", ""q1-1"": ""B"", ""q2-1"": ""a"", ""q2-2"": ""b"", ""q2-3"": ""b"", ""q2-4"": ""a"", ""q2-5"": ""a"", ""q2-6"": ""b"", ""q2-7"": ""a"", ""q2-8"": ""a"", ""q2-9"": ""a"", ""q2-10"": ""b""}",33866,103071
7706,2026-02-22T19:14:43.781881,高大王,32,女,硕士,西塞山怀古,/home/ubuntu/workspace/image_voting_system/all_images/西塞山怀古_seedream.jpg,seedream,C,75475,"{""q1-2"": ""a"", ""q1-1"": ""C"", ""q2-1"": ""a"", ""q2-2"": ""a"", ""q2-3"": ""a"", ""q2-4"": ""a"", ""q2-5"": ""a"", ""q2-6"": ""c"", ""q2-7"": ""a"", ""q2-8"": ""a"", ""q2-9"": ""a"", ""q2-10"": ""b""}",21571,97046
7707,2026-02-22T19:16:10.936778,whu,31,男,硕士,同从弟南斋玩月忆山阴崔少府,/home/ubuntu/workspace/image_voting_system/all_images/同从弟南斋玩月忆山阴崔少府_seedream.jpg,seedream,A,213917,"{""q1-2"": ""a"", ""q1-1"": ""A"", ""q2-1"": ""a"", ""q2-2"": ""a"", ""q2-3"": ""a"", ""q2-4"": ""c"", ""q2-5"": ""a"", ""q2-6"": ""d"", ""q2-7"": ""a"", ""q2-8"": ""a"", ""q2-9"": ""a"", ""q2-10"": ""d""}",67036,280953
7708,2026-02-22T19:17:58.180220,whu,31,男,硕士,独不见,/home/ubuntu/workspace/image_voting_system/all_images/独不见_gpt.jpg,gpt,A,54919,"{""q1-2"": ""a"", ""q1-1"": ""A"", ""q2-1"": ""a"", ""q2-2"": ""a"", ""q2-3"": ""a"", ""q2-4"": ""a"", ""q2-5"": ""a"", ""q2-6"": ""e"", ""q2-7"": ""a"", ""q2-8"": ""a"", ""q2-9"": ""a"", ""q2-10"": ""c""}",52324,107243
7709,2026-02-22T19:19:31.639782,高大王,32,女,硕士,送别·下马饮君酒,/home/ubuntu/workspace/image_voting_system/all_images/送别·下马饮君酒_mj.jpg,mj,B,249880,"{""q1-2"": ""b"", ""q1-1"": ""B"", ""q2-1"": ""a"", ""q2-2"": ""a"", ""q2-3"": ""a"", ""q2-4"": ""a"", ""q2-5"": ""a"", ""q2-6"": ""d"", ""q2-7"": ""a"", ""q2-8"": ""a"", ""q2-9"": ""a"", ""q2-10"": ""c""}",36415,286295
7710,2026-02-22T19:22:33.352892,高大王,32,女,硕士,溪居,/home/ubuntu/workspace/image_voting_system/all_images/溪居_seedream.jpg,seedream,D,131932,"{""q1-2"": ""a"", ""q1-1"": ""D"", ""q2-1"": ""a"", ""q2-2"": ""a"", ""q2-3"": ""a"", ""q2-4"": ""a"", ""q2-5"": ""a"", ""q2-6"": ""c"", ""q2-7"": ""a"", ""q2-8"": ""a"", ""q2-9"": ""a"", ""q2-10"": ""b""}",49781,181713
7711,2026-02-22T19:22:43.639932,whu,31,男,硕士,同题仙游观,/home/ubuntu/workspace/image_voting_system/all_images/同题仙游观_seedream.jpg,seedream,A,19124,"{""q1-2"": ""e"", ""q1-1"": ""A"", ""q2-1"": ""a"", ""q2-2"": ""a"", ""q2-3"": ""c"", ""q2-4"": ""b"", ""q2-5"": ""a"", ""q2-6"": ""c"", ""q2-7"": ""a"", ""q2-8"": ""a"", ""q2-9"": ""a"", ""q2-10"": ""c""}",266336,285460
7712,2026-02-22T19:26:11.330444,whu,31,男,硕士,春雨,/home/ubuntu/workspace/image_voting_system/all_images/春雨_nano.jpg,nano,C,180643,"{""q1-2"": ""a"", ""q1-1"": ""C"", ""q2-1"": ""a"", ""q2-2"": ""a"", ""q2-3"": ""b"", ""q2-4"": ""a"", ""q2-5"": ""a"", ""q2-6"": ""b"", ""q2-7"": ""a"", ""q2-8"": ""a"", ""q2-9"": ""a"", ""q2-10"": ""b""}",27047,207690
7713,2026-02-22T19:26:53.639552,高大王,32,女,硕士,兵车行,/home/ubuntu/workspace/image_voting_system/all_images/兵车行_seedream.jpg,seedream,C,196851,"{""q1-2"": ""a"", ""q1-1"": ""C"", ""q2-1"": ""a"", ""q2-3"": ""a"", ""q2-4"": ""a"", ""q2-5"": ""a"", ""q2-6"": ""a"", ""q2-7"": ""a"", ""q2-8"": ""a"", ""q2-9"": ""a"", ""q2-10"": ""a"", ""q2-2"": ""a""}",63436,260287
7714,2026-02-22T19:29:49.671509,高大王,32,女,硕士,咏怀古迹五首·其五,/home/ubuntu/workspace/image_voting_system/all_images/咏怀古迹五首·其五_seedream.jpg,seedream,D,137127,"{""q1-2"": ""b"", ""q1-1"": ""D"", ""q2-1"": ""a"", ""q2-2"": ""a"", ""q2-3"": ""a"", ""q2-4"": ""a"", ""q2-5"": ""a"", ""q2-6"": ""c"", ""q2-7"": ""a"", ""q2-8"": ""a"", ""q2-9"": ""a"", ""q2-10"": ""b""}",38905,176032
7715,2026-02-22T19:35:44.527699,高大王,32,女,硕士,桃花溪,/home/ubuntu/workspace/image_voting_system/all_images/桃花溪_mj.jpg,mj,A,273163,"{""q1-2"": ""c"", ""q1-1"": ""A"", ""q2-1"": ""a"", ""q2-2"": ""a"", ""q2-3"": ""b"", ""q2-4"": ""b"", ""q2-5"": ""b"", ""q2-6"": ""c"", ""q2-7"": ""a"", ""q2-8"": ""b"", ""q2-9"": ""a"", ""q2-10"": ""c""}",81693,354856
7716,2026-02-22T19:37:09.848323,高大王,32,女,硕士,没蕃故人,/home/ubuntu/workspace/image_voting_system/all_images/没蕃故人_gpt.jpg,gpt,C,45654,"{""q1-2"": ""a"", ""q1-1"": ""C"", ""q2-1"": ""a"", ""q2-2"": ""b"", ""q2-3"": ""b"", ""q2-4"": ""a"", ""q2-5"": ""a"", ""q2-6"": ""a"", ""q2-7"": ""a"", ""q2-8"": ""a"", ""q2-9"": ""a"", ""q2-10"": ""c""}",38327,83981
7717,2026-02-22T19:38:48.976690,高大王,32,女,硕士,送梓州李使君,/home/ubuntu/workspace/image_voting_system/all_images/送梓州李使君_nano.jpg,nano,B,61735,"{""q1-2"": ""c"", ""q1-1"": ""B"", ""q2-1"": ""a"", ""q2-2"": ""a"", ""q2-3"": ""a"", ""q2-4"": ""b"", ""q2-5"": ""a"", ""q2-6"": ""c"", ""q2-7"": ""a"", ""q2-8"": ""a"", ""q2-9"": ""a"", ""q2-10"": ""c""}",37394,99129
7718,2026-02-22T19:42:08.995293,高大王,32,女,硕士,乌衣巷,/home/ubuntu/workspace/image_voting_system/all_images/乌衣巷_gpt.jpg,gpt,C,105052,"{""q1-2"": ""a"", ""q1-1"": ""C"", ""q2-1"": ""a"", ""q2-2"": ""b"", ""q2-3"": ""a"", ""q2-4"": ""a"", ""q2-5"": ""a"", ""q2-6"": ""c"", ""q2-7"": ""a"", ""q2-8"": ""a"", ""q2-9"": ""a"", ""q2-10"": ""b""}",94966,200018
7719,2026-02-22T19:44:03.875992,高大王,32,女,硕士,巴山道中除夜书怀,/home/ubuntu/workspace/image_voting_system/all_images/巴山道中除夜书怀_mj.jpg,mj,B,80071,"{""q1-2"": ""a"", ""q1-1"": ""B"", ""q2-1"": ""a"", ""q2-2"": ""a"", ""q2-3"": ""b"", ""q2-4"": ""a"", ""q2-5"": ""a"", ""q2-6"": ""c"", ""q2-7"": ""a"", ""q2-8"": ""b"", ""q2-9"": ""a"", ""q2-10"": ""b""}",34810,114881
7720,2026-02-22T19:47:10.304853,高大王,32,女,硕士,长干行·其一,/home/ubuntu/workspace/image_voting_system/all_images/长干行·其一_nano.jpg,nano,A,126181,"{""q1-2"": ""a"", ""q1-1"": ""A"", ""q2-1"": ""a"", ""q2-2"": ""a"", ""q2-3"": ""a"", ""q2-4"": ""a"", ""q2-5"": ""a"", ""q2-6"": ""a"", ""q2-7"": ""a"", ""q2-8"": ""a"", ""q2-9"": ""a"", ""q2-10"": ""b""}",60248,186429
7721,2026-02-22T19:49:02.987631,whu,31,男,硕士,子夜吴歌·冬歌,/home/ubuntu/workspace/image_voting_system/all_images/子夜吴歌·冬歌_mj.jpg,mj,A,43242,"{""q1-2"": ""d"", ""q1-1"": ""A"", ""q2-1"": ""a"", ""q2-2"": ""b"", ""q2-3"": ""a"", ""q2-4"": ""b"", ""q2-5"": ""a"", ""q2-6"": ""a"", ""q2-7"": ""a"", ""q2-8"": ""b"", ""q2-9"": ""c"", ""q2-10"": ""b""}",125079,168321
7722,2026-02-22T20:03:49.195751,BZ2,30,男,博士,晨诣超师院读禅经,/home/ubuntu/workspace/image_voting_system/all_images/晨诣超师院读禅经_seedream.jpg,seedream,A,140424,"{""q1-2"": ""a"", ""q1-1"": ""A"", ""q2-1"": ""a"", ""q2-2"": ""a"", ""q2-3"": ""a"", ""q2-4"": ""a"", ""q2-5"": ""a"", ""q2-6"": ""d"", ""q2-7"": ""a"", ""q2-8"": ""a"", ""q2-9"": ""a"", ""q2-10"": ""b""}",51780,192204
7723,2026-02-22T20:05:49.705777,BZ2,30,男,博士,杂诗三首·其三,/home/ubuntu/workspace/image_voting_system/all_images/杂诗三首·其三_mj.jpg,mj,C,43306,"{""q1-2"": ""b"", ""q1-1"": ""C"", ""q2-1"": ""a"", ""q2-2"": ""b"", ""q2-3"": ""a"", ""q2-4"": ""a"", ""q2-5"": ""e"", ""q2-6"": ""c"", ""q2-7"": ""d"", ""q2-8"": ""a"", ""q2-9"": ""a"", ""q2-10"": ""b""}",77204,120510
7724,2026-02-22T20:11:30.845112,BZ2,30,男,博士,早寒江上有怀,/home/ubuntu/workspace/image_voting_system/all_images/早寒江上有怀_gpt.jpg,gpt,D,290517,"{""q1-2"": ""b"", ""q1-1"": ""D"", ""q2-1"": ""a"", ""q2-2"": ""a"", ""q2-3"": ""b"", ""q2-4"": ""a"", ""q2-5"": ""a"", ""q2-6"": ""a"", ""q2-7"": ""a"", ""q2-8"": ""a"", ""q2-9"": ""a"", ""q2-10"": ""b""}",50622,341139
7725,2026-02-22T20:29:53.398116,BZ2,30,男,博士,闻官军收河南河北,/home/ubuntu/workspace/image_voting_system/all_images/闻官军收河南河北_mj.jpg,mj,A,33376,"{""q1-2"": ""a"", ""q1-1"": ""A"", ""q2-1"": ""a"", ""q2-2"": ""b"", ""q2-3"": ""a"", ""q2-4"": ""a"", ""q2-5"": ""a"", ""q2-6"": ""a"", ""q2-7"": ""d"", ""q2-8"": ""a"", ""q2-9"": ""a"", ""q2-10"": ""b""}",1069177,1102553
7726,2026-02-22T20:32:36.489208,BZ2,30,男,博士,八月十五夜赠张功曹,/home/ubuntu/workspace/image_voting_system/all_images/八月十五夜赠张功曹_gpt.jpg,gpt,C,109807,"{""q1-2"": ""b"", ""q1-1"": ""B"", ""q2-1"": ""b"", ""q2-2"": ""b"", ""q2-3"": ""b"", ""q2-4"": ""c"", ""q2-5"": ""e"", ""q2-6"": ""e"", ""q2-7"": ""d"", ""q2-8"": ""a"", ""q2-9"": ""b"", ""q2-10"": ""e""}",53284,163091
7727,2026-02-22T20:34:25.435419,BZ2,30,男,博士,题金陵渡,/home/ubuntu/workspace/image_voting_system/all_images/题金陵渡_mj.jpg,mj,C,65214,"{""q1-2"": ""d"", ""q1-1"": ""C"", ""q2-1"": ""a"", ""q2-2"": ""b"", ""q2-3"": ""a"", ""q2-4"": ""b"", ""q2-5"": ""a"", ""q2-6"": ""c"", ""q2-7"": ""d"", ""q2-8"": ""d"", ""q2-9"": ""a"", ""q2-10"": ""d""}",43732,108946
7728,2026-02-22T20:36:01.059825,BZ2,30,男,博士,为有,/home/ubuntu/workspace/image_voting_system/all_images/为有_seedream.jpg,seedream,C,45098,"{""q1-2"": ""b"", ""q1-1"": ""B"", ""q2-1"": ""a"", ""q2-2"": ""a"", ""q2-3"": ""b"", ""q2-4"": ""b"", ""q2-5"": ""a"", ""q2-6"": ""b"", ""q2-7"": ""a"", ""q2-8"": ""a"", ""q2-9"": ""a"", ""q2-10"": ""c""}",50527,95625
7729,2026-02-22T20:37:08.950398,BZ2,30,男,博士,赠阙下裴舍人,/home/ubuntu/workspace/image_voting_system/all_images/赠阙下裴舍人_seedream.jpg,seedream,B,45624,"{""q1-2"": ""a"", ""q1-1"": ""B"", ""q2-1"": ""a"", ""q2-2"": ""a"", ""q2-3"": ""a"", ""q2-4"": ""a"", ""q2-5"": ""a"", ""q2-6"": ""b"", ""q2-7"": ""a"", ""q2-8"": ""a"", ""q2-9"": ""a"", ""q2-10"": ""a""}",22266,67890
7730,2026-02-22T20:40:02.153102,BZ2,30,男,博士,感遇十二首·其四,/home/ubuntu/workspace/image_voting_system/all_images/感遇十二首·其四_mj.jpg,mj,C,22636,"{""q1-2"": ""c"", ""q1-1"": ""C"", ""q2-1"": ""b"", ""q2-2"": ""b"", ""q2-3"": ""b"", ""q2-4"": ""b"", ""q2-5"": ""e"", ""q2-6"": ""c"", ""q2-7"": ""d"", ""q2-8"": ""d"", ""q2-9"": ""c"", ""q2-10"": ""e""}",150561,173197
7731,2026-02-22T20:41:40.222124,BZ2,30,男,博士,送别·山中相送罢,/home/ubuntu/workspace/image_voting_system/all_images/送别·山中相送罢_mj.jpg,mj,D,44410,"{""q1-2"": ""d"", ""q1-1"": ""B"", ""q2-1"": ""a"", ""q2-2"": ""b"", ""q2-3"": ""b"", ""q2-4"": ""b"", ""q2-5"": ""b"", ""q2-6"": ""c"", ""q2-7"": ""c"", ""q2-8"": ""a"", ""q2-9"": ""c"", ""q2-10"": ""d""}",53665,98075
7732,2026-02-22T20:43:37.474304,BZ2,30,男,博士,终南山,/home/ubuntu/workspace/image_voting_system/all_images/终南山_seedream.jpg,seedream,B,23948,"{""q1-2"": ""b"", ""q1-1"": ""B"", ""q2-1"": ""a"", ""q2-2"": ""a"", ""q2-3"": ""b"", ""q2-4"": ""a"", ""q2-5"": ""a"", ""q2-6"": ""c"", ""q2-7"": ""d"", ""q2-8"": ""a"", ""q2-9"": ""a"", ""q2-10"": ""b""}",89723,113671
7733,2026-02-22T20:44:43.257334,BZ2,30,男,博士,奉和中书舍人贾至早朝大明宫,/home/ubuntu/workspace/image_voting_system/all_images/奉和中书舍人贾至早朝大明宫_nano.jpg,nano,D,26290,"{""q1-2"": ""a"", ""q1-1"": ""D"", ""q2-1"": ""a"", ""q2-2"": ""a"", ""q2-3"": ""a"", ""q2-4"": ""a"", ""q2-5"": ""a"", ""q2-6"": ""c"", ""q2-7"": ""a"", ""q2-8"": ""a"", ""q2-9"": ""a"", ""q2-10"": ""a""}",39493,65783
7734,2026-02-22T20:45:46.432653,BZ2,30,男,博士,哀王孙,/home/ubuntu/workspace/image_voting_system/all_images/哀王孙_gpt.jpg,gpt,C,31114,"{""q1-2"": ""a"", ""q1-1"": ""C"", ""q2-1"": ""b"", ""q2-2"": ""b"", ""q2-3"": ""b"", ""q2-4"": ""a"", ""q2-5"": ""a"", ""q2-6"": ""a"", ""q2-7"": ""d"", ""q2-8"": ""a"", ""q2-9"": ""b"", ""q2-10"": ""c""}",32061,63175
7735,2026-02-22T20:47:53.147782,BZ2,30,男,博士,春思·莺啼燕语报新年,/home/ubuntu/workspace/image_voting_system/all_images/春思·莺啼燕语报新年_nano.jpg,nano,A,74763,"{""q1-2"": ""a"", ""q1-1"": ""D"", ""q2-1"": ""a"", ""q2-2"": ""a"", ""q2-3"": ""a"", ""q2-4"": ""b"", ""q2-5"": ""b"", ""q2-6"": ""b"", ""q2-7"": ""d"", ""q2-8"": ""a"", ""q2-9"": ""a"", ""q2-10"": ""c""}",51953,126716
7736,2026-02-22T20:48:46.771082,BZ2,30,男,博士,关山月,/home/ubuntu/workspace/image_voting_system/all_images/关山月_nano.jpg,nano,C,32773,"{""q1-2"": ""a"", ""q1-1"": ""C"", ""q2-1"": ""a"", ""q2-2"": ""a"", ""q2-3"": ""a"", ""q2-4"": ""a"", ""q2-5"": ""a"", ""q2-6"": ""a"", ""q2-7"": ""a"", ""q2-8"": ""a"", ""q2-9"": ""a"", ""q2-10"": ""a""}",20850,53623
7737,2026-02-22T20:53:09.052320,BZ2,30,男,博士,同从弟南斋玩月忆山阴崔少府,/home/ubuntu/workspace/image_voting_system/all_images/同从弟南斋玩月忆山阴崔少府_mj.jpg,mj,A,163428,"{""q1-2"": ""c"", ""q1-1"": ""D"", ""q2-1"": ""a"", ""q2-2"": ""b"", ""q2-3"": ""c"", ""q2-4"": ""b"", ""q2-5"": ""b"", ""q2-6"": ""c"", ""q2-7"": ""d"", ""q2-8"": ""a"", ""q2-9"": ""a"", ""q2-10"": ""c""}",97143,260571
7738,2026-02-22T20:54:18.582573,BZ2,30,男,博士,瑶池,/home/ubuntu/workspace/image_voting_system/all_images/瑶池_seedream.jpg,seedream,D,35494,"{""q1-2"": ""b"", ""q1-1"": ""D"", ""q2-1"": ""a"", ""q2-2"": ""a"", ""q2-3"": ""b"", ""q2-4"": ""a"", ""q2-5"": ""e"", ""q2-6"": ""b"", ""q2-7"": ""d"", ""q2-8"": ""a"", ""q2-9"": ""b"", ""q2-10"": ""c""}",34037,69531
7739,2026-02-22T20:59:10.049752,BZ2,30,男,博士,江南逢李龟年,/home/ubuntu/workspace/image_voting_system/all_images/江南逢李龟年_gpt.jpg,gpt,B,228767,"{""q1-2"": ""b"", ""q1-1"": ""D"", ""q2-1"": ""a"", ""q2-2"": ""b"", ""q2-3"": ""b"", ""q2-4"": ""b"", ""q2-5"": ""a"", ""q2-6"": ""e"", ""q2-7"": ""d"", ""q2-8"": ""a"", ""q2-9"": ""b"", ""q2-10"": ""c""}",62700,291467
7740,2026-02-22T21:00:54.138140,BZ2,30,男,博士,送魏万之京,/home/ubuntu/workspace/image_voting_system/all_images/送魏万之京_seedream.jpg,seedream,B,71138,"{""q1-2"": ""b"", ""q1-1"": ""B"", ""q2-1"": ""a"", ""q2-2"": ""a"", ""q2-3"": ""b"", ""q2-4"": ""a"", ""q2-5"": ""a"", ""q2-6"": ""d"", ""q2-7"": ""a"", ""q2-8"": ""a"", ""q2-9"": ""a"", ""q2-10"": ""b""}",32950,104088
7741,2026-02-22T21:02:34.977794,BZ2,30,男,博士,韦讽录事宅观曹将军画马图,/home/ubuntu/workspace/image_voting_system/all_images/韦讽录事宅观曹将军画马图_gpt.jpg,gpt,D,71827,"{""q1-2"": ""c"", ""q1-1"": ""D"", ""q2-1"": ""a"", ""q2-2"": ""b"", ""q2-3"": ""c"", ""q2-4"": ""c"", ""q2-5"": ""e"", ""q2-6"": ""c"", ""q2-7"": ""d"", ""q2-8"": ""a"", ""q2-9"": ""b"", ""q2-10"": ""c""}",29013,100840
7742,2026-02-22T21:03:24.630645,BZ2,30,男,博士,送僧归日本,/home/ubuntu/workspace/image_voting_system/all_images/送僧归日本_nano.jpg,nano,C,20637,"{""q1-2"": ""a"", ""q1-1"": ""C"", ""q2-1"": ""a"", ""q2-2"": ""a"", ""q2-3"": ""b"", ""q2-4"": ""a"", ""q2-5"": ""a"", ""q2-6"": ""a"", ""q2-7"": ""a"", ""q2-8"": ""a"", ""q2-9"": ""a"", ""q2-10"": ""b""}",26698,47335
7743,2026-02-22T21:05:09.316119,BZ2,30,男,博士,子夜吴歌·春歌,/home/ubuntu/workspace/image_voting_system/all_images/子夜吴歌·春歌_seedream.jpg,seedream,D,70288,"{""q1-2"": ""a"", ""q1-1"": ""D"", ""q2-1"": ""a"", ""q2-2"": ""a"", ""q2-3"": ""a"", ""q2-4"": ""a"", ""q2-5"": ""e"", ""q2-6"": ""a"", ""q2-7"": ""a"", ""q2-8"": ""a"", ""q2-9"": ""a"", ""q2-10"": ""a""}",34398,104686
7744,2026-02-22T21:09:40.295353,BZ2,30,男,博士,寻南溪常山道人隐居,/home/ubuntu/workspace/image_voting_system/all_images/寻南溪常山道人隐居_nano.jpg,nano,D,234064,"{""q1-2"": ""b"", ""q1-1"": ""D"", ""q2-1"": ""a"", ""q2-2"": ""a"", ""q2-3"": ""a"", ""q2-5"": ""a"", ""q2-6"": ""a"", ""q2-7"": ""d"", ""q2-8"": ""a"", ""q2-9"": ""a"", ""q2-10"": ""a"", ""q2-4"": ""a""}",36915,270979
7745,2026-02-22T21:11:14.338341,BZ2,30,男,博士,轮台歌奉送封大夫出师西征,/home/ubuntu/workspace/image_voting_system/all_images/轮台歌奉送封大夫出师西征_nano.jpg,nano,A,51875,"{""q1-2"": ""b"", ""q1-1"": ""C"", ""q2-1"": ""a"", ""q2-2"": ""a"", ""q2-4"": ""a"", ""q2-5"": ""a"", ""q2-6"": ""a"", ""q2-7"": ""a"", ""q2-8"": ""a"", ""q2-9"": ""a"", ""q2-10"": ""a"", ""q2-3"": ""a""}",42168,94043
7746,2026-02-22T21:11:50.371579,BZ2,30,男,博士,望月怀远,/home/ubuntu/workspace/image_voting_system/all_images/望月怀远_nano.jpg,nano,C,20572,"{""q1-2"": ""a"", ""q1-1"": ""C"", ""q2-1"": ""a"", ""q2-2"": ""a"", ""q2-3"": ""a"", ""q2-4"": ""a"", ""q2-5"": ""a"", ""q2-6"": ""a"", ""q2-7"": ""a"", ""q2-8"": ""a"", ""q2-9"": ""a"", ""q2-10"": ""a""}",15462,36034
7747,2026-02-22T22:39:34.827291,高大王,32,女,硕士,静夜思,/home/ubuntu/workspace/image_voting_system/all_images/静夜思_mj.jpg,mj,D,8958277,"{""q1-2"": ""a"", ""q1-1"": ""B"", ""q2-1"": ""a"", ""q2-2"": ""b"", ""q2-3"": ""c"", ""q2-4"": ""c"", ""q2-5"": ""b"", ""q2-6"": ""c"", ""q2-7"": ""a"", ""q2-8"": ""d"", ""q2-9"": ""a"", ""q2-10"": ""d""}",64960,9023237
7748,2026-02-22T22:40:52.107903,高大王,32,女,硕士,送方外上人,/home/ubuntu/workspace/image_voting_system/all_images/送方外上人_gpt.jpg,gpt,B,38638,"{""q1-2"": ""a"", ""q1-1"": ""B"", ""q2-1"": ""a"", ""q2-2"": ""b"", ""q2-3"": ""a"", ""q2-4"": ""a"", ""q2-5"": ""a"", ""q2-6"": ""c"", ""q2-7"": ""a"", ""q2-8"": ""a"", ""q2-9"": ""a"", ""q2-10"": ""c""}",38643,77281
7749,2026-02-22T22:41:57.488025,高大王,32,女,硕士,秋夜曲,/home/ubuntu/workspace/image_voting_system/all_images/秋夜曲_nano.jpg,nano,B,35955,"{""q1-2"": ""a"", ""q1-1"": ""B"", ""q2-1"": ""a"", ""q2-2"": ""a"", ""q2-3"": ""b"", ""q2-4"": ""a"", ""q2-5"": ""a"", ""q2-6"": ""a"", ""q2-7"": ""a"", ""q2-8"": ""b"", ""q2-9"": ""a"", ""q2-10"": ""b""}",29425,65380
7750,2026-02-22T22:44:05.198064,高大王,32,女,硕士,夜上受降城闻笛,/home/ubuntu/workspace/image_voting_system/all_images/夜上受降城闻笛_gpt.jpg,gpt,C,80846,"{""q1-2"": ""c"", ""q1-1"": ""C"", ""q2-1"": ""a"", ""q2-2"": ""a"", ""q2-3"": ""b"", ""q2-4"": ""b"", ""q2-5"": ""b"", ""q2-6"": ""c"", ""q2-7"": ""a"", ""q2-8"": ""a"", ""q2-9"": ""a"", ""q2-10"": ""c""}",46864,127710
7751,2026-02-22T22:46:27.527653,高大王,32,女,硕士,送别·山中相送罢,/home/ubuntu/workspace/image_voting_system/all_images/送别·山中相送罢_seedream.jpg,seedream,D,75677,"{""q1-2"": ""a"", ""q1-1"": ""B"", ""q2-1"": ""a"", ""q2-2"": ""a"", ""q2-3"": ""b"", ""q2-4"": ""b"", ""q2-5"": ""a"", ""q2-6"": ""d"", ""q2-7"": ""a"", ""q2-8"": ""a"", ""q2-9"": ""a"", ""q2-10"": ""c""}",66653,142330
7752,2026-02-23T00:37:32.752823,高大王,32,女,硕士,长信秋词五首·其三,/home/ubuntu/workspace/image_voting_system/all_images/长信秋词五首·其三_mj.jpg,mj,B,21055,"{""q1-2"": ""a"", ""q1-1"": ""B"", ""q2-1"": ""a"", ""q2-2"": ""a"", ""q2-3"": ""a"", ""q2-4"": ""a"", ""q2-5"": ""a"", ""q2-6"": ""c"", ""q2-7"": ""a"", ""q2-8"": ""a"", ""q2-9"": ""a"", ""q2-10"": ""b""}",39001,60056
7753,2026-02-23T00:39:47.746580,高大王,32,女,硕士,行路难·其二,/home/ubuntu/workspace/image_voting_system/all_images/行路难·其二_seedream.jpg,seedream,C,85647,"{""q1-2"": ""a"", ""q1-1"": ""C"", ""q2-1"": ""a"", ""q2-2"": ""a"", ""q2-3"": ""a"", ""q2-4"": ""a"", ""q2-5"": ""a"", ""q2-6"": ""b"", ""q2-7"": ""a"", ""q2-8"": ""a"", ""q2-9"": ""a"", ""q2-10"": ""b""}",49347,134994
7754,2026-02-23T00:45:06.766059,高大王,32,女,硕士,岁暮归南山,/home/ubuntu/workspace/image_voting_system/all_images/岁暮归南山_nano.jpg,nano,A,293386,"{""q1-2"": ""b"", ""q1-1"": ""A"", ""q2-1"": ""a"", ""q2-2"": ""a"", ""q2-3"": ""a"", ""q2-4"": ""b"", ""q2-5"": ""a"", ""q2-6"": ""a"", ""q2-7"": ""a"", ""q2-8"": ""a"", ""q2-9"": ""a"", ""q2-10"": ""b""}",25633,319019
7755,2026-02-23T00:48:43.453669,高大王,32,女,硕士,新年作,/home/ubuntu/workspace/image_voting_system/all_images/新年作_nano.jpg,nano,A,183398,"{""q1-2"": ""b"", ""q1-1"": ""A"", ""q2-1"": ""a"", ""q2-2"": ""a"", ""q2-3"": ""a"", ""q2-4"": ""a"", ""q2-5"": ""a"", ""q2-6"": ""a"", ""q2-7"": ""a"", ""q2-8"": ""a"", ""q2-9"": ""a"", ""q2-10"": ""b""}",33290,216688
7756,2026-02-23T00:53:48.215552,高大王,32,女,硕士,长沙过贾谊宅,/home/ubuntu/workspace/image_voting_system/all_images/长沙过贾谊宅_seedream.jpg,seedream,D,167405,"{""q1-2"": ""b"", ""q1-1"": ""D"", ""q2-1"": ""a"", ""q2-2"": ""a"", ""q2-3"": ""a"", ""q2-4"": ""a"", ""q2-5"": ""a"", ""q2-6"": ""d"", ""q2-7"": ""a"", ""q2-8"": ""a"", ""q2-9"": ""a"", ""q2-10"": ""b""}",137357,304762
7757,2026-02-23T00:56:41.823471,高大王,32,女,硕士,利州南渡,/home/ubuntu/workspace/image_voting_system/all_images/利州南渡_seedream.jpg,seedream,C,110688,"{""q1-2"": ""a"", ""q1-1"": ""C"", ""q2-1"": ""a"", ""q2-2"": ""a"", ""q2-3"": ""b"", ""q2-4"": ""a"", ""q2-5"": ""a"", ""q2-6"": ""c"", ""q2-7"": ""a"", ""q2-8"": ""a"", ""q2-9"": ""a"", ""q2-10"": ""b""}",61811,172499
7758,2026-02-23T01:02:17.245574,高大王,32,女,硕士,宣州谢朓楼饯别校书叔云,/home/ubuntu/workspace/image_voting_system/all_images/宣州谢朓楼饯别校书叔云_mj.jpg,mj,C,85880,"{""q1-2"": ""a"", ""q1-1"": ""A"", ""q2-1"": ""a"", ""q2-2"": ""c"", ""q2-3"": ""c"", ""q2-4"": ""c"", ""q2-5"": ""c"", ""q2-6"": ""c"", ""q2-7"": ""a"", ""q2-8"": ""d"", ""q2-9"": ""b"", ""q2-10"": ""e""}",249543,335423
7759,2026-02-23T01:09:01.010650,高大王,32,女,硕士,梦游天姥吟留别,/home/ubuntu/workspace/image_voting_system/all_images/梦游天姥吟留别_nano.jpg,nano,B,331645,"{""q1-2"": ""a"", ""q1-1"": ""B"", ""q2-1"": ""a"", ""q2-2"": ""a"", ""q2-3"": ""a"", ""q2-4"": ""a"", ""q2-5"": ""a"", ""q2-6"": ""c"", ""q2-7"": ""a"", ""q2-8"": ""a"", ""q2-9"": ""a"", ""q2-10"": ""a""}",72120,403765
7760,2026-02-23T01:11:41.067623,高大王,32,女,硕士,谷口书斋寄杨补阙,/home/ubuntu/workspace/image_voting_system/all_images/谷口书斋寄杨补阙_mj.jpg,mj,D,114032,"{""q1-2"": ""c"", ""q1-1"": ""D"", ""q2-1"": ""a"", ""q2-2"": ""b"", ""q2-3"": ""b"", ""q2-4"": ""b"", ""q2-5"": ""b"", ""q2-6"": ""c"", ""q2-7"": ""a"", ""q2-8"": ""d"", ""q2-9"": ""b"", ""q2-10"": ""d""}",46025,160057
7761,2026-02-23T01:17:39.160312,高大王,32,女,硕士,夜归鹿门山歌,/home/ubuntu/workspace/image_voting_system/all_images/夜归鹿门山歌_seedream.jpg,seedream,C,152691,"{""q1-2"": ""a"", ""q1-1"": ""C"", ""q2-1"": ""a"", ""q2-2"": ""a"", ""q2-3"": ""b"", ""q2-4"": ""a"", ""q2-5"": ""a"", ""q2-6"": ""c"", ""q2-7"": ""a"", ""q2-8"": ""a"", ""q2-9"": ""a"", ""q2-10"": ""b""}",205401,358092
7762,2026-02-23T01:47:17.518146,BZ3,30,男,博士,赠内人,/home/ubuntu/workspace/image_voting_system/all_images/赠内人_nano.jpg,nano,D,46331,"{""q1-2"": ""a"", ""q1-1"": ""D"", ""q2-1"": ""a"", ""q2-2"": ""a"", ""q2-3"": ""a"", ""q2-4"": ""a"", ""q2-5"": ""e"", ""q2-6"": ""b"", ""q2-7"": ""a"", ""q2-8"": ""a"", ""q2-9"": ""a"", ""q2-10"": ""a""}",34333,80664
7763,2026-02-23T02:02:26.742477,高大王,32,女,硕士,送梓州李使君,/home/ubuntu/workspace/image_voting_system/all_images/送梓州李使君_gpt.jpg,gpt,C,2638352,"{""q1-2"": ""d"", ""q1-1"": ""C"", ""q2-1"": ""a"", ""q2-2"": ""b"", ""q2-3"": ""c"", ""q2-4"": ""c"", ""q2-5"": ""b"", ""q2-6"": ""c"", ""q2-7"": ""a"", ""q2-8"": ""a"", ""q2-9"": ""a"", ""q2-10"": ""d""}",47857,2686209
7764,2026-02-23T02:05:22.054069,高大王,32,女,硕士,寻西山隐者不遇,/home/ubuntu/workspace/image_voting_system/all_images/寻西山隐者不遇_mj.jpg,mj,C,157643,"{""q1-2"": ""a"", ""q1-1"": ""C"", ""q2-1"": ""a"", ""q2-2"": ""a"", ""q2-3"": ""a"", ""q2-4"": ""a"", ""q2-5"": ""a"", ""q2-6"": ""c"", ""q2-7"": ""a"", ""q2-8"": ""a"", ""q2-9"": ""a"", ""q2-10"": ""a""}",17669,175312
7765,2026-02-23T02:07:39.778311,高大王,32,女,硕士,贾生,/home/ubuntu/workspace/image_voting_system/all_images/贾生_seedream.jpg,seedream,B,20126,"{""q1-2"": ""e"", ""q1-1"": ""B"", ""q2-1"": ""a"", ""q2-2"": ""a"", ""q2-3"": ""b"", ""q2-4"": ""b"", ""q2-5"": ""a"", ""q2-6"": ""c"", ""q2-7"": ""a"", ""q2-8"": ""a"", ""q2-9"": ""a"", ""q2-10"": ""c""}",117598,137724
7766,2026-02-23T02:09:22.306489,高大王,32,女,硕士,长干曲四首·其二,/home/ubuntu/workspace/image_voting_system/all_images/长干曲四首·其二_nano.jpg,nano,D,56612,"{""q1-2"": ""a"", ""q1-1"": ""D"", ""q2-1"": ""a"", ""q2-2"": ""a"", ""q2-3"": ""a"", ""q2-4"": ""a"", ""q2-5"": ""a"", ""q2-6"": ""c"", ""q2-7"": ""a"", ""q2-8"": ""a"", ""q2-9"": ""a"", ""q2-10"": ""c""}",45917,102529
7767,2026-02-23T02:11:19.654486,高大王,32,女,硕士,辋川闲居赠裴秀才迪,/home/ubuntu/workspace/image_voting_system/all_images/辋川闲居赠裴秀才迪_nano.jpg,nano,C,97907,"{""q1-2"": ""a"", ""q1-1"": ""C"", ""q2-1"": ""a"", ""q2-2"": ""a"", ""q2-3"": ""a"", ""q2-4"": ""a"", ""q2-5"": ""a"", ""q2-6"": ""c"", ""q2-7"": ""a"", ""q2-8"": ""a"", ""q2-9"": ""a"", ""q2-10"": ""b""}",19440,117347
7768,2026-02-23T02:14:03.873005,高大王,32,女,硕士,玉台体,/home/ubuntu/workspace/image_voting_system/all_images/玉台体_mj.jpg,mj,C,63638,"{""q1-2"": ""a"", ""q1-1"": ""C"", ""q2-1"": ""a"", ""q2-2"": ""b"", ""q2-3"": ""c"", ""q2-4"": ""b"", ""q2-5"": ""e"", ""q2-6"": ""b"", ""q2-7"": ""b"", ""q2-8"": ""d"", ""q2-9"": ""b"", ""q2-10"": ""d""}",99564,163202
7769,2026-02-23T02:25:57.023233,BZ3,30,男,博士,古从军行,/home/ubuntu/workspace/image_voting_system/all_images/古从军行_gpt.jpg,gpt,D,55964,"{""q1-2"": ""a"", ""q1-1"": ""D"", ""q2-1"": ""a"", ""q2-2"": ""b"", ""q2-3"": ""b"", ""q2-4"": ""b"", ""q2-6"": ""b"", ""q2-7"": ""a"", ""q2-8"": ""a"", ""q2-9"": ""b"", ""q2-10"": ""c"", ""q2-5"": ""a""}",2263541,2319505
7770,2026-02-23T02:28:02.586111,BZ3,30,男,博士,和张仆射塞下曲·其四,/home/ubuntu/workspace/image_voting_system/all_images/和张仆射塞下曲·其四_mj.jpg,mj,A,32489,"{""q1-2"": ""d"", ""q1-1"": ""D"", ""q2-1"": ""a"", ""q2-2"": ""c"", ""q2-3"": ""c"", ""q2-4"": ""b"", ""q2-5"": ""e"", ""q2-6"": ""c"", ""q2-7"": ""c"", ""q2-8"": ""d"", ""q2-9"": ""c"", ""q2-10"": ""d""}",93074,125563
7771,2026-02-23T02:29:32.045491,BZ3,30,男,博士,奉和圣制从蓬莱向兴庆阁道中留春雨中春望之作应制,/home/ubuntu/workspace/image_voting_system/all_images/奉和圣制从蓬莱向兴庆阁道中留春雨中春望之作应制_mj.jpg,mj,C,67458,"{""q1-2"": ""b"", ""q1-1"": ""C"", ""q2-1"": ""a"", ""q2-2"": ""a"", ""q2-3"": ""a"", ""q2-4"": ""a"", ""q2-5"": ""a"", ""q2-6"": ""c"", ""q2-7"": ""d"", ""q2-8"": ""a"", ""q2-9"": ""a"", ""q2-10"": ""a""}",22002,89460
7772,2026-02-23T02:38:45.329484,BZ3,30,男,博士,独不见,/home/ubuntu/workspace/image_voting_system/all_images/独不见_seedream.jpg,seedream,B,488853,"{""q1-2"": ""a"", ""q1-1"": ""B"", ""q2-1"": ""a"", ""q2-2"": ""a"", ""q2-3"": ""b"", ""q2-4"": ""a"", ""q2-5"": ""a"", ""q2-6"": ""a"", ""q2-7"": ""b"", ""q2-8"": ""a"", ""q2-9"": ""a"", ""q2-10"": ""b""}",64431,553284
7773,2026-02-23T02:40:14.495938,BZ3,30,男,博士,马嵬坡,/home/ubuntu/workspace/image_voting_system/all_images/马嵬坡_seedream.jpg,seedream,D,58036,"{""q1-2"": ""b"", ""q1-1"": ""D"", ""q2-1"": ""a"", ""q2-2"": ""a"", ""q2-3"": ""a"", ""q2-4"": ""b"", ""q2-5"": ""e"", ""q2-6"": ""b"", ""q2-7"": ""a"", ""q2-8"": ""a"", ""q2-9"": ""a"", ""q2-10"": ""b""}",31130,89166
7774,2026-02-23T03:02:40.423334,LuoLuo,30,男,硕士,宣州谢朓楼饯别校书叔云,/home/ubuntu/workspace/image_voting_system/all_images/宣州谢朓楼饯别校书叔云_seedream.jpg,seedream,C,28073,"{""q1-2"": ""e"", ""q1-1"": ""C"", ""q2-1"": ""a"", ""q2-2"": ""a"", ""q2-3"": ""b"", ""q2-4"": ""b"", ""q2-5"": ""a"", ""q2-6"": ""b"", ""q2-7"": ""a"", ""q2-8"": ""a"", ""q2-9"": ""a"", ""q2-10"": ""b""}",41225,69298
7775,2026-02-23T03:03:53.199444,LuoLuo,30,男,硕士,送李中丞之襄州,/home/ubuntu/workspace/image_voting_system/all_images/送李中丞之襄州_mj.jpg,mj,A,19138,"{""q1-2"": ""c"", ""q1-1"": ""D"", ""q2-1"": ""b"", ""q2-2"": ""c"", ""q2-3"": ""c"", ""q2-4"": ""c"", ""q2-5"": ""d"", ""q2-6"": ""d"", ""q2-7"": ""d"", ""q2-8"": ""a"", ""q2-9"": ""c"", ""q2-10"": ""e""}",53639,72777
7776,2026-02-23T03:04:36.723343,LuoLuo,30,男,硕士,听蜀僧濬弹琴,/home/ubuntu/workspace/image_voting_system/all_images/听蜀僧濬弹琴_gpt.jpg,gpt,A,8506,"{""q1-2"": ""c"", ""q1-1"": ""A"", ""q2-1"": ""a"", ""q2-2"": ""b"", ""q2-3"": ""b"", ""q2-4"": ""b"", ""q2-5"": ""a"", ""q2-6"": ""b"", ""q2-7"": ""a"", ""q2-8"": ""a"", ""q2-9"": ""a"", ""q2-10"": ""b""}",33573,42079
7777,2026-02-23T03:05:52.387090,LuoLuo,30,男,硕士,旅宿,/home/ubuntu/workspace/image_voting_system/all_images/旅宿_mj.jpg,mj,C,56417,"{""q1-2"": ""b"", ""q1-1"": ""C"", ""q2-1"": ""a"", ""q2-2"": ""a"", ""q2-3"": ""a"", ""q2-4"": ""a"", ""q2-5"": ""a"", ""q2-6"": ""c"", ""q2-7"": ""a"", ""q2-8"": ""b"", ""q2-9"": ""a"", ""q2-10"": ""a""}",19247,75664
7778,2026-02-23T03:07:26.900682,LuoLuo,30,男,硕士,石鱼湖上醉歌,/home/ubuntu/workspace/image_voting_system/all_images/石鱼湖上醉歌_mj.jpg,mj,B,50077,"{""q1-2"": ""c"", ""q1-1"": ""B"", ""q2-1"": ""b"", ""q2-2"": ""b"", ""q2-3"": ""b"", ""q2-4"": ""b"", ""q2-5"": ""b"", ""q2-6"": ""d"", ""q2-7"": ""b"", ""q2-8"": ""a"", ""q2-9"": ""b"", ""q2-10"": ""d""}",44437,94514
7779,2026-02-23T03:08:26.594617,LuoLuo,30,男,硕士,春望,/home/ubuntu/workspace/image_voting_system/all_images/春望_gpt.jpg,gpt,D,21658,"{""q1-2"": ""b"", ""q1-1"": ""D"", ""q2-1"": ""a"", ""q2-2"": ""a"", ""q2-3"": ""a"", ""q2-4"": ""b"", ""q2-5"": ""a"", ""q2-6"": ""a"", ""q2-7"": ""a"", ""q2-8"": ""a"", ""q2-9"": ""a"", ""q2-10"": ""b""}",38036,59694
7780,2026-02-23T03:09:23.558052,LuoLuo,30,男,硕士,古柏行,/home/ubuntu/workspace/image_voting_system/all_images/古柏行_seedream.jpg,seedream,A,13164,"{""q1-2"": ""c"", ""q1-1"": ""A"", ""q2-1"": ""a"", ""q2-2"": ""b"", ""q2-3"": ""b"", ""q2-4"": ""b"", ""q2-5"": ""a"", ""q2-6"": ""c"", ""q2-7"": ""b"", ""q2-8"": ""a"", ""q2-9"": ""b"", ""q2-10"": ""c""}",43799,56963
7781,2026-02-23T03:10:25.233874,LuoLuo,30,男,硕士,凉州词,/home/ubuntu/workspace/image_voting_system/all_images/凉州词_nano.jpg,nano,A,26830,"{""q1-2"": ""c"", ""q1-1"": ""A"", ""q2-1"": ""a"", ""q2-2"": ""b"", ""q2-3"": ""c"", ""q2-4"": ""c"", ""q2-5"": ""c"", ""q2-6"": ""e"", ""q2-7"": ""c"", ""q2-8"": ""a"", ""q2-9"": ""b"", ""q2-10"": ""d""}",31240,58070
7782,2026-02-23T03:11:07.236921,LuoLuo,30,男,硕士,宫词·寂寂花时闭院门,/home/ubuntu/workspace/image_voting_system/all_images/宫词·寂寂花时闭院门_nano.jpg,nano,C,21601,"{""q1-2"": ""c"", ""q1-1"": ""C"", ""q2-1"": ""a"", ""q2-2"": ""a"", ""q2-3"": ""a"", ""q2-4"": ""b"", ""q2-5"": ""a"", ""q2-6"": ""b"", ""q2-7"": ""a"", ""q2-8"": ""a"", ""q2-9"": ""a"", ""q2-10"": ""b""}",20402,42003
7783,2026-02-23T03:13:20.093012,LuoLuo,30,男,硕士,谒衡岳庙遂宿岳寺题门楼,/home/ubuntu/workspace/image_voting_system/all_images/谒衡岳庙遂宿岳寺题门楼_nano.jpg,nano,D,75832,"{""q1-2"": ""b"", ""q1-1"": ""D"", ""q2-1"": ""a"", ""q2-2"": ""b"", ""q2-3"": ""c"", ""q2-4"": ""b"", ""q2-5"": ""a"", ""q2-6"": ""d"", ""q2-7"": ""a"", ""q2-8"": ""b"", ""q2-9"": ""a"", ""q2-10"": ""c""}",57024,132856
7784,2026-02-23T03:14:15.965016,LuoLuo,30,男,硕士,闺怨,/home/ubuntu/workspace/image_voting_system/all_images/闺怨_seedream.jpg,seedream,C,16736,"{""q1-2"": ""b"", ""q1-1"": ""C"", ""q2-1"": ""a"", ""q2-2"": ""a"", ""q2-3"": ""a"", ""q2-4"": ""b"", ""q2-5"": ""a"", ""q2-6"": ""e"", ""q2-7"": ""a"", ""q2-8"": ""a"", ""q2-9"": ""a"", ""q2-10"": ""b""}",39136,55872
7785,2026-02-23T03:15:11.143997,LuoLuo,30,男,硕士,贫女,/home/ubuntu/workspace/image_voting_system/all_images/贫女_nano.jpg,nano,D,6573,"{""q1-2"": ""c"", ""q1-1"": ""D"", ""q2-1"": ""a"", ""q2-2"": ""a"", ""q2-3"": ""a"", ""q2-4"": ""a"", ""q2-5"": ""a"", ""q2-7"": ""b"", ""q2-8"": ""a"", ""q2-9"": ""a"", ""q2-10"": ""b"", ""q2-6"": ""a""}",48606,55179
7786,2026-02-23T03:16:56.009643,BZ3,30,男,博士,春宫怨,/home/ubuntu/workspace/image_voting_system/all_images/春宫怨_seedream.jpg,seedream,A,2140822,"{""q1-2"": ""b"", ""q1-1"": ""A"", ""q2-1"": ""a"", ""q2-2"": ""a"", ""q2-3"": ""a"", ""q2-4"": ""a"", ""q2-5"": ""e"", ""q2-6"": ""a"", ""q2-7"": ""a"", ""q2-8"": ""a"", ""q2-9"": ""a"", ""q2-10"": ""a""}",60692,2201514
7787,2026-02-23T03:21:19.325435,LuoLuo,30,男,硕士,送李中丞之襄州,/home/ubuntu/workspace/image_voting_system/all_images/送李中丞之襄州_seedream.jpg,seedream,A,343288,"{""q1-2"": ""a"", ""q1-1"": ""A"", ""q2-1"": ""a"", ""q2-2"": ""a"", ""q2-3"": ""a"", ""q2-4"": ""a"", ""q2-5"": ""a"", ""q2-6"": ""a"", ""q2-7"": ""a"", ""q2-8"": ""a"", ""q2-9"": ""a"", ""q2-10"": ""a""}",23658,366946
7788,2026-02-23T03:21:22.014247,BZ3,30,男,博士,夜泊牛渚怀古,/home/ubuntu/workspace/image_voting_system/all_images/夜泊牛渚怀古_mj.jpg,mj,C,48110,"{""q1-2"": ""b"", ""q1-1"": ""C"", ""q2-1"": ""a"", ""q2-2"": ""c"", ""q2-3"": ""b"", ""q2-4"": ""a"", ""q2-5"": ""a"", ""q2-6"": ""c"", ""q2-7"": ""d"", ""q2-8"": ""a"", ""q2-9"": ""b"", ""q2-10"": ""c""}",217894,266004
7789,2026-02-23T03:22:15.300427,LuoLuo,30,男,硕士,将进酒,/home/ubuntu/workspace/image_voting_system/all_images/将进酒_gpt.jpg,gpt,D,15568,"{""q1-2"": ""a"", ""q1-1"": ""D"", ""q2-1"": ""a"", ""q2-2"": ""b"", ""q2-3"": ""a"", ""q2-4"": ""a"", ""q2-5"": ""a"", ""q2-6"": ""b"", ""q2-7"": ""a"", ""q2-8"": ""a"", ""q2-9"": ""a"", ""q2-10"": ""b""}",40407,55975
7790,2026-02-23T03:23:03.662647,BZ3,30,男,博士,旅夜书怀,/home/ubuntu/workspace/image_voting_system/all_images/旅夜书怀_mj.jpg,mj,C,76081,"{""q1-2"": ""b"", ""q1-1"": ""C"", ""q2-1"": ""a"", ""q2-2"": ""a"", ""q2-3"": ""a"", ""q2-4"": ""a"", ""q2-5"": ""a"", ""q2-6"": ""c"", ""q2-7"": ""d"", ""q2-8"": ""a"", ""q2-9"": ""a"", ""q2-10"": ""a""}",25568,101649
7791,2026-02-23T03:23:27.096983,LuoLuo,30,男,硕士,静夜思,/home/ubuntu/workspace/image_voting_system/all_images/静夜思_gpt.jpg,gpt,B,33505,"{""q1-2"": ""b"", ""q1-1"": ""B"", ""q2-1"": ""a"", ""q2-2"": ""a"", ""q2-3"": ""b"", ""q2-4"": ""a"", ""q2-5"": ""a"", ""q2-6"": ""b"", ""q2-7"": ""b"", ""q2-8"": ""a"", ""q2-9"": ""a"", ""q2-10"": ""c""}",38291,71796
7792,2026-02-23T03:24:29.400409,LuoLuo,30,男,硕士,锦瑟,/home/ubuntu/workspace/image_voting_system/all_images/锦瑟_seedream.jpg,seedream,D,18880,"{""q1-2"": ""c"", ""q1-1"": ""D"", ""q2-1"": ""a"", ""q2-2"": ""b"", ""q2-3"": ""b"", ""q2-4"": ""c"", ""q2-5"": ""e"", ""q2-6"": ""d"", ""q2-7"": ""b"", ""q2-8"": ""a"", ""q2-9"": ""b"", ""q2-10"": ""d""}",43423,62303
7793,2026-02-23T03:25:25.046731,LuoLuo,30,男,硕士,李端公,/home/ubuntu/workspace/image_voting_system/all_images/李端公_seedream.jpg,seedream,C,19840,"{""q1-2"": ""b"", ""q1-1"": ""C"", ""q2-1"": ""a"", ""q2-2"": ""b"", ""q2-3"": ""b"", ""q2-4"": ""a"", ""q2-5"": ""a"", ""q2-6"": ""c"", ""q2-7"": ""a"", ""q2-8"": ""a"", ""q2-9"": ""b"", ""q2-10"": ""b""}",35807,55647
7794,2026-02-23T03:27:38.054158,BZ3,30,男,博士,长干行·其一,/home/ubuntu/workspace/image_voting_system/all_images/长干行·其一_seedream.jpg,seedream,D,231358,"{""q1-2"": ""a"", ""q1-1"": ""D"", ""q2-1"": ""a"", ""q2-2"": ""a"", ""q2-3"": ""c"", ""q2-4"": ""b"", ""q2-5"": ""e"", ""q2-6"": ""b"", ""q2-7"": ""b"", ""q2-8"": ""a"", ""q2-9"": ""b"", ""q2-10"": ""c""}",43033,274391
7795,2026-02-23T03:31:27.635227,BZ3,30,男,博士,金谷园,/home/ubuntu/workspace/image_voting_system/all_images/金谷园_nano.jpg,nano,C,166351,"{""q1-2"": ""b"", ""q1-1"": ""C"", ""q2-1"": ""a"", ""q2-2"": ""a"", ""q2-3"": ""b"", ""q2-5"": ""a"", ""q2-6"": ""b"", ""q2-7"": ""d"", ""q2-8"": ""a"", ""q2-9"": ""a"", ""q2-10"": ""b"", ""q2-4"": ""b""}",60603,226954
7796,2026-02-23T03:35:16.035335,BZ3,30,男,博士,听董大弹胡笳声兼寄语弄房给事,/home/ubuntu/workspace/image_voting_system/all_images/听董大弹胡笳声兼寄语弄房给事_mj.jpg,mj,A,184252,"{""q1-2"": ""b"", ""q1-1"": ""A"", ""q2-1"": ""a"", ""q2-2"": ""b"", ""q2-3"": ""a"", ""q2-4"": ""b"", ""q2-5"": ""a"", ""q2-6"": ""a"", ""q2-7"": ""d"", ""q2-8"": ""d"", ""q2-9"": ""a"", ""q2-10"": ""b""}",44148,228400
7797,2026-02-23T03:37:16.008794,BZ3,30,男,博士,八阵图,/home/ubuntu/workspace/image_voting_system/all_images/八阵图_gpt.jpg,gpt,D,58783,"{""q1-2"": ""c"", ""q1-1"": ""D"", ""q2-1"": ""a"", ""q2-2"": ""b"", ""q2-3"": ""b"", ""q2-4"": ""b"", ""q2-5"": ""e"", ""q2-6"": ""f"", ""q2-7"": ""d"", ""q2-8"": ""a"", ""q2-9"": ""b"", ""q2-10"": ""c""}",61191,119974
7798,2026-02-23T04:01:09.833413,LuoLuo,30,男,硕士,郡斋雨中与诸文士燕集,/home/ubuntu/workspace/image_voting_system/all_images/郡斋雨中与诸文士燕集_gpt.jpg,gpt,C,11376,"{""q1-2"": ""c"", ""q1-1"": ""C"", ""q2-1"": ""b"", ""q2-2"": ""a"", ""q2-3"": ""b"", ""q2-4"": ""c"", ""q2-5"": ""a"", ""q2-6"": ""e"", ""q2-7"": ""a"", ""q2-8"": ""a"", ""q2-9"": ""a"", ""q2-10"": ""c""}",37655,49031
7799,2026-02-23T04:02:25.720350,LuoLuo,30,男,硕士,行路难·其一,/home/ubuntu/workspace/image_voting_system/all_images/行路难·其一_nano.jpg,nano,C,26706,"{""q1-2"": ""b"", ""q1-1"": ""A"", ""q2-1"": ""a"", ""q2-2"": ""b"", ""q2-3"": ""c"", ""q2-4"": ""d"", ""q2-5"": ""c"", ""q2-6"": ""d"", ""q2-7"": ""a"", ""q2-8"": ""a"", ""q2-9"": ""b"", ""q2-10"": ""e""}",49181,75887
7800,2026-02-23T04:03:13.026594,LuoLuo,30,男,硕士,已凉,/home/ubuntu/workspace/image_voting_system/all_images/已凉_gpt.jpg,gpt,B,11450,"{""q1-2"": ""a"", ""q1-1"": ""B"", ""q2-1"": ""a"", ""q2-2"": ""a"", ""q2-3"": ""a"", ""q2-4"": ""b"", ""q2-5"": ""a"", ""q2-6"": ""b"", ""q2-7"": ""a"", ""q2-8"": ""a"", ""q2-9"": ""a"", ""q2-10"": ""b""}",35857,47307
7801,2026-02-23T04:04:02.625441,LuoLuo,30,男,硕士,遣怀,/home/ubuntu/workspace/image_voting_system/all_images/遣怀_gpt.jpg,gpt,B,14148,"{""q1-2"": ""c"", ""q1-1"": ""D"", ""q2-1"": ""a"", ""q2-2"": ""a"", ""q2-3"": ""b"", ""q2-4"": ""c"", ""q2-5"": ""e"", ""q2-6"": ""e"", ""q2-7"": ""a"", ""q2-8"": ""a"", ""q2-9"": ""a"", ""q2-10"": ""d""}",35449,49597
7802,2026-02-23T04:06:34.933654,LuoLuo,30,男,硕士,行经华山,/home/ubuntu/workspace/image_voting_system/all_images/行经华山_seedream.jpg,seedream,C,128439,"{""q1-2"": ""c"", ""q1-1"": ""C"", ""q2-1"": ""a"", ""q2-2"": ""c"", ""q2-3"": ""b"", ""q2-4"": ""b"", ""q2-5"": ""a"", ""q2-6"": ""c"", ""q2-7"": ""a"", ""q2-8"": ""a"", ""q2-9"": ""b"", ""q2-10"": ""c""}",23871,152310
7803,2026-02-23T05:15:44.109914,BZ3,30,男,博士,山石,/home/ubuntu/workspace/image_voting_system/all_images/山石_mj.jpg,mj,A,5870493,"{""q1-2"": ""a"", ""q1-1"": ""A"", ""q2-1"": ""a"", ""q2-2"": ""b"", ""q2-3"": ""a"", ""q2-4"": ""a"", ""q2-5"": ""a"", ""q2-6"": ""c"", ""q2-7"": ""d"", ""q2-8"": ""d"", ""q2-9"": ""a"", ""q2-10"": ""b""}",37608,5908101
7804,2026-02-23T05:50:09.675452,BZ3,30,男,博士,送梓州李使君,/home/ubuntu/workspace/image_voting_system/all_images/送梓州李使君_mj.jpg,mj,B,2022228,"{""q1-2"": ""c"", ""q1-1"": ""B"", ""q2-1"": ""a"", ""q2-2"": ""c"", ""q2-3"": ""b"", ""q2-4"": ""b"", ""q2-5"": ""e"", ""q2-6"": ""c"", ""q2-7"": ""d"", ""q2-8"": ""a"", ""q2-9"": ""c"", ""q2-10"": ""c""}",43338,2065566
7805,2026-02-23T05:51:27.477435,BZ3,30,男,博士,望岳,/home/ubuntu/workspace/image_voting_system/all_images/望岳_gpt.jpg,gpt,C,37071,"{""q1-2"": ""b"", ""q1-1"": ""C"", ""q2-1"": ""a"", ""q2-2"": ""a"", ""q2-3"": ""a"", ""q2-4"": ""a"", ""q2-5"": ""a"", ""q2-6"": ""c"", ""q2-7"": ""d"", ""q2-8"": ""a"", ""q2-9"": ""a"", ""q2-10"": ""a""}",38911,75982
7806,2026-02-23T05:55:20.875803,BZ3,30,男,博士,阁夜,/home/ubuntu/workspace/image_voting_system/all_images/阁夜_nano.jpg,nano,D,198726,"{""q1-2"": ""b"", ""q1-1"": ""D"", ""q2-1"": ""a"", ""q2-2"": ""a"", ""q2-3"": ""a"", ""q2-4"": ""a"", ""q2-5"": ""a"", ""q2-6"": ""b"", ""q2-7"": ""d"", ""q2-8"": ""a"", ""q2-9"": ""a"", ""q2-10"": ""a""}",34672,233398
7807,2026-02-23T05:56:12.056740,BZ3,30,男,博士,早发白帝城,/home/ubuntu/workspace/image_voting_system/all_images/早发白帝城_mj.jpg,mj,B,22624,"{""q1-2"": ""a"", ""q1-1"": ""B"", ""q2-1"": ""a"", ""q2-2"": ""a"", ""q2-3"": ""a"", ""q2-4"": ""a"", ""q2-5"": ""a"", ""q2-6"": ""c"", ""q2-7"": ""d"", ""q2-8"": ""a"", ""q2-9"": ""a"", ""q2-10"": ""a""}",28557,51181
7808,2026-02-23T05:59:07.983701,BZ3,30,男,博士,出塞,/home/ubuntu/workspace/image_voting_system/all_images/出塞_gpt.jpg,gpt,A,138277,"{""q1-2"": ""b"", ""q1-1"": ""A"", ""q2-1"": ""a"", ""q2-2"": ""b"", ""q2-3"": ""a"", ""q2-4"": ""a"", ""q2-5"": ""a"", ""q2-6"": ""a"", ""q2-7"": ""d"", ""q2-8"": ""a"", ""q2-9"": ""b"", ""q2-10"": ""b""}",37650,175927
7809,2026-02-23T06:01:21.322105,BZ3,30,男,博士,春思·莺啼燕语报新年,/home/ubuntu/workspace/image_voting_system/all_images/春思·莺啼燕语报新年_mj.jpg,mj,B,56203,"{""q1-2"": ""b"", ""q1-1"": ""B"", ""q2-1"": ""a"", ""q2-3"": ""a"", ""q2-4"": ""a"", ""q2-5"": ""a"", ""q2-6"": ""c"", ""q2-7"": ""d"", ""q2-9"": ""a"", ""q2-8"": ""b"", ""q2-10"": ""b"", ""q2-2"": ""b""}",77135,133338
7810,2026-02-23T06:04:45.479092,BZ3,30,男,博士,早秋三首·其一,/home/ubuntu/workspace/image_voting_system/all_images/早秋三首·其一_nano.jpg,nano,A,60138,"{""q1-2"": ""b"", ""q1-1"": ""A"", ""q2-1"": ""a"", ""q2-2"": ""b"", ""q2-3"": ""b"", ""q2-4"": ""a"", ""q2-5"": ""a"", ""q2-6"": ""c"", ""q2-7"": ""d"", ""q2-8"": ""a"", ""q2-9"": ""a"", ""q2-10"": ""b""}",142471,202609
7811,2026-02-23T06:06:31.597957,BZ3,30,男,博士,丽人行,/home/ubuntu/workspace/image_voting_system/all_images/丽人行_seedream.jpg,seedream,A,68225,"{""q1-2"": ""a"", ""q1-1"": ""A"", ""q2-1"": ""a"", ""q2-2"": ""a"", ""q2-3"": ""a"", ""q2-4"": ""a"", ""q2-5"": ""a"", ""q2-6"": ""a"", ""q2-7"": ""b"", ""q2-8"": ""a"", ""q2-9"": ""a"", ""q2-10"": ""b""}",37894,106119
7812,2026-02-23T06:09:59.881213,BZ3,30,男,博士,终南别业,/home/ubuntu/workspace/image_voting_system/all_images/终南别业_seedream.jpg,seedream,A,178760,"{""q1-2"": ""a"", ""q1-1"": ""A"", ""q2-1"": ""a"", ""q2-2"": ""a"", ""q2-3"": ""a"", ""q2-4"": ""a"", ""q2-5"": ""a"", ""q2-6"": ""a"", ""q2-7"": ""d"", ""q2-8"": ""a"", ""q2-9"": ""a"", ""q2-10"": ""a""}",29523,208283
7813,2026-02-23T06:12:31.418006,BZ3,30,男,博士,自夏口至鹦鹉洲夕望岳阳寄源中丞,/home/ubuntu/workspace/image_voting_system/all_images/自夏口至鹦鹉洲夕望岳阳寄源中丞_nano.jpg,nano,D,102115,"{""q1-2"": ""a"", ""q1-1"": ""D"", ""q2-1"": ""a"", ""q2-2"": ""a"", ""q2-3"": ""a"", ""q2-4"": ""a"", ""q2-5"": ""a"", ""q2-6"": ""c"", ""q2-7"": ""d"", ""q2-8"": ""a"", ""q2-9"": ""a"", ""q2-10"": ""a""}",49422,151537
7814,2026-02-23T06:13:26.035500,BZ3,30,男,博士,黄鹤楼,/home/ubuntu/workspace/image_voting_system/all_images/黄鹤楼_seedream.jpg,seedream,C,13808,"{""q1-2"": ""a"", ""q1-1"": ""C"", ""q2-1"": ""a"", ""q2-2"": ""a"", ""q2-3"": ""c"", ""q2-4"": ""b"", ""q2-5"": ""a"", ""q2-6"": ""c"", ""q2-7"": ""c"", ""q2-9"": ""a"", ""q2-10"": ""c"", ""q2-8"": ""a""}",40810,54618
7815,2026-02-23T07:17:29.156846,whu,31,男,硕士,走马川行奉送封大夫出师西征,/home/ubuntu/workspace/image_voting_system/all_images/走马川行奉送封大夫出师西征_gpt.jpg,gpt,A,55943,"{""q1-2"": ""a"", ""q1-1"": ""A"", ""q2-1"": ""a"", ""q2-2"": ""a"", ""q2-3"": ""a"", ""q2-4"": ""a"", ""q2-5"": ""a"", ""q2-6"": ""a"", ""q2-7"": ""a"", ""q2-8"": ""a"", ""q2-9"": ""a"", ""q2-10"": ""b""}",47982,103925
7816,2026-02-23T07:32:43.004841,whu,31,男,硕士,桃花溪,/home/ubuntu/workspace/image_voting_system/all_images/桃花溪_gpt.jpg,gpt,D,61654,"{""q1-2"": ""a"", ""q1-1"": ""D"", ""q2-1"": ""a"", ""q2-2"": ""a"", ""q2-3"": ""a"", ""q2-4"": ""a"", ""q2-5"": ""a"", ""q2-6"": ""a"", ""q2-7"": ""a"", ""q2-8"": ""a"", ""q2-9"": ""a"", ""q2-10"": ""b""}",193951,255605
7817,2026-02-23T07:43:20.988907,高大王,32,女,硕士,夏日南亭怀辛大,/home/ubuntu/workspace/image_voting_system/all_images/夏日南亭怀辛大_seedream.jpg,seedream,A,60270,"{""q1-2"": ""a"", ""q1-1"": ""A"", ""q2-1"": ""a"", ""q2-2"": ""a"", ""q2-3"": ""a"", ""q2-4"": ""a"", ""q2-5"": ""a"", ""q2-6"": ""c"", ""q2-7"": ""a"", ""q2-8"": ""a"", ""q2-9"": ""a"", ""q2-10"": ""b""}",45616,105886
7818,2026-02-23T07:44:16.191496,高大王,32,女,硕士,金陵酒肆留别,/home/ubuntu/workspace/image_voting_system/all_images/金陵酒肆留别_seedream.jpg,seedream,A,32269,"{""q1-2"": ""a"", ""q1-1"": ""A"", ""q2-1"": ""a"", ""q2-2"": ""a"", ""q2-3"": ""a"", ""q2-4"": ""a"", ""q2-5"": ""a"", ""q2-6"": ""c"", ""q2-7"": ""a"", ""q2-8"": ""a"", ""q2-9"": ""a"", ""q2-10"": ""b""}",22933,55202
7819,2026-02-23T07:45:40.825656,whu,31,男,硕士,瑶瑟怨,/home/ubuntu/workspace/image_voting_system/all_images/瑶瑟怨_mj.jpg,mj,B,33664,"{""q1-2"": ""d"", ""q1-1"": ""D"", ""q2-1"": ""a"", ""q2-2"": ""b"", ""q2-3"": ""a"", ""q2-4"": ""c"", ""q2-5"": ""a"", ""q2-6"": ""d"", ""q2-7"": ""a"", ""q2-8"": ""a"", ""q2-9"": ""b"", ""q2-10"": ""d""}",123600,157264
7820,2026-02-23T07:46:32.238819,高大王,32,女,硕士,送僧归日本,/home/ubuntu/workspace/image_voting_system/all_images/送僧归日本_seedream.jpg,seedream,A,78031,"{""q1-2"": ""e"", ""q1-1"": ""A"", ""q2-1"": ""a"", ""q2-2"": ""a"", ""q2-3"": ""a"", ""q2-4"": ""a"", ""q2-5"": ""a"", ""q2-6"": ""c"", ""q2-7"": ""a"", ""q2-8"": ""a"", ""q2-9"": ""a"", ""q2-10"": ""b""}",58017,136048
7821,2026-02-23T07:47:13.703568,whu,31,男,硕士,烈女操,/home/ubuntu/workspace/image_voting_system/all_images/烈女操_seedream.jpg,seedream,B,44147,"{""q1-2"": ""a"", ""q1-1"": ""B"", ""q2-1"": ""a"", ""q2-2"": ""a"", ""q2-3"": ""b"", ""q2-4"": ""a"", ""q2-5"": ""d"", ""q2-6"": ""b"", ""q2-7"": ""a"", ""q2-8"": ""a"", ""q2-9"": ""a"", ""q2-10"": ""c""}",48731,92878
7822,2026-02-23T07:47:46.645387,高大王,32,女,硕士,归嵩山作,/home/ubuntu/workspace/image_voting_system/all_images/归嵩山作_gpt.jpg,gpt,D,44449,"{""q1-2"": ""a"", ""q1-1"": ""D"", ""q2-1"": ""a"", ""q2-2"": ""b"", ""q2-3"": ""a"", ""q2-4"": ""a"", ""q2-5"": ""a"", ""q2-6"": ""d"", ""q2-7"": ""a"", ""q2-8"": ""a"", ""q2-9"": ""a"", ""q2-10"": ""c""}",29957,74406
7823,2026-02-23T07:49:14.863178,高大王,32,女,硕士,过故人庄,/home/ubuntu/workspace/image_voting_system/all_images/过故人庄_gpt.jpg,gpt,C,56072,"{""q1-2"": ""a"", ""q1-1"": ""C"", ""q2-1"": ""a"", ""q2-2"": ""b"", ""q2-3"": ""a"", ""q2-4"": ""a"", ""q2-5"": ""a"", ""q2-6"": ""b"", ""q2-7"": ""a"", ""q2-8"": ""a"", ""q2-9"": ""a"", ""q2-10"": ""c""}",31200,87272
7824,2026-02-23T07:50:12.766817,高大王,32,女,硕士,题破山寺后禅院,/home/ubuntu/workspace/image_voting_system/all_images/题破山寺后禅院_nano.jpg,nano,B,29994,"{""q1-2"": ""a"", ""q1-1"": ""B"", ""q2-1"": ""a"", ""q2-2"": ""a"", ""q2-3"": ""a"", ""q2-4"": ""a"", ""q2-5"": ""a"", ""q2-6"": ""c"", ""q2-7"": ""a"", ""q2-8"": ""a"", ""q2-9"": ""a"", ""q2-10"": ""b""}",27910,57904
7825,2026-02-23T07:50:17.734763,whu,31,男,硕士,蜀道难,/home/ubuntu/workspace/image_voting_system/all_images/蜀道难_gpt.jpg,gpt,B,99621,"{""q1-2"": ""a"", ""q1-1"": ""B"", ""q2-1"": ""a"", ""q2-2"": ""a"", ""q2-3"": ""a"", ""q2-4"": ""a"", ""q2-5"": ""a"", ""q2-6"": ""b"", ""q2-7"": ""a"", ""q2-8"": ""a"", ""q2-9"": ""a"", ""q2-10"": ""b""}",84410,184031
7826,2026-02-23T07:52:11.031610,高大王,32,女,硕士,至德二载甫自京金光门出间道归凤翔乾元初从左拾遗移华州掾与亲故别因出此门有悲往事,/home/ubuntu/workspace/image_voting_system/all_images/至德二载甫自京金光门出间道归凤翔乾元初从左拾遗移华州掾与亲故别因出此门有悲往事_mj.jpg,mj,B,55824,"{""q1-2"": ""d"", ""q1-1"": ""B"", ""q2-1"": ""a"", ""q2-2"": ""c"", ""q2-3"": ""c"", ""q2-4"": ""b"", ""q2-5"": ""e"", ""q2-6"": ""b"", ""q2-7"": ""a"", ""q2-8"": ""a"", ""q2-9"": ""c"", ""q2-10"": ""d""}",62441,118265
7827,2026-02-23T07:52:43.174429,whu,31,男,硕士,杂诗三首·其三,/home/ubuntu/workspace/image_voting_system/all_images/杂诗三首·其三_seedream.jpg,seedream,D,80813,"{""q1-2"": ""a"", ""q1-1"": ""D"", ""q2-1"": ""b"", ""q2-2"": ""a"", ""q2-3"": ""b"", ""q2-4"": ""a"", ""q2-5"": ""a"", ""q2-6"": ""a"", ""q2-7"": ""a"", ""q2-8"": ""a"", ""q2-9"": ""a"", ""q2-10"": ""c""}",64626,145439
7828,2026-02-23T07:53:08.930498,高大王,32,女,硕士,早秋三首·其一,/home/ubuntu/workspace/image_voting_system/all_images/早秋三首·其一_mj.jpg,mj,A,28440,"{""q1-2"": ""a"", ""q1-1"": ""A"", ""q2-1"": ""a"", ""q2-2"": ""a"", ""q2-3"": ""a"", ""q2-4"": ""a"", ""q2-5"": ""a"", ""q2-6"": ""c"", ""q2-7"": ""a"", ""q2-8"": ""a"", ""q2-9"": ""a"", ""q2-10"": ""b""}",29459,57899
7829,2026-02-23T07:54:31.584098,高大王,32,女,硕士,同题仙游观,/home/ubuntu/workspace/image_voting_system/all_images/同题仙游观_mj.jpg,mj,C,33436,"{""q1-2"": ""a"", ""q1-1"": ""C"", ""q2-1"": ""a"", ""q2-2"": ""b"", ""q2-3"": ""b"", ""q2-4"": ""b"", ""q2-5"": ""b"", ""q2-6"": ""c"", ""q2-7"": ""a"", ""q2-8"": ""a"", ""q2-9"": ""a"", ""q2-10"": ""c""}",49217,82653
7830,2026-02-23T07:56:59.948586,whu,31,男,硕士,饯别王十一南游,/home/ubuntu/workspace/image_voting_system/all_images/饯别王十一南游_gpt.jpg,gpt,B,50892,"{""q1-2"": ""a"", ""q1-1"": ""B"", ""q2-1"": ""a"", ""q2-2"": ""a"", ""q2-3"": ""d"", ""q2-4"": ""b"", ""q2-5"": ""a"", ""q2-6"": ""a"", ""q2-7"": ""a"", ""q2-8"": ""a"", ""q2-9"": ""a"", ""q2-10"": ""d""}",75329,126221
7831,2026-02-23T07:57:15.645148,高大王,32,女,硕士,无题·相见时难别亦难,/home/ubuntu/workspace/image_voting_system/all_images/无题·相见时难别亦难_gpt.jpg,gpt,B,101395,"{""q1-2"": ""a"", ""q1-1"": ""D"", ""q2-1"": ""a"", ""q2-2"": ""b"", ""q2-3"": ""b"", ""q2-4"": ""c"", ""q2-5"": ""b"", ""q2-6"": ""a"", ""q2-7"": ""a"", ""q2-8"": ""a"", ""q2-9"": ""a"", ""q2-10"": ""c""}",61623,163018
7832,2026-02-23T07:58:46.547229,zl_zl,33,男,硕士,独不见,/home/ubuntu/workspace/image_voting_system/all_images/独不见_mj.jpg,mj,C,41183,"{""q1-2"": ""a"", ""q1-1"": ""B"", ""q2-1"": ""a"", ""q2-2"": ""a"", ""q2-3"": ""a"", ""q2-4"": ""a"", ""q2-5"": ""a"", ""q2-6"": ""b"", ""q2-7"": ""a"", ""q2-8"": ""b"", ""q2-9"": ""a"", ""q2-10"": ""c""}",183658,224841
7833,2026-02-23T07:59:42.534616,whu,31,男,硕士,秋日赴阙题潼关驿楼,/home/ubuntu/workspace/image_voting_system/all_images/秋日赴阙题潼关驿楼_mj.jpg,mj,C,45548,"{""q1-2"": ""d"", ""q1-1"": ""B"", ""q2-1"": ""a"", ""q2-2"": ""c"", ""q2-3"": ""a"", ""q2-4"": ""c"", ""q2-5"": ""c"", ""q2-6"": ""d"", ""q2-7"": ""a"", ""q2-8"": ""a"", ""q2-9"": ""a"", ""q2-10"": ""e""}",117038,162586
7834,2026-02-23T07:59:45.063537,zl_zl,33,男,硕士,野望,/home/ubuntu/workspace/image_voting_system/all_images/野望_gpt.jpg,gpt,A,32237,"{""q1-2"": ""a"", ""q1-1"": ""A"", ""q2-1"": ""a"", ""q2-2"": ""a"", ""q2-3"": ""a"", ""q2-4"": ""a"", ""q2-5"": ""a"", ""q2-6"": ""a"", ""q2-7"": ""a"", ""q2-8"": ""a"", ""q2-9"": ""a"", ""q2-10"": ""b""}",26279,58516
7835,2026-02-23T08:01:17.788323,高大王,32,女,硕士,春怨·打起黄莺儿,/home/ubuntu/workspace/image_voting_system/all_images/春怨·打起黄莺儿_mj.jpg,mj,A,53401,"{""q1-2"": ""b"", ""q1-1"": ""A"", ""q2-1"": ""a"", ""q2-2"": ""a"", ""q2-3"": ""a"", ""q2-4"": ""b"", ""q2-5"": ""a"", ""q2-6"": ""c"", ""q2-7"": ""b"", ""q2-8"": ""a"", ""q2-9"": ""c"", ""q2-10"": ""c""}",188742,242143
7836,2026-02-23T08:02:22.196721,whu,31,男,硕士,落花,/home/ubuntu/workspace/image_voting_system/all_images/落花_mj.jpg,mj,A,34434,"{""q1-2"": ""d"", ""q1-1"": ""A"", ""q2-1"": ""a"", ""q2-2"": ""b"", ""q2-3"": ""a"", ""q2-4"": ""d"", ""q2-5"": ""b"", ""q2-6"": ""d"", ""q2-7"": ""a"", ""q2-8"": ""a"", ""q2-9"": ""c"", ""q2-10"": ""e""}",125228,159662
7837,2026-02-23T08:02:24.175383,zl_zl,33,男,硕士,阙题,/home/ubuntu/workspace/image_voting_system/all_images/阙题_gpt.jpg,gpt,A,110387,"{""q1-2"": ""b"", ""q1-1"": ""A"", ""q2-1"": ""a"", ""q2-2"": ""a"", ""q2-3"": ""a"", ""q2-4"": ""a"", ""q2-5"": ""b"", ""q2-6"": ""b"", ""q2-7"": ""a"", ""q2-8"": ""a"", ""q2-9"": ""a"", ""q2-10"": ""c""}",48725,159112
7838,2026-02-23T08:02:29.861107,高大王,32,女,硕士,九月九日忆山东兄弟,/home/ubuntu/workspace/image_voting_system/all_images/九月九日忆山东兄弟_seedream.jpg,seedream,B,31429,"{""q1-2"": ""a"", ""q1-1"": ""B"", ""q2-1"": ""a"", ""q2-2"": ""a"", ""q2-3"": ""b"", ""q2-4"": ""a"", ""q2-5"": ""a"", ""q2-6"": ""b"", ""q2-7"": ""a"", ""q2-8"": ""a"", ""q2-9"": ""a"", ""q2-10"": ""b""}",40644,72073
7839,2026-02-23T08:03:51.743336,高大王,32,女,硕士,感遇十二首·其七,/home/ubuntu/workspace/image_voting_system/all_images/感遇十二首·其七_nano.jpg,nano,C,43264,"{""q1-2"": ""a"", ""q1-1"": ""C"", ""q2-1"": ""a"", ""q2-2"": ""a"", ""q2-3"": ""a"", ""q2-4"": ""a"", ""q2-5"": ""a"", ""q2-6"": ""c"", ""q2-7"": ""a"", ""q2-8"": ""a"", ""q2-9"": ""a"", ""q2-10"": ""b""}",38618,81882
7840,2026-02-23T08:04:18.634305,zl_zl,33,男,硕士,寄左省杜拾遗,/home/ubuntu/workspace/image_voting_system/all_images/寄左省杜拾遗_nano.jpg,nano,B,71185,"{""q1-2"": ""b"", ""q1-1"": ""B"", ""q2-1"": ""a"", ""q2-2"": ""a"", ""q2-3"": ""a"", ""q2-4"": ""b"", ""q2-5"": ""a"", ""q2-6"": ""b"", ""q2-7"": ""a"", ""q2-8"": ""a"", ""q2-9"": ""a"", ""q2-10"": ""c""}",43274,114459
7841,2026-02-23T08:05:09.862718,whu,31,男,硕士,秋夜曲,/home/ubuntu/workspace/image_voting_system/all_images/秋夜曲_seedream.jpg,seedream,D,53724,"{""q1-2"": ""a"", ""q1-1"": ""D"", ""q2-1"": ""a"", ""q2-2"": ""a"", ""q2-3"": ""c"", ""q2-4"": ""a"", ""q2-5"": ""a"", ""q2-6"": ""b"", ""q2-7"": ""a"", ""q2-8"": ""a"", ""q2-9"": ""a"", ""q2-10"": ""c""}",113942,167666
7842,2026-02-23T08:05:10.937926,zl_zl,33,男,硕士,晨诣超师院读禅经,/home/ubuntu/workspace/image_voting_system/all_images/晨诣超师院读禅经_nano.jpg,nano,A,36178,"{""q1-2"": ""a"", ""q1-1"": ""A"", ""q2-1"": ""a"", ""q2-2"": ""a"", ""q2-3"": ""a"", ""q2-4"": ""a"", ""q2-5"": ""a"", ""q2-6"": ""a"", ""q2-7"": ""a"", ""q2-8"": ""a"", ""q2-9"": ""a"", ""q2-10"": ""b""}",16126,52304
7843,2026-02-23T08:06:25.808297,whu,31,男,硕士,和张仆射塞下曲·其四,/home/ubuntu/workspace/image_voting_system/all_images/和张仆射塞下曲·其四_seedream.jpg,seedream,D,25911,"{""q1-2"": ""a"", ""q1-1"": ""D"", ""q2-1"": ""a"", ""q2-2"": ""a"", ""q2-3"": ""b"", ""q2-4"": ""a"", ""q2-5"": ""a"", ""q2-6"": ""a"", ""q2-7"": ""a"", ""q2-8"": ""a"", ""q2-9"": ""a"", ""q2-10"": ""b""}",50034,75945
7844,2026-02-23T08:07:08.079076,高大王,32,女,硕士,风雨,/home/ubuntu/workspace/image_voting_system/all_images/风雨_mj.jpg,mj,C,75578,"{""q1-2"": ""d"", ""q1-1"": ""C"", ""q2-1"": ""a"", ""q2-2"": ""c"", ""q2-3"": ""d"", ""q2-4"": ""c"", ""q2-5"": ""b"", ""q2-6"": ""d"", ""q2-7"": ""a"", ""q2-8"": ""a"", ""q2-9"": ""b"", ""q2-10"": ""d""}",120758,196336
7845,2026-02-23T08:08:16.211779,zl_zl,33,男,硕士,九月九日忆山东兄弟,/home/ubuntu/workspace/image_voting_system/all_images/九月九日忆山东兄弟_gpt.jpg,gpt,A,76444,"{""q1-2"": ""d"", ""q1-1"": ""C"", ""q2-1"": ""a"", ""q2-2"": ""a"", ""q2-3"": ""a"", ""q2-4"": ""c"", ""q2-5"": ""d"", ""q2-6"": ""c"", ""q2-7"": ""a"", ""q2-8"": ""a"", ""q2-9"": ""a"", ""q2-10"": ""d""}",108830,185274
7846,2026-02-23T08:09:09.669021,zl_zl,33,男,硕士,江雪,/home/ubuntu/workspace/image_voting_system/all_images/江雪_mj.jpg,mj,C,12066,"{""q1-2"": ""a"", ""q1-1"": ""C"", ""q2-1"": ""a"", ""q2-2"": ""a"", ""q2-3"": ""a"", ""q2-4"": ""b"", ""q2-5"": ""a"", ""q2-6"": ""c"", ""q2-7"": ""a"", ""q2-8"": ""a"", ""q2-9"": ""a"", ""q2-10"": ""c""}",41391,53457
7847,2026-02-23T08:10:31.044819,zl_zl,33,男,硕士,赋得古原草送别,/home/ubuntu/workspace/image_voting_system/all_images/赋得古原草送别_gpt.jpg,gpt,B,51366,"{""q1-2"": ""b"", ""q1-1"": ""B"", ""q2-1"": ""a"", ""q2-2"": ""a"", ""q2-3"": ""a"", ""q2-4"": ""b"", ""q2-5"": ""a"", ""q2-6"": ""a"", ""q2-7"": ""a"", ""q2-8"": ""a"", ""q2-9"": ""a"", ""q2-10"": ""c""}",30010,81376
7848,2026-02-23T08:12:15.011779,zl_zl,33,男,硕士,秋夜寄邱员外,/home/ubuntu/workspace/image_voting_system/all_images/秋夜寄邱员外_nano.jpg,nano,C,37154,"{""q1-2"": ""a"", ""q1-1"": ""C"", ""q2-1"": ""a"", ""q2-2"": ""a"", ""q2-3"": ""a"", ""q2-4"": ""b"", ""q2-5"": ""b"", ""q2-6"": ""c"", ""q2-7"": ""a"", ""q2-8"": ""a"", ""q2-9"": ""b"", ""q2-10"": ""c""}",66813,103967
7849,2026-02-23T08:12:55.016939,zl_zl,33,男,硕士,早发白帝城,/home/ubuntu/workspace/image_voting_system/all_images/早发白帝城_seedream.jpg,seedream,C,14050,"{""q1-2"": ""a"", ""q1-1"": ""C"", ""q2-1"": ""a"", ""q2-2"": ""a"", ""q2-3"": ""a"", ""q2-4"": ""a"", ""q2-5"": ""a"", ""q2-6"": ""c"", ""q2-7"": ""a"", ""q2-8"": ""a"", ""q2-9"": ""c"", ""q2-10"": ""c""}",25955,40005
7850,2026-02-23T16:35:41.001737,zl,33,男,硕士,佳人,/home/ubuntu/workspace/image_voting_system/all_images/佳人_gpt.jpg,gpt,C,41602,"{""q1-2"": ""b"", ""q1-1"": ""C"", ""q2-1"": ""a"", ""q2-2"": ""a"", ""q2-3"": ""a"", ""q2-4"": ""b"", ""q2-5"": ""a"", ""q2-6"": ""a"", ""q2-7"": ""a"", ""q2-8"": ""a"", ""q2-9"": ""a"", ""q2-10"": ""c""}",59323,100925
7851,2026-02-23T16:40:32.233580,zl,33,男,硕士,春怨·打起黄莺儿,/home/ubuntu/workspace/image_voting_system/all_images/春怨·打起黄莺儿_gpt.jpg,gpt,A,179740,"{""q1-2"": ""d"", ""q1-1"": ""B"", ""q2-1"": ""a"", ""q2-2"": ""a"", ""q2-3"": ""a"", ""q2-4"": ""c"", ""q2-5"": ""e"", ""q2-6"": ""a"", ""q2-7"": ""a"", ""q2-8"": ""a"", ""q2-9"": ""a"", ""q2-10"": ""d""}",111492,291232
7852,2026-02-23T16:42:23.408071,zl,33,男,硕士,问刘十九,/home/ubuntu/workspace/image_voting_system/all_images/问刘十九_seedream.jpg,seedream,A,17759,"{""q1-2"": ""a"", ""q1-1"": ""A"", ""q2-1"": ""a"", ""q2-2"": ""a"", ""q2-3"": ""a"", ""q2-4"": ""b"", ""q2-5"": ""a"", ""q2-6"": ""a"", ""q2-7"": ""a"", ""q2-8"": ""a"", ""q2-9"": ""b"", ""q2-10"": ""b""}",93415,111174
7853,2026-02-23T16:44:18.512123,zl,33,男,硕士,夜归鹿门山歌,/home/ubuntu/workspace/image_voting_system/all_images/夜归鹿门山歌_nano.jpg,nano,C,82815,"{""q1-2"": ""b"", ""q1-1"": ""C"", ""q2-1"": ""a"", ""q2-2"": ""a"", ""q2-3"": ""a"", ""q2-4"": ""a"", ""q2-5"": ""a"", ""q2-6"": ""c"", ""q2-7"": ""a"", ""q2-8"": ""a"", ""q2-9"": ""a"", ""q2-10"": ""b""}",32289,115104
7854,2026-02-23T16:47:19.564054,zl,33,男,硕士,宫词二首·其一,/home/ubuntu/workspace/image_voting_system/all_images/宫词二首·其一_mj.jpg,mj,D,97666,"{""q1-2"": ""d"", ""q1-1"": ""D"", ""q2-1"": ""a"", ""q2-2"": ""a"", ""q2-3"": ""a"", ""q2-4"": ""c"", ""q2-5"": ""a"", ""q2-6"": ""c"", ""q2-7"": ""a"", ""q2-8"": ""b"", ""q2-9"": ""a"", ""q2-10"": ""c""}",83386,181052
7855,2026-02-23T16:49:00.315375,zl,33,男,硕士,长干行·其一,/home/ubuntu/workspace/image_voting_system/all_images/长干行·其一_mj.jpg,mj,B,28170,"{""q1-2"": ""a"", ""q1-1"": ""B"", ""q2-1"": ""a"", ""q2-2"": ""b"", ""q2-3"": ""d"", ""q2-4"": ""c"", ""q2-5"": ""e"", ""q2-6"": ""c"", ""q2-7"": ""c"", ""q2-8"": ""a"", ""q2-9"": ""c"", ""q2-10"": ""e""}",72581,100751
7856,2026-02-23T16:50:16.295019,zl,33,男,硕士,天末怀李白,/home/ubuntu/workspace/image_voting_system/all_images/天末怀李白_nano.jpg,nano,D,46725,"{""q1-2"": ""a"", ""q1-1"": ""D"", ""q2-1"": ""a"", ""q2-2"": ""a"", ""q2-3"": ""a"", ""q2-4"": ""a"", ""q2-5"": ""a"", ""q2-6"": ""c"", ""q2-7"": ""a"", ""q2-8"": ""a"", ""q2-9"": ""a"", ""q2-10"": ""b""}",29255,75980
7857,2026-02-23T16:52:31.616268,zl,33,男,硕士,宫词·长乐宫连上苑春,/home/ubuntu/workspace/image_voting_system/all_images/宫词·长乐宫连上苑春_nano.jpg,nano,A,80799,"{""q1-2"": ""d"", ""q1-1"": ""A"", ""q2-1"": ""a"", ""q2-2"": ""a"", ""q2-3"": ""d"", ""q2-4"": ""c"", ""q2-5"": ""e"", ""q2-6"": ""c"", ""q2-7"": ""a"", ""q2-8"": ""a"", ""q2-9"": ""a"", ""q2-10"": ""e""}",54522,135321
7858,2026-02-23T16:55:21.081857,zl,33,男,硕士,宿府,/home/ubuntu/workspace/image_voting_system/all_images/宿府_nano.jpg,nano,D,113295,"{""q1-2"": ""d"", ""q1-1"": ""B"", ""q2-1"": ""a"", ""q2-2"": ""a"", ""q2-3"": ""a"", ""q2-4"": ""c"", ""q2-5"": ""a"", ""q2-6"": ""a"", ""q2-7"": ""a"", ""q2-8"": ""a"", ""q2-9"": ""a"", ""q2-10"": ""d""}",56171,169466
7859,2026-02-23T16:57:13.618955,zl,33,男,硕士,感遇十二首·其二,/home/ubuntu/workspace/image_voting_system/all_images/感遇十二首·其二_seedream.jpg,seedream,C,59604,"{""q1-2"": ""d"", ""q1-1"": ""C"", ""q2-1"": ""a"", ""q2-2"": ""a"", ""q2-3"": ""a"", ""q2-4"": ""a"", ""q2-5"": ""a"", ""q2-6"": ""c"", ""q2-7"": ""a"", ""q2-8"": ""a"", ""q2-9"": ""a"", ""q2-10"": ""b""}",52933,112537
7860,2026-02-23T18:29:30.342116,高大王,32,女,硕士,塞下曲·饮马渡秋水,/home/ubuntu/workspace/image_voting_system/all_images/塞下曲·饮马渡秋水_gpt.jpg,gpt,C,96403,"{""q1-2"": ""a"", ""q1-1"": ""C"", ""q2-1"": ""a"", ""q2-2"": ""b"", ""q2-3"": ""b"", ""q2-4"": ""a"", ""q2-5"": ""a"", ""q2-6"": ""c"", ""q2-7"": ""b"", ""q2-8"": ""a"", ""q2-9"": ""b"", ""q2-10"": ""c""}",45477,141880
7861,2026-02-23T18:31:29.231882,高大王,32,女,硕士,与诸子登岘山,/home/ubuntu/workspace/image_voting_system/all_images/与诸子登岘山_nano.jpg,nano,D,64888,"{""q1-2"": ""a"", ""q1-1"": ""D"", ""q2-1"": ""a"", ""q2-2"": ""a"", ""q2-3"": ""a"", ""q2-4"": ""a"", ""q2-5"": ""a"", ""q2-6"": ""a"", ""q2-7"": ""a"", ""q2-8"": ""a"", ""q2-9"": ""a"", ""q2-10"": ""b""}",14209,79097
7862,2026-02-23T18:39:47.297555,高大王,32,女,硕士,寄令狐郎中,/home/ubuntu/workspace/image_voting_system/all_images/寄令狐郎中_nano.jpg,nano,C,330935,"{""q1-2"": ""d"", ""q1-1"": ""D"", ""q2-1"": ""a"", ""q2-2"": ""a"", ""q2-3"": ""b"", ""q2-4"": ""c"", ""q2-5"": ""b"", ""q2-6"": ""a"", ""q2-7"": ""a"", ""q2-8"": ""a"", ""q2-9"": ""a"", ""q2-10"": ""c""}",167131,498066
7863,2026-02-23T18:43:22.214594,高大王,32,女,硕士,江州重别薛六柳八二员外,/home/ubuntu/workspace/image_voting_system/all_images/江州重别薛六柳八二员外_mj.jpg,mj,C,107996,"{""q1-2"": ""d"", ""q1-1"": ""C"", ""q2-1"": ""a"", ""q2-2"": ""c"", ""q2-3"": ""b"", ""q2-4"": ""c"", ""q2-5"": ""b"", ""q2-6"": ""d"", ""q2-7"": ""a"", ""q2-8"": ""a"", ""q2-9"": ""b"", ""q2-10"": ""d""}",106921,214917
7864,2026-02-23T18:45:05.506880,高大王,32,女,硕士,终南山,/home/ubuntu/workspace/image_voting_system/all_images/终南山_mj.jpg,mj,D,66470,"{""q1-2"": ""c"", ""q1-1"": ""D"", ""q2-1"": ""a"", ""q2-2"": ""a"", ""q2-3"": ""a"", ""q2-4"": ""b"", ""q2-5"": ""a"", ""q2-6"": ""c"", ""q2-7"": ""a"", ""q2-8"": ""a"", ""q2-9"": ""a"", ""q2-10"": ""b""}",36822,103292
7865,2026-02-23T18:53:20.697801,高大王,32,女,硕士,丹青引赠曹将军霸,/home/ubuntu/workspace/image_voting_system/all_images/丹青引赠曹将军霸_mj.jpg,mj,B,421463,"{""q1-2"": ""b"", ""q1-1"": ""A"", ""q2-1"": ""a"", ""q2-2"": ""b"", ""q2-3"": ""b"", ""q2-4"": ""c"", ""q2-5"": ""d"", ""q2-6"": ""c"", ""q2-7"": ""a"", ""q2-8"": ""a"", ""q2-9"": ""b"", ""q2-10"": ""d""}",71782,493245
7866,2026-02-23T18:55:11.214025,高大王,32,女,硕士,客至,/home/ubuntu/workspace/image_voting_system/all_images/客至_mj.jpg,mj,B,90604,"{""q1-2"": ""c"", ""q1-1"": ""B"", ""q2-1"": ""a"", ""q2-2"": ""b"", ""q2-3"": ""b"", ""q2-4"": ""b"", ""q2-5"": ""b"", ""q2-6"": ""c"", ""q2-7"": ""a"", ""q2-8"": ""a"", ""q2-9"": ""b"", ""q2-10"": ""c""}",19912,110516
7867,2026-02-23T18:56:40.562560,高大王,32,女,硕士,望洞庭湖赠张丞相,/home/ubuntu/workspace/image_voting_system/all_images/望洞庭湖赠张丞相_seedream.jpg,seedream,A,59373,"{""q1-2"": ""e"", ""q1-1"": ""A"", ""q2-1"": ""a"", ""q2-2"": ""a"", ""q2-3"": ""a"", ""q2-4"": ""b"", ""q2-5"": ""a"", ""q2-6"": ""c"", ""q2-7"": ""a"", ""q2-8"": ""a"", ""q2-9"": ""a"", ""q2-10"": ""b""}",29975,89348
7868,2026-02-23T18:58:27.881298,高大王,32,女,硕士,清平调·其二,/home/ubuntu/workspace/image_voting_system/all_images/清平调·其二_gpt.jpg,gpt,B,71663,"{""q1-2"": ""a"", ""q1-1"": ""B"", ""q2-1"": ""a"", ""q2-2"": ""b"", ""q2-3"": ""a"", ""q2-4"": ""a"", ""q2-5"": ""a"", ""q2-6"": ""a"", ""q2-7"": ""a"", ""q2-8"": ""a"", ""q2-9"": ""a"", ""q2-10"": ""c""}",35656,107319
7869,2026-02-23T18:59:47.374208,高大王,32,女,硕士,韩碑,/home/ubuntu/workspace/image_voting_system/all_images/韩碑_nano.jpg,nano,B,47303,"{""q1-2"": ""a"", ""q1-1"": ""B"", ""q2-1"": ""a"", ""q2-2"": ""a"", ""q2-3"": ""a"", ""q2-4"": ""a"", ""q2-5"": ""a"", ""q2-6"": ""c"", ""q2-7"": ""a"", ""q2-8"": ""a"", ""q2-9"": ""a"", ""q2-10"": ""b""}",32190,79493
7870,2026-02-23T19:01:41.356024,高大王,32,女,硕士,隋宫·紫泉宫殿锁烟霞,/home/ubuntu/workspace/image_voting_system/all_images/隋宫·紫泉宫殿锁烟霞_nano.jpg,nano,A,78357,"{""q1-2"": ""a"", ""q1-1"": ""A"", ""q2-1"": ""a"", ""q2-2"": ""a"", ""q2-3"": ""a"", ""q2-5"": ""a"", ""q2-6"": ""c"", ""q2-7"": ""a"", ""q2-8"": ""a"", ""q2-9"": ""a"", ""q2-10"": ""b"", ""q2-4"": ""a""}",34594,112951
7871,2026-02-23T19:05:25.052962,高大王,32,女,硕士,宿王昌龄隐居,/home/ubuntu/workspace/image_voting_system/all_images/宿王昌龄隐居_gpt.jpg,gpt,D,105123,"{""q1-2"": ""a"", ""q1-1"": ""D"", ""q2-1"": ""a"", ""q2-2"": ""b"", ""q2-3"": ""b"", ""q2-4"": ""a"", ""q2-5"": ""a"", ""q2-6"": ""c"", ""q2-7"": ""a"", ""q2-8"": ""a"", ""q2-9"": ""b"", ""q2-10"": ""c""}",118574,223697
7872,2026-02-23T19:07:00.986275,高大王,32,女,硕士,玉阶怨,/home/ubuntu/workspace/image_voting_system/all_images/玉阶怨_gpt.jpg,gpt,C,45982,"{""q1-2"": ""c"", ""q1-1"": ""C"", ""q2-1"": ""a"", ""q2-2"": ""b"", ""q2-3"": ""b"", ""q2-4"": ""a"", ""q2-5"": ""a"", ""q2-6"": ""a"", ""q2-7"": ""a"", ""q2-8"": ""a"", ""q2-9"": ""a"", ""q2-10"": ""c""}",49951,95933
7873,2026-02-23T19:30:04.793265,高大王,32,女,硕士,闻官军收河南河北,/home/ubuntu/workspace/image_voting_system/all_images/闻官军收河南河北_seedream.jpg,seedream,A,40584,"{""q1-2"": ""a"", ""q1-1"": ""A"", ""q2-1"": ""a"", ""q2-2"": ""a"", ""q2-3"": ""a"", ""q2-4"": ""a"", ""q2-5"": ""a"", ""q2-6"": ""a"", ""q2-7"": ""a"", ""q2-8"": ""a"", ""q2-9"": ""a"", ""q2-10"": ""b""}",1343223,1383807
7874,2026-02-23T19:31:36.020128,高大王,32,女,硕士,宿业师山房期丁大不至,/home/ubuntu/workspace/image_voting_system/all_images/宿业师山房期丁大不至_nano.jpg,nano,C,53816,"{""q1-2"": ""a"", ""q1-1"": ""C"", ""q2-1"": ""a"", ""q2-2"": ""a"", ""q2-3"": ""a"", ""q2-4"": ""a"", ""q2-5"": ""a"", ""q2-6"": ""c"", ""q2-7"": ""a"", ""q2-8"": ""a"", ""q2-9"": ""a"", ""q2-10"": ""a""}",37411,91227
7875,2026-02-23T20:49:12.961572,BZ4,30,男,博士,子夜吴歌·夏歌,/home/ubuntu/workspace/image_voting_system/all_images/子夜吴歌·夏歌_seedream.jpg,seedream,B,24174,"{""q1-2"": ""a"", ""q1-1"": ""B"", ""q2-1"": ""a"", ""q2-2"": ""a"", ""q2-3"": ""b"", ""q2-4"": ""a"", ""q2-5"": ""a"", ""q2-6"": ""d"", ""q2-7"": ""d"", ""q2-8"": ""a"", ""q2-9"": ""a"", ""q2-10"": ""b""}",27601,51775
7876,2026-02-23T20:49:55.092960,BZ4,30,男,博士,问刘十九,/home/ubuntu/workspace/image_voting_system/all_images/问刘十九_mj.jpg,mj,D,18982,"{""q1-2"": ""a"", ""q1-1"": ""D"", ""q2-1"": ""a"", ""q2-2"": ""b"", ""q2-3"": ""a"", ""q2-4"": ""a"", ""q2-5"": ""a"", ""q2-6"": ""a"", ""q2-7"": ""a"", ""q2-8"": ""a"", ""q2-9"": ""b"", ""q2-10"": ""b""}",23149,42131
7877,2026-02-23T20:51:20.013407,BZ4,30,男,博士,石鱼湖上醉歌,/home/ubuntu/workspace/image_voting_system/all_images/石鱼湖上醉歌_nano.jpg,nano,A,55718,"{""q1-2"": ""a"", ""q1-1"": ""A"", ""q2-1"": ""a"", ""q2-2"": ""a"", ""q2-3"": ""a"", ""q2-4"": ""a"", ""q2-5"": ""a"", ""q2-6"": ""a"", ""q2-7"": ""b"", ""q2-8"": ""a"", ""q2-9"": ""a"", ""q2-10"": ""b""}",29202,84920
7878,2026-02-23T20:52:32.134928,BZ4,30,男,博士,宿府,/home/ubuntu/workspace/image_voting_system/all_images/宿府_gpt.jpg,gpt,D,31457,"{""q1-2"": ""a"", ""q1-1"": ""C"", ""q2-1"": ""a"", ""q2-2"": ""a"", ""q2-3"": ""a"", ""q2-4"": ""a"", ""q2-5"": ""a"", ""q2-6"": ""a"", ""q2-7"": ""d"", ""q2-8"": ""a"", ""q2-9"": ""a"", ""q2-10"": ""a""}",40665,72122
7879,2026-02-23T20:52:57.342162,高大王,32,女,硕士,赠别二首·其一,/home/ubuntu/workspace/image_voting_system/all_images/赠别二首·其一_nano.jpg,nano,C,20695,"{""q1-2"": ""a"", ""q1-1"": ""C"", ""q2-1"": ""a"", ""q2-2"": ""a"", ""q2-3"": ""a"", ""q2-4"": ""a"", ""q2-5"": ""a"", ""q2-6"": ""a"", ""q2-7"": ""a"", ""q2-8"": ""a"", ""q2-9"": ""a"", ""q2-10"": ""b""}",41522,62217
7880,2026-02-23T20:53:43.560295,高大王,32,女,硕士,金缕衣,/home/ubuntu/workspace/image_voting_system/all_images/金缕衣_gpt.jpg,gpt,D,20757,"{""q1-2"": ""a"", ""q1-1"": ""D"", ""q2-1"": ""a"", ""q2-2"": ""b"", ""q2-3"": ""a"", ""q2-4"": ""a"", ""q2-5"": ""a"", ""q2-6"": ""a"", ""q2-7"": ""a"", ""q2-8"": ""a"", ""q2-9"": ""a"", ""q2-10"": ""c""}",25461,46218
7881,2026-02-23T20:54:41.034033,BZ4,30,男,博士,哥舒歌,/home/ubuntu/workspace/image_voting_system/all_images/哥舒歌_gpt.jpg,gpt,A,21186,"{""q1-2"": ""a"", ""q1-1"": ""A"", ""q2-1"": ""a"", ""q2-2"": ""a"", ""q2-3"": ""a"", ""q2-4"": ""a"", ""q2-5"": ""a"", ""q2-6"": ""a"", ""q2-7"": ""a"", ""q2-8"": ""a"", ""q2-9"": ""a"", ""q2-10"": ""a""}",107713,128899
7882,2026-02-23T20:55:57.455394,BZ4,30,男,博士,在狱咏蝉,/home/ubuntu/workspace/image_voting_system/all_images/在狱咏蝉_mj.jpg,mj,A,28695,"{""q1-2"": ""d"", ""q1-1"": ""B"", ""q2-1"": ""b"", ""q2-2"": ""b"", ""q2-3"": ""b"", ""q2-4"": ""b"", ""q2-5"": ""a"", ""q2-6"": ""c"", ""q2-7"": ""d"", ""q2-8"": ""d"", ""q2-9"": ""a"", ""q2-10"": ""c""}",47726,76421
7883,2026-02-23T20:56:27.113372,高大王,32,女,硕士,洛阳女儿行,/home/ubuntu/workspace/image_voting_system/all_images/洛阳女儿行_seedream.jpg,seedream,D,86529,"{""q1-2"": ""a"", ""q1-1"": ""D"", ""q2-1"": ""a"", ""q2-2"": ""b"", ""q2-3"": ""b"", ""q2-4"": ""b"", ""q2-5"": ""b"", ""q2-6"": ""b"", ""q2-7"": ""a"", ""q2-8"": ""a"", ""q2-9"": ""a"", ""q2-10"": ""b""}",77024,163553
7884,2026-02-23T20:56:35.164889,BZ4,30,男,博士,近试上张水部,/home/ubuntu/workspace/image_voting_system/all_images/近试上张水部_seedream.jpg,seedream,D,18193,"{""q1-2"": ""a"", ""q1-1"": ""D"", ""q2-1"": ""a"", ""q2-2"": ""a"", ""q2-3"": ""a"", ""q2-4"": ""a"", ""q2-5"": ""e"", ""q2-6"": ""a"", ""q2-7"": ""a"", ""q2-8"": ""a"", ""q2-9"": ""a"", ""q2-10"": ""a""}",19517,37710
7885,2026-02-23T20:57:55.323925,高大王,32,女,硕士,渡荆门送别,/home/ubuntu/workspace/image_voting_system/all_images/渡荆门送别_mj.jpg,mj,D,55829,"{""q1-2"": ""a"", ""q1-1"": ""D"", ""q2-1"": ""a"", ""q2-2"": ""a"", ""q2-3"": ""b"", ""q2-4"": ""a"", ""q2-5"": ""a"", ""q2-6"": ""c"", ""q2-7"": ""a"", ""q2-8"": ""d"", ""q2-9"": ""a"", ""q2-10"": ""c""}",32382,88211
7886,2026-02-23T20:59:12.812878,高大王,32,女,硕士,金陵图,/home/ubuntu/workspace/image_voting_system/all_images/金陵图_nano.jpg,nano,C,42130,"{""q1-2"": ""a"", ""q1-1"": ""B"", ""q2-1"": ""a"", ""q2-2"": ""b"", ""q2-3"": ""a"", ""q2-4"": ""b"", ""q2-5"": ""b"", ""q2-6"": ""c"", ""q2-7"": ""a"", ""q2-8"": ""a"", ""q2-9"": ""a"", ""q2-10"": ""d""}",35358,77488
7887,2026-02-23T21:00:19.062222,高大王,32,女,硕士,近试上张水部,/home/ubuntu/workspace/image_voting_system/all_images/近试上张水部_nano.jpg,nano,A,33790,"{""q1-2"": ""a"", ""q1-1"": ""A"", ""q2-1"": ""a"", ""q2-2"": ""a"", ""q2-3"": ""a"", ""q2-4"": ""a"", ""q2-5"": ""a"", ""q2-6"": ""a"", ""q2-7"": ""a"", ""q2-8"": ""a"", ""q2-9"": ""a"", ""q2-10"": ""b""}",31550,65340
7888,2026-02-23T21:03:08.657708,高大王,32,女,硕士,蝉,/home/ubuntu/workspace/image_voting_system/all_images/蝉_gpt.jpg,gpt,B,119264,"{""q1-2"": ""d"", ""q1-1"": ""B"", ""q2-1"": ""a"", ""q2-2"": ""b"", ""q2-3"": ""b"", ""q2-4"": ""c"", ""q2-5"": ""b"", ""q2-6"": ""a"", ""q2-7"": ""a"", ""q2-8"": ""a"", ""q2-9"": ""b"", ""q2-10"": ""c""}",50332,169596
7889,2026-02-23T21:04:30.211832,高大王,32,女,硕士,天末怀李白,/home/ubuntu/workspace/image_voting_system/all_images/天末怀李白_mj.jpg,mj,D,44068,"{""q1-2"": ""c"", ""q1-1"": ""D"", ""q2-1"": ""a"", ""q2-2"": ""b"", ""q2-3"": ""b"", ""q2-4"": ""b"", ""q2-5"": ""a"", ""q2-6"": ""c"", ""q2-7"": ""b"", ""q2-8"": ""a"", ""q2-9"": ""b"", ""q2-10"": ""d""}",37486,81554
7890,2026-02-23T21:05:37.843554,高大王,32,女,硕士,宫词·长乐宫连上苑春,/home/ubuntu/workspace/image_voting_system/all_images/宫词·长乐宫连上苑春_mj.jpg,mj,D,31465,"{""q1-2"": ""a"", ""q1-1"": ""D"", ""q2-1"": ""a"", ""q2-2"": ""a"", ""q2-3"": ""b"", ""q2-4"": ""b"", ""q2-5"": ""a"", ""q2-6"": ""c"", ""q2-7"": ""a"", ""q2-8"": ""d"", ""q2-9"": ""a"", ""q2-10"": ""b""}",36166,67631
7891,2026-02-23T21:08:52.257325,高大王,32,女,硕士,宿业师山房期丁大不至,/home/ubuntu/workspace/image_voting_system/all_images/宿业师山房期丁大不至_mj.jpg,mj,A,106294,"{""q1-2"": ""d"", ""q1-1"": ""B"", ""q2-1"": ""a"", ""q2-2"": ""c"", ""q2-3"": ""d"", ""q2-4"": ""d"", ""q2-5"": ""d"", ""q2-6"": ""c"", ""q2-7"": ""c"", ""q2-8"": ""d"", ""q2-9"": ""c"", ""q2-10"": ""e""}",88120,194414
7892,2026-02-23T21:09:31.162862,BZ4,30,男,博士,寻陆鸿渐不遇,/home/ubuntu/workspace/image_voting_system/all_images/寻陆鸿渐不遇_seedream.jpg,seedream,B,751651,"{""q1-2"": ""a"", ""q1-1"": ""B"", ""q2-1"": ""a"", ""q2-2"": ""a"", ""q2-3"": ""b"", ""q2-4"": ""a"", ""q2-5"": ""a"", ""q2-6"": ""a"", ""q2-7"": ""d"", ""q2-8"": ""a"", ""q2-9"": ""a"", ""q2-10"": ""b""}",24347,775998
7893,2026-02-23T21:09:53.865856,高大王,32,女,硕士,宫词·寂寂花时闭院门,/home/ubuntu/workspace/image_voting_system/all_images/宫词·寂寂花时闭院门_seedream.jpg,seedream,D,30005,"{""q1-2"": ""a"", ""q1-1"": ""D"", ""q2-1"": ""a"", ""q2-2"": ""a"", ""q2-3"": ""a"", ""q2-4"": ""a"", ""q2-5"": ""a"", ""q2-6"": ""a"", ""q2-7"": ""a"", ""q2-8"": ""a"", ""q2-9"": ""a"", ""q2-10"": ""b""}",30673,60678
7894,2026-02-23T21:11:30.685203,高大王,32,女,硕士,遣悲怀三首·其一,/home/ubuntu/workspace/image_voting_system/all_images/遣悲怀三首·其一_nano.jpg,nano,C,79626,"{""q1-2"": ""a"", ""q1-1"": ""C"", ""q2-1"": ""a"", ""q2-2"": ""a"", ""q2-3"": ""a"", ""q2-4"": ""a"", ""q2-5"": ""a"", ""q2-6"": ""a"", ""q2-7"": ""a"", ""q2-8"": ""a"", ""q2-9"": ""a"", ""q2-10"": ""b""}",17193,96819
7895,2026-02-23T21:11:58.498686,高大王,32,女,硕士,游子吟,/home/ubuntu/workspace/image_voting_system/all_images/游子吟_seedream.jpg,seedream,B,13831,"{""q1-2"": ""a"", ""q1-1"": ""B"", ""q2-1"": ""a"", ""q2-2"": ""a"", ""q2-3"": ""a"", ""q2-4"": ""a"", ""q2-5"": ""a"", ""q2-6"": ""a"", ""q2-7"": ""a"", ""q2-8"": ""a"", ""q2-9"": ""a"", ""q2-10"": ""b""}",13983,27814
7896,2026-02-23T21:12:50.022590,高大王,32,女,硕士,八阵图,/home/ubuntu/workspace/image_voting_system/all_images/八阵图_nano.jpg,nano,B,31750,"{""q1-2"": ""a"", ""q1-1"": ""B"", ""q2-1"": ""a"", ""q2-2"": ""b"", ""q2-3"": ""a"", ""q2-4"": ""a"", ""q2-5"": ""a"", ""q2-6"": ""c"", ""q2-7"": ""a"", ""q2-8"": ""a"", ""q2-9"": ""a"", ""q2-10"": ""c""}",19774,51524
7897,2026-02-23T21:14:25.538545,高大王,32,女,硕士,夜归鹿门山歌,/home/ubuntu/workspace/image_voting_system/all_images/夜归鹿门山歌_gpt.jpg,gpt,A,50834,"{""q1-2"": ""c"", ""q1-1"": ""A"", ""q2-1"": ""a"", ""q2-2"": ""b"", ""q2-3"": ""b"", ""q2-4"": ""b"", ""q2-5"": ""a"", ""q2-6"": ""c"", ""q2-7"": ""a"", ""q2-8"": ""a"", ""q2-9"": ""a"", ""q2-10"": ""c""}",44681,95515
7898,2026-02-23T21:16:05.598482,BZ4,30,男,博士,杂诗·近寒食雨草萋萋,/home/ubuntu/workspace/image_voting_system/all_images/杂诗·近寒食雨草萋萋_gpt.jpg,gpt,A,17789,"{""q1-2"": ""a"", ""q1-1"": ""A"", ""q2-1"": ""a"", ""q2-2"": ""a"", ""q2-3"": ""a"", ""q2-4"": ""a"", ""q2-5"": ""a"", ""q2-6"": ""a"", ""q2-7"": ""d"", ""q2-8"": ""a"", ""q2-9"": ""a"", ""q2-10"": ""a""}",376645,394434
7899,2026-02-23T21:18:03.668544,BZ4,30,男,博士,秦中感秋寄远上人,/home/ubuntu/workspace/image_voting_system/all_images/秦中感秋寄远上人_mj.jpg,mj,B,62124,"{""q1-2"": ""b"", ""q1-1"": ""A"", ""q2-1"": ""a"", ""q2-2"": ""a"", ""q2-3"": ""a"", ""q2-4"": ""b"", ""q2-5"": ""b"", ""q2-6"": ""d"", ""q2-7"": ""d"", ""q2-8"": ""b"", ""q2-9"": ""a"", ""q2-10"": ""c""}",55948,118072
7900,2026-02-23T21:18:51.244253,BZ4,30,男,博士,登岳阳楼,/home/ubuntu/workspace/image_voting_system/all_images/登岳阳楼_seedream.jpg,seedream,C,25792,"{""q1-2"": ""a"", ""q1-1"": ""C"", ""q2-1"": ""a"", ""q2-2"": ""a"", ""q2-3"": ""a"", ""q2-4"": ""a"", ""q2-5"": ""a"", ""q2-6"": ""a"", ""q2-7"": ""a"", ""q2-8"": ""a"", ""q2-9"": ""a"", ""q2-10"": ""a""}",20397,46189
7901,2026-02-23T21:20:14.706182,BZ4,30,男,博士,与诸子登岘山,/home/ubuntu/workspace/image_voting_system/all_images/与诸子登岘山_gpt.jpg,gpt,A,53319,"{""q1-2"": ""b"", ""q1-1"": ""A"", ""q2-1"": ""a"", ""q2-2"": ""b"", ""q2-3"": ""a"", ""q2-4"": ""b"", ""q2-5"": ""a"", ""q2-6"": ""a"", ""q2-7"": ""d"", ""q2-8"": ""a"", ""q2-9"": ""b"", ""q2-10"": ""b""}",30143,83462
7902,2026-02-23T21:21:16.296273,BZ4,30,男,博士,桃源行,/home/ubuntu/workspace/image_voting_system/all_images/桃源行_gpt.jpg,gpt,D,27684,"{""q1-2"": ""a"", ""q1-1"": ""C"", ""q2-1"": ""a"", ""q2-2"": ""a"", ""q2-3"": ""a"", ""q2-4"": ""a"", ""q2-5"": ""a"", ""q2-6"": ""c"", ""q2-7"": ""d"", ""q2-8"": ""a"", ""q2-9"": ""a"", ""q2-10"": ""a""}",33906,61590
7903,2026-02-23T21:22:28.323070,BZ4,30,男,博士,奉和圣制从蓬莱向兴庆阁道中留春雨中春望之作应制,/home/ubuntu/workspace/image_voting_system/all_images/奉和圣制从蓬莱向兴庆阁道中留春雨中春望之作应制_gpt.jpg,gpt,A,50676,"{""q1-2"": ""a"", ""q1-1"": ""A"", ""q2-1"": ""a"", ""q2-2"": ""a"", ""q2-3"": ""a"", ""q2-4"": ""a"", ""q2-5"": ""a"", ""q2-6"": ""b"", ""q2-7"": ""d"", ""q2-8"": ""a"", ""q2-9"": ""a"", ""q2-10"": ""a""}",21351,72027
7904,2026-02-23T21:23:08.430675,BZ4,30,男,博士,咏怀古迹五首·其三,/home/ubuntu/workspace/image_voting_system/all_images/咏怀古迹五首·其三_seedream.jpg,seedream,A,17378,"{""q1-2"": ""a"", ""q1-1"": ""A"", ""q2-1"": ""a"", ""q2-2"": ""b"", ""q2-3"": ""a"", ""q2-4"": ""a"", ""q2-5"": ""a"", ""q2-6"": ""a"", ""q2-7"": ""d"", ""q2-8"": ""a"", ""q2-9"": ""a"", ""q2-10"": ""b""}",22730,40108
7905,2026-02-23T21:24:27.458344,BZ4,30,男,博士,听董大弹胡笳声兼寄语弄房给事,/home/ubuntu/workspace/image_voting_system/all_images/听董大弹胡笳声兼寄语弄房给事_nano.jpg,nano,D,58243,"{""q1-2"": ""b"", ""q1-1"": ""D"", ""q2-1"": ""a"", ""q2-2"": ""a"", ""q2-3"": ""a"", ""q2-4"": ""a"", ""q2-5"": ""a"", ""q2-6"": ""a"", ""q2-7"": ""d"", ""q2-8"": ""a"", ""q2-9"": ""a"", ""q2-10"": ""a""}",19580,77823
7906,2026-02-23T21:25:13.376590,BZ4,30,男,博士,秋日登吴公台上寺远眺,/home/ubuntu/workspace/image_voting_system/all_images/秋日登吴公台上寺远眺_nano.jpg,nano,B,23347,"{""q1-2"": ""a"", ""q1-1"": ""B"", ""q2-1"": ""a"", ""q2-2"": ""a"", ""q2-3"": ""a"", ""q2-4"": ""a"", ""q2-5"": ""a"", ""q2-6"": ""a"", ""q2-7"": ""d"", ""q2-8"": ""a"", ""q2-9"": ""a"", ""q2-10"": ""a""}",22572,45919
7907,2026-02-23T21:25:50.836896,BZ4,30,男,博士,行宫,/home/ubuntu/workspace/image_voting_system/all_images/行宫_seedream.jpg,seedream,A,13112,"{""q1-2"": ""a"", ""q1-1"": ""A"", ""q2-1"": ""a"", ""q2-2"": ""a"", ""q2-3"": ""a"", ""q2-4"": ""a"", ""q2-5"": ""e"", ""q2-6"": ""a"", ""q2-7"": ""d"", ""q2-8"": ""a"", ""q2-9"": ""a"", ""q2-10"": ""a""}",24348,37460
7908,2026-02-23T21:27:27.784962,BZ4,30,男,博士,春思·燕草如碧丝,/home/ubuntu/workspace/image_voting_system/all_images/春思·燕草如碧丝_gpt.jpg,gpt,B,67346,"{""q1-2"": ""a"", ""q1-1"": ""B"", ""q2-1"": ""a"", ""q2-2"": ""a"", ""q2-3"": ""a"", ""q2-4"": ""a"", ""q2-5"": ""a"", ""q2-6"": ""a"", ""q2-7"": ""a"", ""q2-8"": ""a"", ""q2-10"": ""a"", ""q2-9"": ""a""}",29602,96948
7909,2026-02-23T21:28:30.584884,BZ4,30,男,博士,别房太尉墓,/home/ubuntu/workspace/image_voting_system/all_images/别房太尉墓_gpt.jpg,gpt,A,22669,"{""q1-2"": ""a"", ""q1-1"": ""A"", ""q2-1"": ""a"", ""q2-2"": ""b"", ""q2-3"": ""a"", ""q2-4"": ""a"", ""q2-5"": ""a"", ""q2-6"": ""b"", ""q2-7"": ""a"", ""q2-8"": ""a"", ""q2-9"": ""a"", ""q2-10"": ""b""}",40131,62800
7910,2026-02-23T21:29:19.413031,BZ4,30,男,博士,金陵酒肆留别,/home/ubuntu/workspace/image_voting_system/all_images/金陵酒肆留别_gpt.jpg,gpt,B,23189,"{""q1-2"": ""a"", ""q1-1"": ""B"", ""q2-1"": ""a"", ""q2-2"": ""a"", ""q2-3"": ""a"", ""q2-4"": ""a"", ""q2-5"": ""a"", ""q2-6"": ""b"", ""q2-7"": ""d"", ""q2-8"": ""a"", ""q2-9"": ""a"", ""q2-10"": ""a""}",24111,47300
7911,2026-02-23T21:30:31.763453,BZ4,30,男,博士,长相思·其二,/home/ubuntu/workspace/image_voting_system/all_images/长相思·其二_nano.jpg,nano,A,50274,"{""q1-2"": ""a"", ""q1-1"": ""A"", ""q2-1"": ""a"", ""q2-2"": ""a"", ""q2-3"": ""a"", ""q2-4"": ""a"", ""q2-5"": ""a"", ""q2-6"": ""b"", ""q2-8"": ""a"", ""q2-7"": ""a"", ""q2-9"": ""a"", ""q2-10"": ""a""}",22077,72351
7912,2026-02-23T21:31:29.461949,BZ4,30,男,博士,与高适薛据同登慈恩寺浮图,/home/ubuntu/workspace/image_voting_system/all_images/与高适薛据同登慈恩寺浮图_nano.jpg,nano,D,21960,"{""q1-2"": ""a"", ""q1-1"": ""D"", ""q2-1"": ""a"", ""q2-2"": ""a"", ""q2-3"": ""b"", ""q2-4"": ""a"", ""q2-5"": ""e"", ""q2-6"": ""c"", ""q2-7"": ""d"", ""q2-8"": ""a"", ""q2-9"": ""a"", ""q2-10"": ""b""}",35738,57698
7913,2026-02-23T21:32:19.175198,BZ4,30,男,博士,江南曲,/home/ubuntu/workspace/image_voting_system/all_images/江南曲_mj.jpg,mj,C,21089,"{""q1-2"": ""a"", ""q1-1"": ""C"", ""q2-1"": ""a"", ""q2-2"": ""b"", ""q2-3"": ""b"", ""q2-4"": ""a"", ""q2-5"": ""a"", ""q2-6"": ""c"", ""q2-7"": ""d"", ""q2-8"": ""a"", ""q2-9"": ""b"", ""q2-10"": ""c""}",28624,49713
7914,2026-02-23T21:33:20.838444,BZ4,30,男,博士,登幽州台歌,/home/ubuntu/workspace/image_voting_system/all_images/登幽州台歌_gpt.jpg,gpt,D,26119,"{""q1-2"": ""b"", ""q1-1"": ""D"", ""q2-1"": ""a"", ""q2-2"": ""b"", ""q2-3"": ""a"", ""q2-4"": ""a"", ""q2-5"": ""a"", ""q2-6"": ""d"", ""q2-7"": ""d"", ""q2-8"": ""a"", ""q2-9"": ""a"", ""q2-10"": ""b""}",35544,61663
7915,2026-02-24T00:56:05.066237,whu,31,男,硕士,夜雨寄北,/home/ubuntu/workspace/image_voting_system/all_images/夜雨寄北_nano.jpg,nano,C,33191,"{""q1-2"": ""a"", ""q1-1"": ""C"", ""q2-1"": ""a"", ""q2-2"": ""a"", ""q2-3"": ""a"", ""q2-4"": ""a"", ""q2-5"": ""a"", ""q2-6"": ""b"", ""q2-7"": ""a"", ""q2-8"": ""a"", ""q2-9"": ""a"", ""q2-10"": ""b""}",26178,59369
7916,2026-02-24T00:58:25.766518,whu,31,男,硕士,哀江头,/home/ubuntu/workspace/image_voting_system/all_images/哀江头_mj.jpg,mj,A,67861,"{""q1-2"": ""d"", ""q1-1"": ""A"", ""q2-1"": ""a"", ""q2-2"": ""a"", ""q2-3"": ""a"", ""q2-4"": ""d"", ""q2-5"": ""c"", ""q2-6"": ""d"", ""q2-7"": ""a"", ""q2-8"": ""d"", ""q2-10"": ""e"", ""q2-9"": ""a""}",72839,140700
7917,2026-02-24T01:01:05.429933,whu,31,男,硕士,白雪歌送武判官归京,/home/ubuntu/workspace/image_voting_system/all_images/白雪歌送武判官归京_seedream.jpg,seedream,B,104881,"{""q1-2"": ""a"", ""q1-1"": ""B"", ""q2-1"": ""a"", ""q2-2"": ""a"", ""q2-3"": ""b"", ""q2-4"": ""b"", ""q2-5"": ""a"", ""q2-6"": ""b"", ""q2-7"": ""a"", ""q2-8"": ""a"", ""q2-9"": ""a"", ""q2-10"": ""c""}",54783,159664
7918,2026-02-24T01:02:29.666198,whu,31,男,硕士,夜上受降城闻笛,/home/ubuntu/workspace/image_voting_system/all_images/夜上受降城闻笛_mj.jpg,mj,D,14138,"{""q1-2"": ""d"", ""q1-1"": ""A"", ""q2-1"": ""a"", ""q2-2"": ""a"", ""q2-3"": ""a"", ""q2-4"": ""d"", ""q2-5"": ""c"", ""q2-6"": ""d"", ""q2-7"": ""a"", ""q2-8"": ""d"", ""q2-9"": ""c"", ""q2-10"": ""e""}",70098,84236
7919,2026-02-24T01:03:47.138144,whu,31,男,硕士,送崔九,/home/ubuntu/workspace/image_voting_system/all_images/送崔九_nano.jpg,nano,D,51632,"{""q1-2"": ""c"", ""q1-1"": ""D"", ""q2-1"": ""a"", ""q2-2"": ""a"", ""q2-3"": ""a"", ""q2-4"": ""b"", ""q2-5"": ""a"", ""q2-6"": ""a"", ""q2-7"": ""a"", ""q2-8"": ""a"", ""q2-9"": ""a"", ""q2-10"": ""b""}",25840,77472
7920,2026-02-24T01:30:41.122194,BZ5,30,男,博士,咏怀古迹五首·其四,/home/ubuntu/workspace/image_voting_system/all_images/咏怀古迹五首·其四_nano.jpg,nano,A,28742,"{""q1-2"": ""a"", ""q1-1"": ""A"", ""q2-1"": ""a"", ""q2-2"": ""a"", ""q2-3"": ""a"", ""q2-4"": ""a"", ""q2-5"": ""a"", ""q2-6"": ""c"", ""q2-7"": ""d"", ""q2-8"": ""a"", ""q2-9"": ""a"", ""q2-10"": ""a""}",29688,58430
7921,2026-02-24T01:35:23.547520,BZ5,30,男,博士,月夜忆舍弟,/home/ubuntu/workspace/image_voting_system/all_images/月夜忆舍弟_seedream.jpg,seedream,D,22713,"{""q1-2"": ""a"", ""q1-1"": ""D"", ""q2-1"": ""a"", ""q2-2"": ""a"", ""q2-3"": ""a"", ""q2-4"": ""a"", ""q2-5"": ""a"", ""q2-6"": ""a"", ""q2-7"": ""d"", ""q2-8"": ""a"", ""q2-9"": ""a"", ""q2-10"": ""a""}",259713,282426
7922,2026-02-24T01:35:50.671267,LuoLuo,30,男,硕士,汉江临泛,/home/ubuntu/workspace/image_voting_system/all_images/汉江临泛_nano.jpg,nano,C,31434,"{""q1-2"": ""c"", ""q1-1"": ""D"", ""q2-1"": ""a"", ""q2-2"": ""a"", ""q2-3"": ""b"", ""q2-4"": ""a"", ""q2-5"": ""a"", ""q2-6"": ""c"", ""q2-7"": ""a"", ""q2-8"": ""a"", ""q2-9"": ""a"", ""q2-10"": ""b""}",32594,64028
7923,2026-02-24T01:37:17.865380,LuoLuo,30,男,硕士,无题·来是空言去绝踪,/home/ubuntu/workspace/image_voting_system/all_images/无题·来是空言去绝踪_mj.jpg,mj,D,35061,"{""q1-2"": ""d"", ""q1-1"": ""B"", ""q2-1"": ""a"", ""q2-2"": ""c"", ""q2-3"": ""c"", ""q2-4"": ""b"", ""q2-5"": ""e"", ""q2-6"": ""d"", ""q2-7"": ""c"", ""q2-8"": ""a"", ""q2-9"": ""c"", ""q2-10"": ""d""}",52133,87194
7924,2026-02-24T01:38:21.057462,LuoLuo,30,男,硕士,韦讽录事宅观曹将军画马图,/home/ubuntu/workspace/image_voting_system/all_images/韦讽录事宅观曹将军画马图_mj.jpg,mj,C,8316,"{""q1-2"": ""c"", ""q1-1"": ""C"", ""q2-1"": ""a"", ""q2-2"": ""b"", ""q2-3"": ""b"", ""q2-4"": ""c"", ""q2-6"": ""c"", ""q2-7"": ""a"", ""q2-8"": ""a"", ""q2-9"": ""b"", ""q2-10"": ""d"", ""q2-5"": ""e""}",54877,63193
7925,2026-02-24T01:39:41.922399,LuoLuo,30,男,硕士,八阵图,/home/ubuntu/workspace/image_voting_system/all_images/八阵图_mj.jpg,mj,D,35969,"{""q1-2"": ""d"", ""q1-1"": ""B"", ""q2-1"": ""b"", ""q2-2"": ""b"", ""q2-3"": ""c"", ""q2-4"": ""c"", ""q2-5"": ""e"", ""q2-6"": ""c"", ""q2-7"": ""c"", ""q2-8"": ""a"", ""q2-9"": ""c"", ""q2-10"": ""e""}",44895,80864
7926,2026-02-24T01:40:48.126859,LuoLuo,30,男,硕士,咏怀古迹五首·其一,/home/ubuntu/workspace/image_voting_system/all_images/咏怀古迹五首·其一_nano.jpg,nano,D,39745,"{""q1-2"": ""b"", ""q1-1"": ""D"", ""q2-1"": ""a"", ""q2-2"": ""b"", ""q2-3"": ""b"", ""q2-4"": ""b"", ""q2-5"": ""b"", ""q2-6"": ""b"", ""q2-7"": ""a"", ""q2-8"": ""a"", ""q2-9"": ""b"", ""q2-10"": ""c""}",26460,66205
7927,2026-02-24T01:42:00.790478,LuoLuo,30,男,硕士,北青萝,/home/ubuntu/workspace/image_voting_system/all_images/北青萝_mj.jpg,mj,C,26437,"{""q1-2"": ""b"", ""q1-1"": ""D"", ""q2-1"": ""a"", ""q2-2"": ""c"", ""q2-3"": ""c"", ""q2-4"": ""c"", ""q2-5"": ""c"", ""q2-6"": ""d"", ""q2-7"": ""b"", ""q2-8"": ""a"", ""q2-9"": ""c"", ""q2-10"": ""d""}",43674,70111
7928,2026-02-24T01:42:39.909301,BZ5,30,男,博士,哀王孙,/home/ubuntu/workspace/image_voting_system/all_images/哀王孙_seedream.jpg,seedream,B,50010,"{""q1-2"": ""a"", ""q1-1"": ""B"", ""q2-1"": ""a"", ""q2-2"": ""a"", ""q2-3"": ""a"", ""q2-4"": ""a"", ""q2-5"": ""e"", ""q2-6"": ""a"", ""q2-7"": ""a"", ""q2-8"": ""a"", ""q2-9"": ""a"", ""q2-10"": ""a""}",386351,436361
7929,2026-02-24T01:42:55.702213,LuoLuo,30,男,硕士,听安万善吹觱篥歌,/home/ubuntu/workspace/image_voting_system/all_images/听安万善吹觱篥歌_nano.jpg,nano,C,28471,"{""q1-2"": ""a"", ""q1-1"": ""C"", ""q2-1"": ""a"", ""q2-2"": ""a"", ""q2-3"": ""a"", ""q2-4"": ""a"", ""q2-5"": ""e"", ""q2-6"": ""a"", ""q2-7"": ""a"", ""q2-8"": ""a"", ""q2-9"": ""a"", ""q2-10"": ""a""}",26440,54911
7930,2026-02-24T01:43:34.691378,BZ5,30,男,博士,寻隐者不遇,/home/ubuntu/workspace/image_voting_system/all_images/寻隐者不遇_seedream.jpg,seedream,B,11466,"{""q1-2"": ""a"", ""q1-1"": ""B"", ""q2-1"": ""a"", ""q2-2"": ""a"", ""q2-3"": ""a"", ""q2-4"": ""a"", ""q2-5"": ""a"", ""q2-6"": ""c"", ""q2-7"": ""d"", ""q2-8"": ""a"", ""q2-9"": ""a"", ""q2-10"": ""a""}",43316,54782
7931,2026-02-24T01:44:26.899611,LuoLuo,30,男,硕士,春思·莺啼燕语报新年,/home/ubuntu/workspace/image_voting_system/all_images/春思·莺啼燕语报新年_seedream.jpg,seedream,A,65084,"{""q1-2"": ""b"", ""q1-1"": ""A"", ""q2-1"": ""a"", ""q2-2"": ""a"", ""q2-3"": ""b"", ""q2-4"": ""a"", ""q2-5"": ""a"", ""q2-6"": ""b"", ""q2-7"": ""a"", ""q2-8"": ""a"", ""q2-9"": ""b"", ""q2-10"": ""b""}",26114,91198
7932,2026-02-24T01:44:32.031941,BZ5,30,男,博士,兵车行,/home/ubuntu/workspace/image_voting_system/all_images/兵车行_gpt.jpg,gpt,C,23897,"{""q1-2"": ""a"", ""q1-1"": ""C"", ""q2-1"": ""a"", ""q2-2"": ""b"", ""q2-3"": ""b"", ""q2-4"": ""a"", ""q2-5"": ""e"", ""q2-6"": ""a"", ""q2-7"": ""d"", ""q2-8"": ""a"", ""q2-9"": ""b"", ""q2-10"": ""b""}",33444,57341
7933,2026-02-24T01:45:23.076873,LuoLuo,30,男,硕士,梦游天姥吟留别,/home/ubuntu/workspace/image_voting_system/all_images/梦游天姥吟留别_gpt.jpg,gpt,B,23339,"{""q1-2"": ""c"", ""q1-1"": ""B"", ""q2-1"": ""a"", ""q2-2"": ""a"", ""q2-3"": ""b"", ""q2-4"": ""b"", ""q2-5"": ""e"", ""q2-6"": ""b"", ""q2-7"": ""a"", ""q2-8"": ""a"", ""q2-9"": ""a"", ""q2-10"": ""c""}",32838,56177
7934,2026-02-24T01:46:05.670636,BZ5,30,男,博士,烈女操,/home/ubuntu/workspace/image_voting_system/all_images/烈女操_mj.jpg,mj,D,17187,"{""q1-2"": ""d"", ""q1-1"": ""B"", ""q2-1"": ""b"", ""q2-2"": ""b"", ""q2-3"": ""b"", ""q2-4"": ""d"", ""q2-5"": ""e"", ""q2-6"": ""e"", ""q2-7"": ""d"", ""q2-8"": ""d"", ""q2-9"": ""c"", ""q2-10"": ""d""}",76452,93639
7935,2026-02-24T01:46:13.334079,LuoLuo,30,男,硕士,蜀相,/home/ubuntu/workspace/image_voting_system/all_images/蜀相_gpt.jpg,gpt,C,10216,"{""q1-2"": ""b"", ""q1-1"": ""C"", ""q2-1"": ""a"", ""q2-2"": ""a"", ""q2-3"": ""a"", ""q2-4"": ""b"", ""q2-5"": ""a"", ""q2-6"": ""b"", ""q2-7"": ""a"", ""q2-8"": ""a"", ""q2-9"": ""a"", ""q2-10"": ""b""}",40041,50257
7936,2026-02-24T01:47:16.408898,LuoLuo,30,男,硕士,贼退示官吏,/home/ubuntu/workspace/image_voting_system/all_images/贼退示官吏_nano.jpg,nano,D,30932,"{""q1-2"": ""c"", ""q1-1"": ""D"", ""q2-1"": ""a"", ""q2-2"": ""b"", ""q2-3"": ""b"", ""q2-4"": ""d"", ""q2-5"": ""e"", ""q2-6"": ""e"", ""q2-7"": ""a"", ""q2-8"": ""a"", ""q2-9"": ""a"", ""q2-10"": ""e""}",30835,61767
7937,2026-02-24T01:48:15.467816,LuoLuo,30,男,硕士,登鹳雀楼,/home/ubuntu/workspace/image_voting_system/all_images/登鹳雀楼_gpt.jpg,gpt,C,15769,"{""q1-2"": ""b"", ""q1-1"": ""C"", ""q2-1"": ""b"", ""q2-2"": ""a"", ""q2-3"": ""c"", ""q2-4"": ""b"", ""q2-5"": ""a"", ""q2-6"": ""c"", ""q2-7"": ""d"", ""q2-8"": ""a"", ""q2-9"": ""a"", ""q2-10"": ""d""}",43290,59059
7938,2026-02-24T01:48:38.755205,LuoLuo,30,男,硕士,回乡偶书,/home/ubuntu/workspace/image_voting_system/all_images/回乡偶书_gpt.jpg,gpt,B,7517,"{""q1-2"": ""a"", ""q1-1"": ""B"", ""q2-1"": ""a"", ""q2-2"": ""a"", ""q2-3"": ""a"", ""q2-4"": ""a"", ""q2-5"": ""a"", ""q2-6"": ""a"", ""q2-7"": ""a"", ""q2-8"": ""a"", ""q2-9"": ""a"", ""q2-10"": ""a""}",15770,23287
7939,2026-02-24T01:49:52.535875,LuoLuo,30,男,硕士,春宿左省,/home/ubuntu/workspace/image_voting_system/all_images/春宿左省_gpt.jpg,gpt,C,51303,"{""q1-2"": ""b"", ""q1-1"": ""C"", ""q2-1"": ""a"", ""q2-2"": ""a"", ""q2-3"": ""a"", ""q2-4"": ""b"", ""q2-5"": ""a"", ""q2-6"": ""b"", ""q2-7"": ""a"", ""q2-8"": ""a"", ""q2-9"": ""a"", ""q2-10"": ""b""}",22478,73781
7940,2026-02-24T01:50:49.113134,LuoLuo,30,男,硕士,巴山道中除夜书怀,/home/ubuntu/workspace/image_voting_system/all_images/巴山道中除夜书怀_nano.jpg,nano,D,21524,"{""q1-2"": ""a"", ""q1-1"": ""D"", ""q2-1"": ""a"", ""q2-2"": ""a"", ""q2-3"": ""c"", ""q2-4"": ""a"", ""q2-5"": ""a"", ""q2-6"": ""e"", ""q2-7"": ""a"", ""q2-8"": ""a"", ""q2-9"": ""a"", ""q2-10"": ""c""}",35053,56577
7941,2026-02-24T01:59:26.013788,BZ5,30,男,博士,赋得暮雨送李胄,/home/ubuntu/workspace/image_voting_system/all_images/赋得暮雨送李胄_mj.jpg,mj,C,113643,"{""q1-2"": ""b"", ""q1-1"": ""C"", ""q2-1"": ""a"", ""q2-2"": ""b"", ""q2-3"": ""a"", ""q2-4"": ""a"", ""q2-5"": ""a"", ""q2-6"": ""c"", ""q2-7"": ""d"", ""q2-8"": ""a"", ""q2-9"": ""b"", ""q2-10"": ""b""}",686700,800343
7942,2026-02-24T02:10:27.555466,BZ5,30,男,博士,已凉,/home/ubuntu/workspace/image_voting_system/all_images/已凉_nano.jpg,nano,D,634553,"{""q1-2"": ""a"", ""q1-1"": ""D"", ""q2-1"": ""a"", ""q2-2"": ""a"", ""q2-3"": ""a"", ""q2-4"": ""a"", ""q2-5"": ""a"", ""q2-6"": ""c"", ""q2-7"": ""a"", ""q2-8"": ""a"", ""q2-9"": ""a"", ""q2-10"": ""a""}",26989,661542
7943,2026-02-24T02:12:37.049403,BZ5,30,男,博士,月夜·今夜鄜州月,/home/ubuntu/workspace/image_voting_system/all_images/月夜·今夜鄜州月_seedream.jpg,seedream,C,15639,"{""q1-2"": ""c"", ""q1-1"": ""C"", ""q2-1"": ""a"", ""q2-2"": ""b"", ""q2-3"": ""c"", ""q2-4"": ""b"", ""q2-5"": ""e"", ""q2-6"": ""b"", ""q2-7"": ""a"", ""q2-8"": ""a"", ""q2-9"": ""a"", ""q2-10"": ""c""}",113854,129493
7944,2026-02-24T02:14:43.424115,BZ5,30,男,博士,蜀相,/home/ubuntu/workspace/image_voting_system/all_images/蜀相_nano.jpg,nano,D,66226,"{""q1-2"": ""a"", ""q1-1"": ""D"", ""q2-1"": ""a"", ""q2-2"": ""a"", ""q2-3"": ""a"", ""q2-4"": ""a"", ""q2-5"": ""a"", ""q2-6"": ""c"", ""q2-7"": ""d"", ""q2-8"": ""a"", ""q2-9"": ""a"", ""q2-10"": ""a""}",60149,126375
7945,2026-02-24T02:17:09.995997,BZ5,30,男,博士,遣悲怀三首·其二,/home/ubuntu/workspace/image_voting_system/all_images/遣悲怀三首·其二_gpt.jpg,gpt,B,26286,"{""q1-2"": ""a"", ""q1-1"": ""B"", ""q2-1"": ""b"", ""q2-2"": ""b"", ""q2-3"": ""a"", ""q2-4"": ""a"", ""q2-5"": ""e"", ""q2-6"": ""a"", ""q2-7"": ""a"", ""q2-8"": ""a"", ""q2-9"": ""a"", ""q2-10"": ""b""}",119005,145291
7946,2026-02-24T02:18:21.399885,BZ5,30,男,博士,奉和中书舍人贾至早朝大明宫,/home/ubuntu/workspace/image_voting_system/all_images/奉和中书舍人贾至早朝大明宫_gpt.jpg,gpt,B,32250,"{""q1-2"": ""b"", ""q1-1"": ""B"", ""q2-1"": ""a"", ""q2-2"": ""a"", ""q2-3"": ""a"", ""q2-4"": ""a"", ""q2-5"": ""e"", ""q2-6"": ""c"", ""q2-7"": ""d"", ""q2-8"": ""a"", ""q2-9"": ""a"", ""q2-10"": ""a""}",39154,71404
7947,2026-02-24T02:19:30.993791,BZ5,30,男,博士,赠别二首·其二,/home/ubuntu/workspace/image_voting_system/all_images/赠别二首·其二_seedream.jpg,seedream,D,42125,"{""q1-2"": ""a"", ""q1-1"": ""D"", ""q2-1"": ""a"", ""q2-2"": ""a"", ""q2-3"": ""a"", ""q2-4"": ""a"", ""q2-5"": ""e"", ""q2-6"": ""a"", ""q2-7"": ""a"", ""q2-8"": ""a"", ""q2-9"": ""a"", ""q2-10"": ""a""}",27469,69594
7948,2026-02-24T02:20:52.515302,BZ5,30,男,博士,行路难·其一,/home/ubuntu/workspace/image_voting_system/all_images/行路难·其一_seedream.jpg,seedream,C,35523,"{""q1-2"": ""a"", ""q1-1"": ""C"", ""q2-1"": ""a"", ""q2-2"": ""a"", ""q2-3"": ""a"", ""q2-4"": ""a"", ""q2-5"": ""a"", ""q2-6"": ""a"", ""q2-7"": ""a"", ""q2-8"": ""a"", ""q2-9"": ""a"", ""q2-10"": ""a""}",45998,81521
7949,2026-02-24T02:21:44.970256,BZ5,30,男,博士,春宫怨,/home/ubuntu/workspace/image_voting_system/all_images/春宫怨_mj.jpg,mj,A,13175,"{""q1-2"": ""c"", ""q1-1"": ""A"", ""q2-1"": ""b"", ""q2-2"": ""b"", ""q2-3"": ""a"", ""q2-4"": ""b"", ""q2-5"": ""e"", ""q2-6"": ""b"", ""q2-7"": ""d"", ""q2-8"": ""d"", ""q2-9"": ""b"", ""q2-10"": ""c""}",39280,52455
7950,2026-02-24T02:22:56.489652,BZ5,30,男,博士,石鼓歌,/home/ubuntu/workspace/image_voting_system/all_images/石鼓歌_mj.jpg,mj,C,40818,"{""q1-2"": ""c"", ""q1-1"": ""C"", ""q2-1"": ""b"", ""q2-2"": ""b"", ""q2-3"": ""c"", ""q2-4"": ""b"", ""q2-5"": ""e"", ""q2-6"": ""b"", ""q2-7"": ""c"", ""q2-8"": ""d"", ""q2-9"": ""b"", ""q2-10"": ""d""}",29168,69986
7951,2026-02-24T02:24:06.358515,BZ5,30,男,博士,与诸子登岘山,/home/ubuntu/workspace/image_voting_system/all_images/与诸子登岘山_mj.jpg,mj,C,30601,"{""q1-2"": ""d"", ""q1-1"": ""C"", ""q2-1"": ""a"", ""q2-2"": ""b"", ""q2-3"": ""c"", ""q2-4"": ""c"", ""q2-5"": ""e"", ""q2-6"": ""d"", ""q2-7"": ""c"", ""q2-8"": ""d"", ""q2-9"": ""c"", ""q2-10"": ""d""}",39267,69868
7952,2026-02-24T02:26:49.048788,BZ5,30,男,博士,望蓟门,/home/ubuntu/workspace/image_voting_system/all_images/望蓟门_mj.jpg,mj,C,93052,"{""q1-2"": ""c"", ""q1-1"": ""C"", ""q2-1"": ""b"", ""q2-2"": ""b"", ""q2-3"": ""b"", ""q2-4"": ""b"", ""q2-5"": ""a"", ""q2-6"": ""c"", ""q2-7"": ""d"", ""q2-8"": ""a"", ""q2-9"": ""b"", ""q2-10"": ""c""}",69639,162691
7953,2026-02-24T02:28:02.729732,BZ5,30,男,博士,听安万善吹觱篥歌,/home/ubuntu/workspace/image_voting_system/all_images/听安万善吹觱篥歌_mj.jpg,mj,C,25435,"{""q1-2"": ""c"", ""q1-1"": ""C"", ""q2-1"": ""a"", ""q2-2"": ""c"", ""q2-3"": ""c"", ""q2-4"": ""b"", ""q2-5"": ""a"", ""q2-6"": ""c"", ""q2-7"": ""a"", ""q2-8"": ""b"", ""q2-9"": ""b"", ""q2-10"": ""d""}",48246,73681
7954,2026-02-24T02:28:56.128137,BZ5,30,男,博士,积雨辋川庄作,/home/ubuntu/workspace/image_voting_system/all_images/积雨辋川庄作_gpt.jpg,gpt,D,37355,"{""q1-2"": ""a"", ""q1-1"": ""D"", ""q2-1"": ""a"", ""q2-2"": ""a"", ""q2-3"": ""a"", ""q2-4"": ""a"", ""q2-5"": ""a"", ""q2-6"": ""a"", ""q2-7"": ""a"", ""q2-8"": ""a"", ""q2-9"": ""a"", ""q2-10"": ""a""}",16043,53398
7955,2026-02-24T02:30:24.877519,BZ5,30,男,博士,出塞,/home/ubuntu/workspace/image_voting_system/all_images/出塞_nano.jpg,nano,B,53556,"{""q1-2"": ""a"", ""q1-1"": ""D"", ""q2-1"": ""a"", ""q2-2"": ""a"", ""q2-3"": ""a"", ""q2-4"": ""a"", ""q2-5"": ""a"", ""q2-6"": ""d"", ""q2-7"": ""d"", ""q2-8"": ""a"", ""q2-9"": ""a"", ""q2-10"": ""b""}",33336,86892
7956,2026-02-24T02:31:59.816295,BZ5,30,男,博士,奉和圣制从蓬莱向兴庆阁道中留春雨中春望之作应制,/home/ubuntu/workspace/image_voting_system/all_images/奉和圣制从蓬莱向兴庆阁道中留春雨中春望之作应制_seedream.jpg,seedream,C,64244,"{""q1-2"": ""a"", ""q1-1"": ""C"", ""q2-1"": ""a"", ""q2-2"": ""a"", ""q2-3"": ""a"", ""q2-4"": ""a"", ""q2-5"": ""a"", ""q2-6"": ""c"", ""q2-7"": ""d"", ""q2-8"": ""a"", ""q2-9"": ""a"", ""q2-10"": ""a""}",30695,94939
7957,2026-02-24T02:33:58.546055,BZ5,30,男,博士,丽人行,/home/ubuntu/workspace/image_voting_system/all_images/丽人行_gpt.jpg,gpt,C,48348,"{""q1-2"": ""b"", ""q1-1"": ""C"", ""q2-1"": ""a"", ""q2-2"": ""a"", ""q2-3"": ""a"", ""q2-4"": ""c"", ""q2-5"": ""c"", ""q2-6"": ""e"", ""q2-7"": ""d"", ""q2-8"": ""a"", ""q2-9"": ""a"", ""q2-10"": ""d""}",70382,118730
7958,2026-02-24T02:35:17.474032,BZ5,30,男,博士,蜀先主庙,/home/ubuntu/workspace/image_voting_system/all_images/蜀先主庙_seedream.jpg,seedream,C,43899,"{""q1-2"": ""b"", ""q1-1"": ""C"", ""q2-1"": ""b"", ""q2-2"": ""a"", ""q2-3"": ""b"", ""q2-4"": ""b"", ""q2-5"": ""e"", ""q2-6"": ""b"", ""q2-7"": ""d"", ""q2-8"": ""a"", ""q2-9"": ""a"", ""q2-10"": ""c""}",35029,78928
7959,2026-02-24T02:36:19.618455,BZ5,30,男,博士,阁夜,/home/ubuntu/workspace/image_voting_system/all_images/阁夜_seedream.jpg,seedream,D,40883,"{""q1-2"": ""a"", ""q1-1"": ""D"", ""q2-1"": ""a"", ""q2-2"": ""a"", ""q2-3"": ""a"", ""q2-4"": ""a"", ""q2-5"": ""a"", ""q2-6"": ""c"", ""q2-7"": ""a"", ""q2-8"": ""a"", ""q2-9"": ""a"", ""q2-10"": ""a""}",21261,62144
7960,2026-02-24T02:37:48.739575,BZ5,30,男,博士,将赴吴兴登乐游原一绝,/home/ubuntu/workspace/image_voting_system/all_images/将赴吴兴登乐游原一绝_mj.jpg,mj,B,54338,"{""q1-2"": ""d"", ""q1-1"": ""A"", ""q2-1"": ""a"", ""q2-2"": ""a"", ""q2-3"": ""a"", ""q2-4"": ""c"", ""q2-5"": ""e"", ""q2-6"": ""c"", ""q2-7"": ""d"", ""q2-8"": ""a"", ""q2-9"": ""b"", ""q2-10"": ""c""}",33514,87852
7961,2026-02-24T02:38:31.745967,BZ5,30,男,博士,夏日南亭怀辛大,/home/ubuntu/workspace/image_voting_system/all_images/夏日南亭怀辛大_gpt.jpg,gpt,D,14221,"{""q1-2"": ""a"", ""q1-1"": ""A"", ""q2-1"": ""a"", ""q2-2"": ""a"", ""q2-3"": ""a"", ""q2-4"": ""a"", ""q2-5"": ""a"", ""q2-6"": ""a"", ""q2-7"": ""a"", ""q2-8"": ""a"", ""q2-9"": ""a"", ""q2-10"": ""a""}",28785,43006
7962,2026-02-24T02:39:06.844078,BZ5,30,男,博士,竹里馆,/home/ubuntu/workspace/image_voting_system/all_images/竹里馆_gpt.jpg,gpt,A,7856,"{""q1-2"": ""a"", ""q1-1"": ""A"", ""q2-1"": ""a"", ""q2-2"": ""a"", ""q2-3"": ""a"", ""q2-4"": ""a"", ""q2-5"": ""a"", ""q2-6"": ""a"", ""q2-7"": ""a"", ""q2-8"": ""a"", ""q2-9"": ""a"", ""q2-10"": ""a""}",27242,35098
7963,2026-02-24T02:40:34.807945,BZ5,30,男,博士,泊秦淮,/home/ubuntu/workspace/image_voting_system/all_images/泊秦淮_nano.jpg,nano,D,52329,"{""q1-2"": ""a"", ""q1-1"": ""D"", ""q2-1"": ""a"", ""q2-2"": ""a"", ""q2-3"": ""a"", ""q2-4"": ""a"", ""q2-5"": ""a"", ""q2-6"": ""c"", ""q2-7"": ""b"", ""q2-8"": ""a"", ""q2-9"": ""a"", ""q2-10"": ""b""}",35635,87964
7964,2026-02-24T02:41:46.373028,BZ5,30,男,博士,遣悲怀三首·其一,/home/ubuntu/workspace/image_voting_system/all_images/遣悲怀三首·其一_mj.jpg,mj,C,29863,"{""q1-2"": ""b"", ""q1-1"": ""C"", ""q2-1"": ""a"", ""q2-2"": ""b"", ""q2-3"": ""a"", ""q2-4"": ""a"", ""q2-5"": ""e"", ""q2-6"": ""b"", ""q2-7"": ""b"", ""q2-8"": ""a"", ""q2-9"": ""c"", ""q2-10"": ""c""}",41702,71565
7965,2026-02-24T02:44:42.530512,BZ5,30,男,博士,听蜀僧濬弹琴,/home/ubuntu/workspace/image_voting_system/all_images/听蜀僧濬弹琴_mj.jpg,mj,A,134615,"{""q1-2"": ""c"", ""q1-1"": ""A"", ""q2-1"": ""a"", ""q2-2"": ""b"", ""q2-3"": ""a"", ""q2-4"": ""b"", ""q2-5"": ""b"", ""q2-6"": ""e"", ""q2-7"": ""b"", ""q2-8"": ""a"", ""q2-9"": ""b"", ""q2-10"": ""c""}",40303,174918
7966,2026-02-24T02:46:35.960387,BZ5,30,男,博士,送魏万之京,/home/ubuntu/workspace/image_voting_system/all_images/送魏万之京_mj.jpg,mj,A,72615,"{""q1-2"": ""c"", ""q1-1"": ""A"", ""q2-1"": ""b"", ""q2-2"": ""b"", ""q2-3"": ""c"", ""q2-4"": ""c"", ""q2-5"": ""e"", ""q2-6"": ""d"", ""q2-7"": ""d"", ""q2-8"": ""d"", ""q2-9"": ""b"", ""q2-10"": ""d""}",40814,113429
7967,2026-02-24T02:48:42.086606,BZ5,30,男,博士,送李中丞之襄州,/home/ubuntu/workspace/image_voting_system/all_images/送李中丞之襄州_nano.jpg,nano,A,89831,"{""q1-2"": ""b"", ""q1-1"": ""B"", ""q2-1"": ""a"", ""q2-2"": ""b"", ""q2-3"": ""a"", ""q2-4"": ""a"", ""q2-5"": ""a"", ""q2-6"": ""b"", ""q2-7"": ""a"", ""q2-8"": ""a"", ""q2-9"": ""a"", ""q2-10"": ""b""}",36296,126127
7968,2026-02-24T02:49:53.073340,BZ5,30,男,博士,宫词·十二楼中尽晓妆,/home/ubuntu/workspace/image_voting_system/all_images/宫词·十二楼中尽晓妆_gpt.jpg,gpt,C,34239,"{""q1-2"": ""b"", ""q1-1"": ""C"", ""q2-1"": ""a"", ""q2-2"": ""b"", ""q2-3"": ""a"", ""q2-4"": ""a"", ""q2-5"": ""e"", ""q2-6"": ""a"", ""q2-7"": ""a"", ""q2-8"": ""a"", ""q2-9"": ""b"", ""q2-10"": ""b""}",36747,70986
7969,2026-02-24T02:50:50.719181,BZ5,30,男,博士,酬郭给事,/home/ubuntu/workspace/image_voting_system/all_images/酬郭给事_mj.jpg,mj,D,24371,"{""q1-2"": ""c"", ""q1-1"": ""D"", ""q2-1"": ""a"", ""q2-2"": ""b"", ""q2-3"": ""a"", ""q2-4"": ""b"", ""q2-5"": ""a"", ""q2-6"": ""c"", ""q2-7"": ""c"", ""q2-8"": ""a"", ""q2-9"": ""b"", ""q2-10"": ""c""}",33275,57646
7970,2026-02-24T02:52:10.096200,BZ5,30,男,博士,子夜吴歌·秋歌,/home/ubuntu/workspace/image_voting_system/all_images/子夜吴歌·秋歌_nano.jpg,nano,A,39363,"{""q1-2"": ""a"", ""q1-1"": ""A"", ""q2-1"": ""a"", ""q2-2"": ""a"", ""q2-3"": ""a"", ""q2-4"": ""a"", ""q2-5"": ""a"", ""q2-6"": ""c"", ""q2-7"": ""a"", ""q2-8"": ""a"", ""q2-9"": ""a"", ""q2-10"": ""a""}",38525,77888
7971,2026-02-24T02:52:59.431992,BZ5,30,男,博士,关山月,/home/ubuntu/workspace/image_voting_system/all_images/关山月_gpt.jpg,gpt,A,27931,"{""q1-2"": ""b"", ""q1-1"": ""A"", ""q2-1"": ""a"", ""q2-2"": ""a"", ""q2-3"": ""a"", ""q2-4"": ""a"", ""q2-5"": ""a"", ""q2-6"": ""a"", ""q2-7"": ""d"", ""q2-8"": ""a"", ""q2-9"": ""a"", ""q2-10"": ""a""}",21405,49336
7972,2026-02-24T02:53:52.512207,BZ5,30,男,博士,杂诗·近寒食雨草萋萋,/home/ubuntu/workspace/image_voting_system/all_images/杂诗·近寒食雨草萋萋_mj.jpg,mj,D,24238,"{""q1-2"": ""d"", ""q1-1"": ""D"", ""q2-1"": ""a"", ""q2-2"": ""b"", ""q2-3"": ""a"", ""q2-4"": ""b"", ""q2-5"": ""b"", ""q2-6"": ""c"", ""q2-7"": ""d"", ""q2-8"": ""a"", ""q2-9"": ""b"", ""q2-10"": ""c""}",28842,53080
7973,2026-02-24T02:55:25.764997,BZ5,30,男,博士,轮台歌奉送封大夫出师西征,/home/ubuntu/workspace/image_voting_system/all_images/轮台歌奉送封大夫出师西征_seedream.jpg,seedream,A,33922,"{""q1-2"": ""a"", ""q1-1"": ""C"", ""q2-1"": ""b"", ""q2-2"": ""a"", ""q2-4"": ""b"", ""q2-5"": ""a"", ""q2-6"": ""b"", ""q2-7"": ""b"", ""q2-8"": ""a"", ""q2-9"": ""a"", ""q2-10"": ""c"", ""q2-3"": ""c""}",59331,93253
7974,2026-02-24T02:56:50.850406,BZ5,30,男,博士,送杜少府之任蜀州,/home/ubuntu/workspace/image_voting_system/all_images/送杜少府之任蜀州_seedream.jpg,seedream,C,38790,"{""q1-2"": ""c"", ""q1-1"": ""D"", ""q2-1"": ""a"", ""q2-2"": ""a"", ""q2-3"": ""c"", ""q2-4"": ""c"", ""q2-5"": ""a"", ""q2-6"": ""e"", ""q2-7"": ""d"", ""q2-8"": ""b"", ""q2-10"": ""c"", ""q2-9"": ""b""}",46295,85085
7975,2026-02-24T02:57:46.817147,BZ5,30,男,博士,送别·下马饮君酒,/home/ubuntu/workspace/image_voting_system/all_images/送别·下马饮君酒_seedream.jpg,seedream,B,33114,"{""q1-2"": ""a"", ""q1-1"": ""B"", ""q2-1"": ""a"", ""q2-2"": ""a"", ""q2-3"": ""b"", ""q2-4"": ""a"", ""q2-5"": ""a"", ""q2-6"": ""b"", ""q2-7"": ""d"", ""q2-8"": ""a"", ""q2-9"": ""a"", ""q2-10"": ""b""}",19653,52767
7976,2026-02-24T02:58:57.998207,BZ5,30,男,博士,乌衣巷,/home/ubuntu/workspace/image_voting_system/all_images/乌衣巷_mj.jpg,mj,A,45538,"{""q1-2"": ""a"", ""q1-1"": ""A"", ""q2-1"": ""a"", ""q2-2"": ""a"", ""q2-3"": ""a"", ""q2-4"": ""a"", ""q2-5"": ""a"", ""q2-6"": ""c"", ""q2-7"": ""d"", ""q2-8"": ""a"", ""q2-9"": ""b"", ""q2-10"": ""b""}",25643,71181
7977,2026-02-24T02:59:56.677873,BZ5,30,男,博士,谷口书斋寄杨补阙,/home/ubuntu/workspace/image_voting_system/all_images/谷口书斋寄杨补阙_nano.jpg,nano,D,32558,"{""q1-2"": ""a"", ""q1-1"": ""D"", ""q2-1"": ""a"", ""q2-2"": ""a"", ""q2-3"": ""a"", ""q2-4"": ""a"", ""q2-5"": ""a"", ""q2-6"": ""c"", ""q2-7"": ""a"", ""q2-8"": ""a"", ""q2-9"": ""a"", ""q2-10"": ""a""}",26122,58680
7978,2026-02-24T03:00:43.559922,BZ5,30,男,博士,秋夜曲,/home/ubuntu/workspace/image_voting_system/all_images/秋夜曲_gpt.jpg,gpt,A,21239,"{""q1-2"": ""a"", ""q1-1"": ""A"", ""q2-1"": ""a"", ""q2-2"": ""a"", ""q2-3"": ""a"", ""q2-4"": ""a"", ""q2-5"": ""a"", ""q2-6"": ""a"", ""q2-7"": ""a"", ""q2-8"": ""a"", ""q2-9"": ""a"", ""q2-10"": ""a""}",25643,46882
7979,2026-02-24T03:01:43.184992,BZ5,30,男,博士,行路难·其二,/home/ubuntu/workspace/image_voting_system/all_images/行路难·其二_gpt.jpg,gpt,C,22013,"{""q1-2"": ""a"", ""q1-1"": ""C"", ""q2-1"": ""a"", ""q2-2"": ""a"", ""q2-3"": ""a"", ""q2-4"": ""a"", ""q2-5"": ""a"", ""q2-6"": ""a"", ""q2-7"": ""a"", ""q2-8"": ""a"", ""q2-9"": ""a"", ""q2-10"": ""a""}",37612,59625
7980,2026-02-24T03:59:50.073497,zl_zl,33,男,硕士,琴歌,/home/ubuntu/workspace/image_voting_system/all_images/琴歌_gpt.jpg,gpt,C,69978,"{""q1-2"": ""b"", ""q1-1"": ""B"", ""q2-1"": ""a"", ""q2-2"": ""a"", ""q2-3"": ""a"", ""q2-4"": ""b"", ""q2-5"": ""a"", ""q2-6"": ""a"", ""q2-7"": ""a"", ""q2-8"": ""a"", ""q2-9"": ""a"", ""q2-10"": ""c""}",176847,246825
7981,2026-02-24T05:19:25.085651,zl_zl,33,男,硕士,梦游天姥吟留别,/home/ubuntu/workspace/image_voting_system/all_images/梦游天姥吟留别_seedream.jpg,seedream,D,46337,"{""q1-2"": ""a"", ""q1-1"": ""D"", ""q2-1"": ""a"", ""q2-2"": ""a"", ""q2-3"": ""a"", ""q2-4"": ""a"", ""q2-5"": ""a"", ""q2-6"": ""c"", ""q2-7"": ""a"", ""q2-8"": ""c"", ""q2-9"": ""b"", ""q2-10"": ""c""}",71803,118140
7982,2026-02-24T05:22:20.222102,zl_zl,33,男,硕士,寻南溪常山道人隐居,/home/ubuntu/workspace/image_voting_system/all_images/寻南溪常山道人隐居_gpt.jpg,gpt,A,117697,"{""q1-2"": ""b"", ""q1-1"": ""A"", ""q2-1"": ""a"", ""q2-2"": ""a"", ""q2-3"": ""a"", ""q2-4"": ""a"", ""q2-5"": ""a"", ""q2-6"": ""c"", ""q2-7"": ""a"", ""q2-8"": ""a"", ""q2-9"": ""a"", ""q2-10"": ""b""}",57439,175136
7983,2026-02-24T05:24:45.743752,zl_zl,33,男,硕士,月夜·今夜鄜州月,/home/ubuntu/workspace/image_voting_system/all_images/月夜·今夜鄜州月_mj.jpg,mj,B,43863,"{""q1-2"": ""d"", ""q1-1"": ""B"", ""q2-1"": ""c"", ""q2-2"": ""a"", ""q2-3"": ""b"", ""q2-4"": ""c"", ""q2-5"": ""b"", ""q2-6"": ""c"", ""q2-7"": ""c"", ""q2-8"": ""a"", ""q2-9"": ""c"", ""q2-10"": ""e""}",101659,145522
7984,2026-02-24T05:26:22.658465,zl_zl,33,男,硕士,江南逢李龟年,/home/ubuntu/workspace/image_voting_system/all_images/江南逢李龟年_seedream.jpg,seedream,C,20814,"{""q1-2"": ""a"", ""q1-1"": ""C"", ""q2-1"": ""a"", ""q2-2"": ""a"", ""q2-3"": ""a"", ""q2-4"": ""a"", ""q2-5"": ""a"", ""q2-6"": ""a"", ""q2-7"": ""a"", ""q2-8"": ""a"", ""q2-9"": ""a"", ""q2-10"": ""b""}",40363,61177
7985,2026-02-24T05:28:21.009229,zl_zl,33,男,硕士,杂诗三首·其二,/home/ubuntu/workspace/image_voting_system/all_images/杂诗三首·其二_mj.jpg,mj,D,52658,"{""q1-2"": ""b"", ""q1-1"": ""D"", ""q2-1"": ""a"", ""q2-2"": ""a"", ""q2-3"": ""a"", ""q2-4"": ""b"", ""q2-5"": ""a"", ""q2-6"": ""c"", ""q2-7"": ""a"", ""q2-8"": ""b"", ""q2-9"": ""b"", ""q2-10"": ""c""}",63385,116043
7986,2026-02-24T05:31:20.662304,zl_zl,33,男,硕士,遣悲怀三首·其三,/home/ubuntu/workspace/image_voting_system/all_images/遣悲怀三首·其三_nano.jpg,nano,D,99815,"{""q1-2"": ""d"", ""q1-1"": ""D"", ""q2-1"": ""a"", ""q2-2"": ""a"", ""q2-3"": ""a"", ""q2-4"": ""b"", ""q2-5"": ""d"", ""q2-6"": ""a"", ""q2-7"": ""a"", ""q2-8"": ""a"", ""q2-9"": ""a"", ""q2-10"": ""c""}",79838,179653
7987,2026-02-24T05:37:17.615465,zl_zl,33,男,硕士,夏日南亭怀辛大,/home/ubuntu/workspace/image_voting_system/all_images/夏日南亭怀辛大_nano.jpg,nano,C,83339,"{""q1-2"": ""b"", ""q1-1"": ""C"", ""q2-1"": ""a"", ""q2-2"": ""a"", ""q2-3"": ""b"", ""q2-4"": ""a"", ""q2-5"": ""a"", ""q2-6"": ""c"", ""q2-7"": ""a"", ""q2-8"": ""a"", ""q2-9"": ""a"", ""q2-10"": ""b""}",35091,118430
7988,2026-02-24T05:39:07.502556,zl_zl,33,男,硕士,谒衡岳庙遂宿岳寺题门楼,/home/ubuntu/workspace/image_voting_system/all_images/谒衡岳庙遂宿岳寺题门楼_seedream.jpg,seedream,A,56859,"{""q1-2"": ""a"", ""q1-1"": ""A"", ""q2-1"": ""a"", ""q2-2"": ""a"", ""q2-3"": ""a"", ""q2-4"": ""a"", ""q2-5"": ""a"", ""q2-6"": ""c"", ""q2-7"": ""a"", ""q2-8"": ""a"", ""q2-9"": ""a"", ""q2-10"": ""b""}",53027,109886
7989,2026-02-24T05:40:46.227794,zl_zl,33,男,硕士,滁州西涧,/home/ubuntu/workspace/image_voting_system/all_images/滁州西涧_seedream.jpg,seedream,D,50287,"{""q1-2"": ""a"", ""q1-1"": ""D"", ""q2-1"": ""a"", ""q2-2"": ""a"", ""q2-3"": ""b"", ""q2-4"": ""a"", ""q2-5"": ""a"", ""q2-6"": ""c"", ""q2-7"": ""a"", ""q2-8"": ""a"", ""q2-9"": ""a"", ""q2-10"": ""b""}",48439,98726
7990,2026-02-24T05:42:55.767854,zl_zl,33,男,硕士,月夜忆舍弟,/home/ubuntu/workspace/image_voting_system/all_images/月夜忆舍弟_nano.jpg,nano,B,72119,"{""q1-2"": ""d"", ""q1-1"": ""B"", ""q2-1"": ""a"", ""q2-2"": ""a"", ""q2-3"": ""a"", ""q2-4"": ""a"", ""q2-5"": ""a"", ""q2-6"": ""d"", ""q2-7"": ""a"", ""q2-8"": ""a"", ""q2-9"": ""a"", ""q2-10"": ""c""}",55112,127231
7991,2026-02-24T05:45:12.320794,zl_zl,33,男,硕士,感遇十二首·其七,/home/ubuntu/workspace/image_voting_system/all_images/感遇十二首·其七_mj.jpg,mj,B,47939,"{""q1-2"": ""c"", ""q1-1"": ""B"", ""q2-1"": ""a"", ""q2-2"": ""a"", ""q2-3"": ""a"", ""q2-4"": ""a"", ""q2-5"": ""a"", ""q2-6"": ""c"", ""q2-7"": ""a"", ""q2-8"": ""a"", ""q2-9"": ""a"", ""q2-10"": ""a""}",88613,136552
7992,2026-02-24T05:46:48.514544,zl_zl,33,男,硕士,和贾舍人早朝大明宫之作,/home/ubuntu/workspace/image_voting_system/all_images/和贾舍人早朝大明宫之作_nano.jpg,nano,D,55502,"{""q1-2"": ""a"", ""q1-1"": ""D"", ""q2-1"": ""a"", ""q2-2"": ""a"", ""q2-3"": ""a"", ""q2-4"": ""a"", ""q2-5"": ""a"", ""q2-6"": ""c"", ""q2-7"": ""a"", ""q2-8"": ""a"", ""q2-9"": ""a"", ""q2-10"": ""c""}",40692,96194
7993,2026-02-24T05:47:56.473237,zl_zl,33,男,硕士,同从弟南斋玩月忆山阴崔少府,/home/ubuntu/workspace/image_voting_system/all_images/同从弟南斋玩月忆山阴崔少府_gpt.jpg,gpt,D,29799,"{""q1-2"": ""a"", ""q1-1"": ""D"", ""q2-1"": ""a"", ""q2-2"": ""a"", ""q2-3"": ""a"", ""q2-4"": ""a"", ""q2-5"": ""a"", ""q2-6"": ""c"", ""q2-7"": ""a"", ""q2-8"": ""a"", ""q2-9"": ""a"", ""q2-10"": ""b""}",38160,67959
7994,2026-02-24T05:51:33.633064,zl_zl,33,男,硕士,丹青引赠曹将军霸,/home/ubuntu/workspace/image_voting_system/all_images/丹青引赠曹将军霸_seedream.jpg,seedream,C,60561,"{""q1-2"": ""b"", ""q1-1"": ""A"", ""q2-1"": ""a"", ""q2-2"": ""a"", ""q2-3"": ""a"", ""q2-4"": ""a"", ""q2-5"": ""a"", ""q2-6"": ""c"", ""q2-7"": ""b"", ""q2-8"": ""a"", ""q2-9"": ""b"", ""q2-10"": ""c""}",70842,131403
7995,2026-02-24T08:36:07.978210,zl_zl,33,男,硕士,寄韩谏议注,/home/ubuntu/workspace/image_voting_system/all_images/寄韩谏议注_nano.jpg,nano,D,63052,"{""q1-2"": ""c"", ""q1-1"": ""D"", ""q2-1"": ""a"", ""q2-2"": ""a"", ""q2-3"": ""a"", ""q2-4"": ""a"", ""q2-5"": ""a"", ""q2-6"": ""c"", ""q2-7"": ""a"", ""q2-8"": ""a"", ""q2-9"": ""a"", ""q2-10"": ""b""}",31739,94791
7996,2026-02-24T08:37:30.688136,zl_zl,33,男,硕士,赠阙下裴舍人,/home/ubuntu/workspace/image_voting_system/all_images/赠阙下裴舍人_gpt.jpg,gpt,C,41678,"{""q1-2"": ""a"", ""q1-1"": ""C"", ""q2-1"": ""a"", ""q2-2"": ""a"", ""q2-3"": ""a"", ""q2-4"": ""a"", ""q2-5"": ""a"", ""q2-6"": ""a"", ""q2-7"": ""a"", ""q2-8"": ""a"", ""q2-9"": ""a"", ""q2-10"": ""b""}",41032,82710
7997,2026-02-24T08:41:26.694125,zl_zl,33,男,硕士,过香积寺,/home/ubuntu/workspace/image_voting_system/all_images/过香积寺_gpt.jpg,gpt,A,210473,"{""q1-2"": ""d"", ""q1-1"": ""A"", ""q2-1"": ""a"", ""q2-2"": ""a"", ""q2-3"": ""a"", ""q2-4"": ""a"", ""q2-5"": ""a"", ""q2-6"": ""c"", ""q2-7"": ""a"", ""q2-8"": ""a"", ""q2-9"": ""a"", ""q2-10"": ""b""}",25533,236006
7998,2026-02-24T08:44:34.896429,zl_zl,33,男,硕士,赋得暮雨送李胄,/home/ubuntu/workspace/image_voting_system/all_images/赋得暮雨送李胄_seedream.jpg,seedream,B,110048,"{""q1-2"": ""a"", ""q1-1"": ""A"", ""q2-1"": ""a"", ""q2-2"": ""a"", ""q2-3"": ""a"", ""q2-4"": ""a"", ""q2-5"": ""a"", ""q2-6"": ""c"", ""q2-7"": ""a"", ""q2-8"": ""a"", ""q2-9"": ""a"", ""q2-10"": ""b""}",78154,188202
7999,2026-02-24T08:45:49.105735,zl_zl,33,男,硕士,寄李儋元锡,/home/ubuntu/workspace/image_voting_system/all_images/寄李儋元锡_mj.jpg,mj,B,38355,"{""q1-2"": ""a"", ""q1-1"": ""B"", ""q2-1"": ""a"", ""q2-2"": ""a"", ""q2-3"": ""b"", ""q2-4"": ""a"", ""q2-5"": ""a"", ""q2-6"": ""c"", ""q2-7"": ""a"", ""q2-8"": ""a"", ""q2-9"": ""a"", ""q2-10"": ""a""}",35855,74210
8000,2026-02-24T08:59:41.697110,zl_zl,33,男,硕士,韩碑,/home/ubuntu/workspace/image_voting_system/all_images/韩碑_mj.jpg,mj,A,60034,"{""q1-2"": ""d"", ""q1-1"": ""A"", ""q2-1"": ""a"", ""q2-2"": ""c"", ""q2-3"": ""a"", ""q2-4"": ""c"", ""q2-5"": ""d"", ""q2-6"": ""c"", ""q2-7"": ""b"", ""q2-8"": ""d"", ""q2-9"": ""c"", ""q2-10"": ""e""}",92190,152224
8001,2026-02-24T09:02:14.558122,zl_zl,33,男,硕士,青溪,/home/ubuntu/workspace/image_voting_system/all_images/青溪_gpt.jpg,gpt,D,110811,"{""q1-2"": ""b"", ""q1-1"": ""D"", ""q2-1"": ""a"", ""q2-2"": ""a"", ""q2-3"": ""a"", ""q2-4"": ""a"", ""q2-5"": ""a"", ""q2-6"": ""c"", ""q2-7"": ""a"", ""q2-8"": ""a"", ""q2-9"": ""a"", ""q2-10"": ""b""}",42050,152861
8002,2026-02-24T09:04:16.457262,zl_zl,33,男,硕士,登金陵凤凰台,/home/ubuntu/workspace/image_voting_system/all_images/登金陵凤凰台_seedream.jpg,seedream,D,30947,"{""q1-2"": ""e"", ""q1-1"": ""D"", ""q2-1"": ""a"", ""q2-2"": ""a"", ""q2-3"": ""a"", ""q2-4"": ""a"", ""q2-5"": ""a"", ""q2-6"": ""c"", ""q2-7"": ""a"", ""q2-8"": ""a"", ""q2-9"": ""a"", ""q2-10"": ""a""}",90952,121899
8003,2026-02-24T09:07:19.541928,zl_zl,33,男,硕士,春怨·打起黄莺儿,/home/ubuntu/workspace/image_voting_system/all_images/春怨·打起黄莺儿_seedream.jpg,seedream,A,138989,"{""q1-2"": ""a"", ""q1-1"": ""A"", ""q2-1"": ""a"", ""q2-2"": ""a"", ""q2-3"": ""a"", ""q2-4"": ""a"", ""q2-5"": ""a"", ""q2-6"": ""b"", ""q2-7"": ""a"", ""q2-8"": ""a"", ""q2-9"": ""a"", ""q2-10"": ""b""}",44096,183085
8004,2026-02-24T09:16:55.835505,zl_zl,33,男,硕士,宿桐庐江寄广陵旧游,/home/ubuntu/workspace/image_voting_system/all_images/宿桐庐江寄广陵旧游_mj.jpg,mj,A,540472,"{""q1-2"": ""b"", ""q1-1"": ""A"", ""q2-1"": ""a"", ""q2-2"": ""a"", ""q2-3"": ""a"", ""q2-4"": ""b"", ""q2-5"": ""a"", ""q2-6"": ""c"", ""q2-7"": ""a"", ""q2-8"": ""a"", ""q2-9"": ""a"", ""q2-10"": ""c""}",35822,576294
8005,2026-02-24T09:17:56.614300,zl_zl,33,男,硕士,长干曲四首·其一,/home/ubuntu/workspace/image_voting_system/all_images/长干曲四首·其一_seedream.jpg,seedream,A,16537,"{""q1-2"": ""a"", ""q1-1"": ""A"", ""q2-1"": ""a"", ""q2-2"": ""a"", ""q2-3"": ""a"", ""q2-4"": ""a"", ""q2-5"": ""a"", ""q2-6"": ""a"", ""q2-7"": ""a"", ""q2-8"": ""a"", ""q2-9"": ""a"", ""q2-10"": ""a""}",20623,37160
8006,2026-02-24T09:19:33.817171,zl_zl,33,男,硕士,听安万善吹觱篥歌,/home/ubuntu/workspace/image_voting_system/all_images/听安万善吹觱篥歌_gpt.jpg,gpt,C,36494,"{""q1-2"": ""b"", ""q1-1"": ""C"", ""q2-1"": ""a"", ""q2-2"": ""a"", ""q2-3"": ""a"", ""q2-4"": ""a"", ""q2-5"": ""a"", ""q2-6"": ""a"", ""q2-7"": ""a"", ""q2-8"": ""a"", ""q2-9"": ""a"", ""q2-10"": ""b""}",60709,97203
8007,2026-02-24T09:21:29.809463,zl_zl,33,男,硕士,凉州词,/home/ubuntu/workspace/image_voting_system/all_images/凉州词_mj.jpg,mj,B,79519,"{""q1-2"": ""a"", ""q1-1"": ""B"", ""q2-1"": ""a"", ""q2-2"": ""a"", ""q2-3"": ""a"", ""q2-4"": ""a"", ""q2-5"": ""a"", ""q2-6"": ""a"", ""q2-7"": ""a"", ""q2-8"": ""a"", ""q2-9"": ""a"", ""q2-10"": ""a""}",36474,115993
8008,2026-02-24T09:25:10.387552,zl_zl,33,男,硕士,宣州谢朓楼饯别校书叔云,/home/ubuntu/workspace/image_voting_system/all_images/宣州谢朓楼饯别校书叔云_gpt.jpg,gpt,C,43527,"{""q1-2"": ""b"", ""q1-1"": ""B"", ""q2-1"": ""a"", ""q2-2"": ""a"", ""q2-3"": ""a"", ""q2-4"": ""a"", ""q2-5"": ""a"", ""q2-6"": ""a"", ""q2-7"": ""a"", ""q2-8"": ""a"", ""q2-9"": ""a"", ""q2-10"": ""b""}",42908,86435
8009,2026-02-24T09:26:23.957000,zl_zl,33,男,硕士,江州重别薛六柳八二员外,/home/ubuntu/workspace/image_voting_system/all_images/江州重别薛六柳八二员外_gpt.jpg,gpt,C,43594,"{""q1-2"": ""c"", ""q1-1"": ""C"", ""q2-1"": ""a"", ""q2-2"": ""a"", ""q2-3"": ""a"", ""q2-4"": ""a"", ""q2-5"": ""a"", ""q2-6"": ""a"", ""q2-7"": ""a"", ""q2-8"": ""a"", ""q2-9"": ""a"", ""q2-10"": ""c""}",29975,73569
8010,2026-02-24T09:28:39.329809,zl_zl,33,男,硕士,瑶瑟怨,/home/ubuntu/workspace/image_voting_system/all_images/瑶瑟怨_gpt.jpg,gpt,C,102116,"{""q1-2"": ""d"", ""q1-1"": ""C"", ""q2-1"": ""a"", ""q2-2"": ""a"", ""q2-3"": ""a"", ""q2-4"": ""a"", ""q2-5"": ""a"", ""q2-6"": ""a"", ""q2-7"": ""a"", ""q2-8"": ""a"", ""q2-9"": ""a"", ""q2-10"": ""b""}",27764,129880
8011,2026-02-24T09:33:32.249873,zl_zl,33,男,硕士,孤雁二首·其二,/home/ubuntu/workspace/image_voting_system/all_images/孤雁二首·其二_nano.jpg,nano,D,92922,"{""q1-2"": ""c"", ""q1-1"": ""D"", ""q2-1"": ""a"", ""q2-2"": ""b"", ""q2-3"": ""c"", ""q2-4"": ""c"", ""q2-5"": ""a"", ""q2-6"": ""c"", ""q2-7"": ""a"", ""q2-8"": ""a"", ""q2-9"": ""b"", ""q2-10"": ""d""}",76143,169065
8012,2026-02-24T09:34:37.594392,zl_zl,33,男,硕士,夕次盱眙县,/home/ubuntu/workspace/image_voting_system/all_images/夕次盱眙县_nano.jpg,nano,B,32279,"{""q1-2"": ""a"", ""q1-1"": ""B"", ""q2-1"": ""a"", ""q2-2"": ""a"", ""q2-3"": ""a"", ""q2-4"": ""a"", ""q2-5"": ""a"", ""q2-6"": ""c"", ""q2-7"": ""a"", ""q2-8"": ""a"", ""q2-9"": ""a"", ""q2-10"": ""b""}",33065,65344
8013,2026-02-24T09:36:01.390991,zl_zl,33,男,硕士,题大庾岭北驿,/home/ubuntu/workspace/image_voting_system/all_images/题大庾岭北驿_seedream.jpg,seedream,C,58854,"{""q1-2"": ""a"", ""q1-1"": ""C"", ""q2-1"": ""a"", ""q2-2"": ""a"", ""q2-3"": ""a"", ""q2-4"": ""a"", ""q2-5"": ""a"", ""q2-6"": ""c"", ""q2-7"": ""a"", ""q2-8"": ""a"", ""q2-9"": ""a"", ""q2-10"": ""b""}",24942,83796
8014,2026-02-24T09:38:54.906774,zl_zl,33,男,硕士,送元二使安西,/home/ubuntu/workspace/image_voting_system/all_images/送元二使安西_mj.jpg,mj,D,54457,"{""q1-2"": ""d"", ""q1-1"": ""C"", ""q2-1"": ""a"", ""q2-2"": ""a"", ""q2-3"": ""a"", ""q2-4"": ""b"", ""q2-5"": ""a"", ""q2-6"": ""c"", ""q2-7"": ""a"", ""q2-8"": ""a"", ""q2-9"": ""a"", ""q2-10"": ""a""}",28318,82775
8015,2026-02-24T18:21:02.855349,LuoLuo,30,男,硕士,留别王侍御维,/home/ubuntu/workspace/image_voting_system/all_images/留别王侍御维_gpt.jpg,gpt,A,19906,"{""q1-2"": ""a"", ""q1-1"": ""A"", ""q2-1"": ""a"", ""q2-2"": ""a"", ""q2-3"": ""a"", ""q2-4"": ""b"", ""q2-5"": ""a"", ""q2-6"": ""b"", ""q2-7"": ""a"", ""q2-8"": ""a"", ""q2-9"": ""a"", ""q2-10"": ""c""}",132301,152207
8016,2026-02-24T18:22:01.651933,LuoLuo,30,男,硕士,春宫怨,/home/ubuntu/workspace/image_voting_system/all_images/春宫怨_gpt.jpg,gpt,A,35071,"{""q1-2"": ""b"", ""q1-1"": ""D"", ""q2-1"": ""a"", ""q2-2"": ""a"", ""q2-3"": ""a"", ""q2-4"": ""a"", ""q2-5"": ""b"", ""q2-6"": ""a"", ""q2-7"": ""a"", ""q2-8"": ""a"", ""q2-9"": ""a"", ""q2-10"": ""b""}",23726,58797
8017,2026-02-24T18:23:29.086001,LuoLuo,30,男,硕士,咏怀古迹五首·其二,/home/ubuntu/workspace/image_voting_system/all_images/咏怀古迹五首·其二_gpt.jpg,gpt,C,61633,"{""q1-2"": ""a"", ""q1-1"": ""C"", ""q2-1"": ""a"", ""q2-2"": ""a"", ""q2-3"": ""b"", ""q2-4"": ""a"", ""q2-5"": ""a"", ""q2-6"": ""a"", ""q2-7"": ""a"", ""q2-8"": ""a"", ""q2-9"": ""a"", ""q2-10"": ""b""}",25801,87434
8018,2026-02-24T18:24:58.643315,whu,31,男,硕士,新嫁娘词,/home/ubuntu/workspace/image_voting_system/all_images/新嫁娘词_nano.jpg,nano,C,19656,"{""q1-2"": ""a"", ""q1-1"": ""C"", ""q2-1"": ""a"", ""q2-2"": ""a"", ""q2-3"": ""a"", ""q2-4"": ""a"", ""q2-5"": ""a"", ""q2-6"": ""a"", ""q2-7"": ""a"", ""q2-8"": ""a"", ""q2-9"": ""a"", ""q2-10"": ""a""}",28186,47842
8019,2026-02-24T18:25:16.713307,LuoLuo,30,男,硕士,送綦毋潜落第还乡,/home/ubuntu/workspace/image_voting_system/all_images/送綦毋潜落第还乡_mj.jpg,mj,D,60027,"{""q1-2"": ""b"", ""q1-1"": ""A"", ""q2-1"": ""a"", ""q2-2"": ""a"", ""q2-3"": ""b"", ""q2-4"": ""b"", ""q2-5"": ""a"", ""q2-6"": ""c"", ""q2-7"": ""a"", ""q2-8"": ""d"", ""q2-9"": ""a"", ""q2-10"": ""c""}",47600,107627
8020,2026-02-24T18:28:02.857460,whu,31,男,硕士,书边事,/home/ubuntu/workspace/image_voting_system/all_images/书边事_seedream.jpg,seedream,C,169520,"{""q1-2"": ""a"", ""q1-1"": ""C"", ""q2-1"": ""a"", ""q2-2"": ""a"", ""q2-3"": ""a"", ""q2-4"": ""a"", ""q2-5"": ""a"", ""q2-6"": ""a"", ""q2-7"": ""a"", ""q2-8"": ""a"", ""q2-9"": ""a"", ""q2-10"": ""a""}",14689,184209
8021,2026-02-24T18:28:43.989332,LuoLuo,30,男,硕士,山石,/home/ubuntu/workspace/image_voting_system/all_images/山石_nano.jpg,nano,D,24255,"{""q1-2"": ""c"", ""q1-1"": ""A"", ""q2-1"": ""b"", ""q2-2"": ""c"", ""q2-3"": ""c"", ""q2-4"": ""b"", ""q2-5"": ""a"", ""q2-6"": ""c"", ""q2-7"": ""b"", ""q2-8"": ""a"", ""q2-9"": ""b"", ""q2-10"": ""e""}",183021,207276
8022,2026-02-24T18:29:42.907207,whu,31,男,硕士,春望,/home/ubuntu/workspace/image_voting_system/all_images/春望_mj.jpg,mj,A,23333,"{""q1-2"": ""d"", ""q1-1"": ""A"", ""q2-1"": ""a"", ""q2-2"": ""c"", ""q2-3"": ""a"", ""q2-4"": ""c"", ""q2-5"": ""b"", ""q2-6"": ""d"", ""q2-7"": ""a"", ""q2-8"": ""a"", ""q2-9"": ""b"", ""q2-10"": ""e""}",76722,100055
8023,2026-02-24T18:29:49.844810,LuoLuo,30,男,硕士,春望,/home/ubuntu/workspace/image_voting_system/all_images/春望_mj.jpg,mj,A,19204,"{""q1-2"": ""a"", ""q1-1"": ""A"", ""q2-1"": ""b"", ""q2-2"": ""b"", ""q2-3"": ""a"", ""q2-4"": ""b"", ""q2-5"": ""a"", ""q2-6"": ""d"", ""q2-7"": ""a"", ""q2-8"": ""a"", ""q2-10"": ""d"", ""q2-9"": ""b""}",32525,51729
8024,2026-02-24T18:32:30.970832,whu,31,男,硕士,与高适薛据同登慈恩寺浮图,/home/ubuntu/workspace/image_voting_system/all_images/与高适薛据同登慈恩寺浮图_gpt.jpg,gpt,D,130568,"{""q1-2"": ""a"", ""q1-1"": ""D"", ""q2-1"": ""a"", ""q2-2"": ""a"", ""q2-3"": ""a"", ""q2-5"": ""a"", ""q2-6"": ""b"", ""q2-7"": ""a"", ""q2-8"": ""a"", ""q2-9"": ""a"", ""q2-10"": ""b"", ""q2-4"": ""b""}",37496,168064
8025,2026-02-24T18:33:23.102463,whu,31,男,硕士,滁州西涧,/home/ubuntu/workspace/image_voting_system/all_images/滁州西涧_gpt.jpg,gpt,A,13131,"{""q1-2"": ""a"", ""q1-1"": ""A"", ""q2-1"": ""a"", ""q2-2"": ""b"", ""q2-3"": ""b"", ""q2-4"": ""a"", ""q2-5"": ""a"", ""q2-6"": ""c"", ""q2-7"": ""a"", ""q2-8"": ""a"", ""q2-9"": ""a"", ""q2-10"": ""c""}",39000,52131
8026,2026-02-24T18:33:42.241429,LuoLuo,30,男,硕士,西塞山怀古,/home/ubuntu/workspace/image_voting_system/all_images/西塞山怀古_gpt.jpg,gpt,B,157733,"{""q1-2"": ""c"", ""q1-1"": ""B"", ""q2-1"": ""a"", ""q2-2"": ""a"", ""q2-3"": ""c"", ""q2-4"": ""b"", ""q2-5"": ""a"", ""q2-6"": ""b"", ""q2-7"": ""a"", ""q2-8"": ""a"", ""q2-9"": ""a"", ""q2-10"": ""c""}",74664,232397
8027,2026-02-24T18:36:51.532428,LuoLuo,30,男,硕士,秦中感秋寄远上人,/home/ubuntu/workspace/image_voting_system/all_images/秦中感秋寄远上人_nano.jpg,nano,B,152089,"{""q1-2"": ""a"", ""q1-1"": ""D"", ""q2-1"": ""a"", ""q2-2"": ""a"", ""q2-3"": ""a"", ""q2-4"": ""a"", ""q2-5"": ""a"", ""q2-6"": ""c"", ""q2-7"": ""a"", ""q2-8"": ""a"", ""q2-9"": ""a"", ""q2-10"": ""b""}",37202,189291
8028,2026-02-24T18:40:25.265679,LuoLuo,30,男,硕士,饯别王十一南游,/home/ubuntu/workspace/image_voting_system/all_images/饯别王十一南游_seedream.jpg,seedream,C,183450,"{""q1-2"": ""a"", ""q1-1"": ""C"", ""q2-1"": ""a"", ""q2-2"": ""a"", ""q2-3"": ""a"", ""q2-4"": ""a"", ""q2-5"": ""a"", ""q2-6"": ""b"", ""q2-7"": ""a"", ""q2-8"": ""a"", ""q2-9"": ""a"", ""q2-10"": ""b""}",30284,213734
8029,2026-02-24T18:41:18.890724,LuoLuo,30,男,硕士,阙题,/home/ubuntu/workspace/image_voting_system/all_images/阙题_mj.jpg,mj,D,21660,"{""q1-2"": ""d"", ""q1-1"": ""A"", ""q2-1"": ""a"", ""q2-2"": ""c"", ""q2-3"": ""b"", ""q2-4"": ""c"", ""q2-5"": ""b"", ""q2-6"": ""c"", ""q2-7"": ""c"", ""q2-8"": ""a"", ""q2-9"": ""c"", ""q2-10"": ""e""}",31965,53625
8030,2026-02-24T18:42:07.285721,LuoLuo,30,男,硕士,梦李白二首·其一,/home/ubuntu/workspace/image_voting_system/all_images/梦李白二首·其一_gpt.jpg,gpt,C,14142,"{""q1-2"": ""c"", ""q1-1"": ""C"", ""q2-1"": ""b"", ""q2-2"": ""a"", ""q2-3"": ""b"", ""q2-4"": ""b"", ""q2-5"": ""a"", ""q2-6"": ""b"", ""q2-7"": ""a"", ""q2-8"": ""a"", ""q2-9"": ""a"", ""q2-10"": ""c""}",31373,45515
8031,2026-02-24T18:44:20.959870,LuoLuo,30,男,硕士,天末怀李白,/home/ubuntu/workspace/image_voting_system/all_images/天末怀李白_seedream.jpg,seedream,C,93547,"{""q1-2"": ""b"", ""q1-1"": ""C"", ""q2-1"": ""a"", ""q2-2"": ""a"", ""q2-3"": ""a"", ""q2-4"": ""b"", ""q2-5"": ""a"", ""q2-6"": ""b"", ""q2-7"": ""a"", ""q2-8"": ""a"", ""q2-9"": ""a"", ""q2-10"": ""b""}",40127,133674
8032,2026-02-24T18:45:35.394113,LuoLuo,30,男,硕士,经邹鲁祭孔子而叹之,/home/ubuntu/workspace/image_voting_system/all_images/经邹鲁祭孔子而叹之_gpt.jpg,gpt,A,40808,"{""q1-2"": ""c"", ""q1-1"": ""A"", ""q2-1"": ""a"", ""q2-2"": ""a"", ""q2-3"": ""a"", ""q2-4"": ""b"", ""q2-5"": ""a"", ""q2-6"": ""b"", ""q2-7"": ""b"", ""q2-8"": ""a"", ""q2-9"": ""a"", ""q2-10"": ""c""}",33626,74434
8033,2026-02-24T18:47:07.768901,LuoLuo,30,男,硕士,宣州谢朓楼饯别校书叔云,/home/ubuntu/workspace/image_voting_system/all_images/宣州谢朓楼饯别校书叔云_nano.jpg,nano,C,34934,"{""q1-2"": ""a"", ""q1-1"": ""A"", ""q2-1"": ""a"", ""q2-2"": ""a"", ""q2-3"": ""a"", ""q2-4"": ""c"", ""q2-5"": ""a"", ""q2-6"": ""b"", ""q2-7"": ""a"", ""q2-8"": ""a"", ""q2-9"": ""a"", ""q2-10"": ""b""}",57440,92374
8034,2026-02-24T18:47:54.367339,LuoLuo,30,男,硕士,送灵澈上人,/home/ubuntu/workspace/image_voting_system/all_images/送灵澈上人_gpt.jpg,gpt,C,18244,"{""q1-2"": ""c"", ""q1-1"": ""C"", ""q2-1"": ""a"", ""q2-2"": ""b"", ""q2-3"": ""b"", ""q2-4"": ""a"", ""q2-5"": ""a"", ""q2-6"": ""c"", ""q2-7"": ""a"", ""q2-8"": ""a"", ""q2-9"": ""a"", ""q2-10"": ""b""}",28355,46599
8035,2026-02-24T18:49:46.164022,LuoLuo,30,男,硕士,望蓟门,/home/ubuntu/workspace/image_voting_system/all_images/望蓟门_seedream.jpg,seedream,D,77486,"{""q1-2"": ""a"", ""q1-1"": ""D"", ""q2-1"": ""a"", ""q2-2"": ""c"", ""q2-3"": ""c"", ""q2-4"": ""b"", ""q2-5"": ""b"", ""q2-6"": ""b"", ""q2-7"": ""b"", ""q2-8"": ""a"", ""q2-9"": ""b"", ""q2-10"": ""d""}",32228,109714
8036,2026-02-24T18:50:55.795111,LuoLuo,30,男,硕士,清平调·其二,/home/ubuntu/workspace/image_voting_system/all_images/清平调·其二_mj.jpg,mj,C,26802,"{""q1-2"": ""d"", ""q1-1"": ""C"", ""q2-1"": ""a"", ""q2-2"": ""c"", ""q2-3"": ""b"", ""q2-4"": ""c"", ""q2-5"": ""e"", ""q2-6"": ""e"", ""q2-7"": ""a"", ""q2-8"": ""a"", ""q2-9"": ""c"", ""q2-10"": ""e""}",42829,69631
8037,2026-02-24T20:39:55.777904,LuoLuo,30,男,硕士,渡荆门送别,/home/ubuntu/workspace/image_voting_system/all_images/渡荆门送别_nano.jpg,nano,C,36938,"{""q1-2"": ""a"", ""q1-1"": ""C"", ""q2-1"": ""a"", ""q2-2"": ""a"", ""q2-3"": ""a"", ""q2-4"": ""a"", ""q2-5"": ""a"", ""q2-6"": ""c"", ""q2-7"": ""a"", ""q2-8"": ""a"", ""q2-9"": ""a"", ""q2-10"": ""b""}",34410,71348
8038,2026-02-24T20:41:46.890063,LuoLuo,30,男,硕士,观公孙大娘弟子舞剑器行,/home/ubuntu/workspace/image_voting_system/all_images/观公孙大娘弟子舞剑器行_nano.jpg,nano,A,75610,"{""q1-2"": ""c"", ""q1-1"": ""A"", ""q2-1"": ""a"", ""q2-2"": ""a"", ""q2-3"": ""b"", ""q2-4"": ""b"", ""q2-5"": ""e"", ""q2-6"": ""c"", ""q2-7"": ""b"", ""q2-8"": ""a"", ""q2-9"": ""a"", ""q2-10"": ""c""}",35502,111112
8039,2026-02-24T20:44:06.001640,LuoLuo,30,男,硕士,子夜吴歌·春歌,/home/ubuntu/workspace/image_voting_system/all_images/子夜吴歌·春歌_nano.jpg,nano,B,95898,"{""q1-2"": ""c"", ""q1-1"": ""B"", ""q2-1"": ""a"", ""q2-2"": ""a"", ""q2-3"": ""b"", ""q2-4"": ""b"", ""q2-5"": ""a"", ""q2-6"": ""c"", ""q2-7"": ""a"", ""q2-8"": ""a"", ""q2-9"": ""a"", ""q2-10"": ""c""}",43214,139112
8040,2026-02-25T04:08:10.378323,zl_zl,33,男,硕士,利州南渡,/home/ubuntu/workspace/image_voting_system/all_images/利州南渡_nano.jpg,nano,B,35544,"{""q1-2"": ""a"", ""q1-1"": ""A"", ""q2-1"": ""a"", ""q2-2"": ""a"", ""q2-3"": ""a"", ""q2-4"": ""b"", ""q2-5"": ""a"", ""q2-6"": ""c"", ""q2-7"": ""a"", ""q2-8"": ""a"", ""q2-9"": ""a"", ""q2-10"": ""a""}",120607,156151
8041,2026-02-25T20:30:16.252447,LuoLuo,30,男,硕士,咏怀古迹五首·其四,/home/ubuntu/workspace/image_voting_system/all_images/咏怀古迹五首·其四_mj.jpg,mj,B,28727,"{""q1-2"": ""d"", ""q1-1"": ""C"", ""q2-1"": ""a"", ""q2-2"": ""c"", ""q2-3"": ""c"", ""q2-4"": ""c"", ""q2-5"": ""b"", ""q2-6"": ""c"", ""q2-7"": ""b"", ""q2-8"": ""a"", ""q2-9"": ""c"", ""q2-10"": ""e""}",89966,118693
8042,2026-02-25T20:31:54.739111,LuoLuo,30,男,硕士,章台夜思,/home/ubuntu/workspace/image_voting_system/all_images/章台夜思_nano.jpg,nano,A,70240,"{""q1-2"": ""a"", ""q1-1"": ""A"", ""q2-1"": ""a"", ""q2-2"": ""a"", ""q2-3"": ""a"", ""q2-4"": ""b"", ""q2-5"": ""a"", ""q2-6"": ""d"", ""q2-7"": ""a"", ""q2-8"": ""a"", ""q2-9"": ""a"", ""q2-10"": ""b""}",28247,98487
8043,2026-02-25T20:32:50.975684,LuoLuo,30,男,硕士,无题·凤尾香罗薄几重,/home/ubuntu/workspace/image_voting_system/all_images/无题·凤尾香罗薄几重_seedream.jpg,seedream,A,30911,"{""q1-2"": ""b"", ""q1-1"": ""A"", ""q2-1"": ""a"", ""q2-2"": ""b"", ""q2-3"": ""b"", ""q2-4"": ""b"", ""q2-5"": ""a"", ""q2-6"": ""e"", ""q2-7"": ""a"", ""q2-8"": ""a"", ""q2-9"": ""a"", ""q2-10"": ""c""}",25326,56237
8044,2026-02-25T20:33:50.972543,LuoLuo,30,男,硕士,题大庾岭北驿,/home/ubuntu/workspace/image_voting_system/all_images/题大庾岭北驿_gpt.jpg,gpt,B,27590,"{""q1-2"": ""b"", ""q1-1"": ""B"", ""q2-1"": ""a"", ""q2-2"": ""a"", ""q2-3"": ""a"", ""q2-4"": ""b"", ""q2-5"": ""a"", ""q2-6"": ""b"", ""q2-7"": ""a"", ""q2-8"": ""a"", ""q2-9"": ""a"", ""q2-10"": ""b""}",32406,59996
8045,2026-02-25T20:35:08.917892,LuoLuo,30,男,硕士,寄全椒山中道士,/home/ubuntu/workspace/image_voting_system/all_images/寄全椒山中道士_mj.jpg,mj,B,29328,"{""q1-2"": ""c"", ""q1-1"": ""D"", ""q2-1"": ""a"", ""q2-2"": ""b"", ""q2-3"": ""b"", ""q2-4"": ""b"", ""q2-5"": ""b"", ""q2-6"": ""d"", ""q2-7"": ""b"", ""q2-8"": ""c"", ""q2-9"": ""b"", ""q2-10"": ""d""}",48618,77946
8046,2026-02-25T20:36:45.760609,LuoLuo,30,男,硕士,渔翁,/home/ubuntu/workspace/image_voting_system/all_images/渔翁_nano.jpg,nano,C,56007,"{""q1-2"": ""b"", ""q1-1"": ""C"", ""q2-1"": ""a"", ""q2-2"": ""a"", ""q2-3"": ""b"", ""q2-4"": ""a"", ""q2-5"": ""a"", ""q2-6"": ""b"", ""q2-7"": ""a"", ""q2-8"": ""a"", ""q2-9"": ""a"", ""q2-10"": ""b""}",39292,95299
8047,2026-02-25T20:38:41.168595,LuoLuo,30,男,硕士,青溪,/home/ubuntu/workspace/image_voting_system/all_images/青溪_nano.jpg,nano,C,70897,"{""q1-2"": ""a"", ""q1-1"": ""D"", ""q2-1"": ""a"", ""q2-2"": ""a"", ""q2-3"": ""a"", ""q2-4"": ""a"", ""q2-5"": ""a"", ""q2-6"": ""b"", ""q2-7"": ""a"", ""q2-8"": ""a"", ""q2-9"": ""a"", ""q2-10"": ""b""}",44512,115409
8048,2026-02-25T20:39:06.605472,LuoLuo,30,男,硕士,月下独酌·其一,/home/ubuntu/workspace/image_voting_system/all_images/月下独酌·其一_gpt.jpg,gpt,A,8282,"{""q1-2"": ""a"", ""q1-1"": ""A"", ""q2-1"": ""a"", ""q2-2"": ""b"", ""q2-3"": ""a"", ""q2-4"": ""a"", ""q2-5"": ""a"", ""q2-6"": ""a"", ""q2-7"": ""a"", ""q2-8"": ""a"", ""q2-9"": ""a"", ""q2-10"": ""b""}",17155,25437
8049,2026-02-25T20:40:15.513099,LuoLuo,30,男,硕士,野望,/home/ubuntu/workspace/image_voting_system/all_images/野望_nano.jpg,nano,D,27227,"{""q1-2"": ""a"", ""q1-1"": ""D"", ""q2-1"": ""a"", ""q2-2"": ""a"", ""q2-3"": ""b"", ""q2-4"": ""a"", ""q2-5"": ""a"", ""q2-6"": ""b"", ""q2-7"": ""a"", ""q2-8"": ""a"", ""q2-9"": ""a"", ""q2-10"": ""c""}",41680,68907
8050,2026-02-25T20:41:08.324286,LuoLuo,30,男,硕士,喜外弟卢纶见宿,/home/ubuntu/workspace/image_voting_system/all_images/喜外弟卢纶见宿_mj.jpg,mj,A,25848,"{""q1-2"": ""c"", ""q1-1"": ""A"", ""q2-1"": ""a"", ""q2-2"": ""b"", ""q2-3"": ""a"", ""q2-4"": ""a"", ""q2-5"": ""a"", ""q2-6"": ""a"", ""q2-7"": ""a"", ""q2-8"": ""a"", ""q2-9"": ""b"", ""q2-10"": ""b""}",26963,52811
8051,2026-02-25T20:42:38.331921,LuoLuo,30,男,硕士,登幽州台歌,/home/ubuntu/workspace/image_voting_system/all_images/登幽州台歌_seedream.jpg,seedream,C,57363,"{""q1-2"": ""b"", ""q1-1"": ""C"", ""q2-1"": ""a"", ""q2-2"": ""b"", ""q2-3"": ""b"", ""q2-4"": ""a"", ""q2-5"": ""a"", ""q2-6"": ""b"", ""q2-7"": ""a"", ""q2-8"": ""a"", ""q2-9"": ""a"", ""q2-10"": ""b""}",31304,88667
8052,2026-02-25T20:43:50.216740,LuoLuo,30,男,硕士,为有,/home/ubuntu/workspace/image_voting_system/all_images/为有_gpt.jpg,gpt,D,40028,"{""q1-2"": ""c"", ""q1-1"": ""D"", ""q2-1"": ""a"", ""q2-2"": ""a"", ""q2-3"": ""b"", ""q2-4"": ""b"", ""q2-5"": ""a"", ""q2-6"": ""a"", ""q2-7"": ""a"", ""q2-8"": ""a"", ""q2-9"": ""a"", ""q2-10"": ""b""}",31857,71885
8053,2026-02-25T20:46:36.457824,LuoLuo,30,男,硕士,风雨,/home/ubuntu/workspace/image_voting_system/all_images/风雨_seedream.jpg,seedream,D,105762,"{""q1-2"": ""c"", ""q1-1"": ""D"", ""q2-1"": ""a"", ""q2-2"": ""b"", ""q2-3"": ""a"", ""q2-4"": ""b"", ""q2-5"": ""a"", ""q2-7"": ""a"", ""q2-8"": ""b"", ""q2-10"": ""b"", ""q2-9"": ""a"", ""q2-6"": ""b""}",60479,166241
8054,2026-02-25T20:48:41.193779,LuoLuo,30,男,硕士,行路难·其二,/home/ubuntu/workspace/image_voting_system/all_images/行路难·其二_mj.jpg,mj,B,26471,"{""q1-2"": ""d"", ""q1-1"": ""B"", ""q2-1"": ""a"", ""q2-2"": ""c"", ""q2-3"": ""d"", ""q2-4"": ""c"", ""q2-5"": ""a"", ""q2-6"": ""d"", ""q2-7"": ""a"", ""q2-8"": ""d"", ""q2-9"": ""b"", ""q2-10"": ""d""}",98265,124736
8055,2026-02-25T20:49:32.669473,LuoLuo,30,男,硕士,章台夜思,/home/ubuntu/workspace/image_voting_system/all_images/章台夜思_gpt.jpg,gpt,C,32075,"{""q1-2"": ""c"", ""q1-1"": ""A"", ""q2-1"": ""a"", ""q2-2"": ""a"", ""q2-3"": ""b"", ""q2-4"": ""a"", ""q2-5"": ""a"", ""q2-6"": ""b"", ""q2-7"": ""a"", ""q2-8"": ""a"", ""q2-9"": ""a"", ""q2-10"": ""b""}",19400,51475
8056,2026-02-25T20:50:43.893588,LuoLuo,30,男,硕士,赋得古原草送别,/home/ubuntu/workspace/image_voting_system/all_images/赋得古原草送别_mj.jpg,mj,B,35592,"{""q1-2"": ""c"", ""q1-1"": ""B"", ""q2-1"": ""a"", ""q2-2"": ""b"", ""q2-3"": ""c"", ""q2-4"": ""c"", ""q2-5"": ""c"", ""q2-6"": ""c"", ""q2-7"": ""d"", ""q2-8"": ""a"", ""q2-9"": ""c"", ""q2-10"": ""d""}",34224,69816
8057,2026-02-25T20:51:40.655866,LuoLuo,30,男,硕士,酬郭给事,/home/ubuntu/workspace/image_voting_system/all_images/酬郭给事_seedream.jpg,seedream,B,17088,"{""q1-2"": ""c"", ""q1-1"": ""B"", ""q2-1"": ""a"", ""q2-2"": ""b"", ""q2-3"": ""b"", ""q2-4"": ""c"", ""q2-5"": ""a"", ""q2-6"": ""e"", ""q2-7"": ""c"", ""q2-8"": ""a"", ""q2-9"": ""b"", ""q2-10"": ""d""}",39674,56762
8058,2026-02-25T20:52:20.028761,LuoLuo,30,男,硕士,寄全椒山中道士,/home/ubuntu/workspace/image_voting_system/all_images/寄全椒山中道士_nano.jpg,nano,D,21004,"{""q1-2"": ""a"", ""q1-1"": ""D"", ""q2-1"": ""a"", ""q2-2"": ""a"", ""q2-3"": ""a"", ""q2-4"": ""a"", ""q2-5"": ""a"", ""q2-6"": ""a"", ""q2-7"": ""a"", ""q2-8"": ""a"", ""q2-9"": ""a"", ""q2-10"": ""b""}",18369,39373
8059,2026-02-25T20:53:18.616618,LuoLuo,30,男,硕士,早寒江上有怀,/home/ubuntu/workspace/image_voting_system/all_images/早寒江上有怀_mj.jpg,mj,A,27419,"{""q1-2"": ""b"", ""q1-1"": ""A"", ""q2-1"": ""a"", ""q2-2"": ""b"", ""q2-3"": ""b"", ""q2-4"": ""c"", ""q2-5"": ""a"", ""q2-6"": ""d"", ""q2-7"": ""a"", ""q2-8"": ""a"", ""q2-9"": ""b"", ""q2-10"": ""d""}",31169,58588
8060,2026-02-25T20:54:46.099977,LuoLuo,30,男,硕士,利州南渡,/home/ubuntu/workspace/image_voting_system/all_images/利州南渡_mj.jpg,mj,C,28504,"{""q1-2"": ""d"", ""q1-1"": ""C"", ""q2-1"": ""b"", ""q2-2"": ""c"", ""q2-3"": ""c"", ""q2-4"": ""c"", ""q2-5"": ""b"", ""q2-6"": ""c"", ""q2-7"": ""c"", ""q2-8"": ""a"", ""q2-9"": ""c"", ""q2-10"": ""e""}",58979,87483
8061,2026-02-25T20:56:58.619899,LuoLuo,30,男,硕士,和张仆射塞下曲·其二,/home/ubuntu/workspace/image_voting_system/all_images/和张仆射塞下曲·其二_mj.jpg,mj,A,31214,"{""q1-2"": ""c"", ""q1-1"": ""A"", ""q2-1"": ""a"", ""q2-2"": ""b"", ""q2-3"": ""a"", ""q2-4"": ""b"", ""q2-5"": ""a"", ""q2-6"": ""a"", ""q2-7"": ""a"", ""q2-8"": ""a"", ""q2-9"": ""a"", ""q2-10"": ""b""}",92466,123680
8062,2026-02-25T20:57:58.383570,LuoLuo,30,男,硕士,望洞庭湖赠张丞相,/home/ubuntu/workspace/image_voting_system/all_images/望洞庭湖赠张丞相_nano.jpg,nano,C,17815,"{""q1-2"": ""b"", ""q1-1"": ""C"", ""q2-1"": ""a"", ""q2-2"": ""a"", ""q2-3"": ""a"", ""q2-4"": ""b"", ""q2-5"": ""a"", ""q2-6"": ""b"", ""q2-7"": ""a"", ""q2-8"": ""a"", ""q2-9"": ""a"", ""q2-10"": ""b""}",41949,59764
8063,2026-02-25T20:59:05.526485,LuoLuo,30,男,硕士,月夜·今夜鄜州月,/home/ubuntu/workspace/image_voting_system/all_images/月夜·今夜鄜州月_gpt.jpg,gpt,A,22012,"{""q1-2"": ""b"", ""q1-1"": ""A"", ""q2-1"": ""a"", ""q2-2"": ""b"", ""q2-3"": ""a"", ""q2-4"": ""b"", ""q2-5"": ""a"", ""q2-6"": ""b"", ""q2-7"": ""a"", ""q2-8"": ""a"", ""q2-9"": ""a"", ""q2-10"": ""c""}",45130,67142
8064,2026-02-25T21:00:12.152489,LuoLuo,30,男,硕士,感遇十二首·其二,/home/ubuntu/workspace/image_voting_system/all_images/感遇十二首·其二_gpt.jpg,gpt,B,46736,"{""q1-2"": ""c"", ""q1-1"": ""B"", ""q2-1"": ""a"", ""q2-2"": ""a"", ""q2-3"": ""a"", ""q2-4"": ""a"", ""q2-5"": ""a"", ""q2-6"": ""b"", ""q2-7"": ""a"", ""q2-8"": ""a"", ""q2-9"": ""a"", ""q2-10"": ""b""}",19890,66626
8065,2026-02-25T21:01:05.564253,LuoLuo,30,男,硕士,塞下曲·蝉鸣空桑林,/home/ubuntu/workspace/image_voting_system/all_images/塞下曲·蝉鸣空桑林_gpt.jpg,gpt,D,22965,"{""q1-2"": ""c"", ""q1-1"": ""B"", ""q2-1"": ""a"", ""q2-2"": ""b"", ""q2-3"": ""b"", ""q2-4"": ""b"", ""q2-5"": ""a"", ""q2-6"": ""c"", ""q2-7"": ""a"", ""q2-8"": ""a"", ""q2-9"": ""a"", ""q2-10"": ""c""}",30447,53412
8066,2026-02-25T21:02:03.120621,LuoLuo,30,男,硕士,瑶池,/home/ubuntu/workspace/image_voting_system/all_images/瑶池_mj.jpg,mj,C,15662,"{""q1-2"": ""d"", ""q1-1"": ""A"", ""q2-1"": ""b"", ""q2-2"": ""c"", ""q2-3"": ""d"", ""q2-4"": ""d"", ""q2-5"": ""e"", ""q2-6"": ""c"", ""q2-7"": ""c"", ""q2-8"": ""d"", ""q2-9"": ""c"", ""q2-10"": ""e""}",34207,49869
8067,2026-02-25T21:02:59.894458,LuoLuo,30,男,硕士,初发扬子寄元大校书,/home/ubuntu/workspace/image_voting_system/all_images/初发扬子寄元大校书_mj.jpg,mj,A,21268,"{""q1-2"": ""a"", ""q1-1"": ""A"", ""q2-1"": ""a"", ""q2-2"": ""b"", ""q2-3"": ""a"", ""q2-4"": ""b"", ""q2-5"": ""b"", ""q2-6"": ""d"", ""q2-7"": ""a"", ""q2-8"": ""a"", ""q2-9"": ""b"", ""q2-10"": ""c""}",35505,56773
8068,2026-02-25T21:03:57.016563,LuoLuo,30,男,硕士,春泛若耶溪,/home/ubuntu/workspace/image_voting_system/all_images/春泛若耶溪_nano.jpg,nano,C,29631,"{""q1-2"": ""a"", ""q1-1"": ""C"", ""q2-1"": ""a"", ""q2-2"": ""b"", ""q2-3"": ""b"", ""q2-4"": ""b"", ""q2-5"": ""a"", ""q2-6"": ""c"", ""q2-7"": ""a"", ""q2-8"": ""a"", ""q2-9"": ""a"", ""q2-10"": ""b""}",27492,57123
8069,2026-02-25T21:05:04.497884,LuoLuo,30,男,硕士,酬程延秋夜即事见赠,/home/ubuntu/workspace/image_voting_system/all_images/酬程延秋夜即事见赠_nano.jpg,nano,C,31592,"{""q1-2"": ""a"", ""q1-1"": ""C"", ""q2-1"": ""b"", ""q2-2"": ""c"", ""q2-3"": ""d"", ""q2-4"": ""b"", ""q2-5"": ""a"", ""q2-6"": ""b"", ""q2-7"": ""b"", ""q2-8"": ""a"", ""q2-9"": ""a"", ""q2-10"": ""d""}",35889,67481
8070,2026-02-25T21:06:17.462541,LuoLuo,30,男,硕士,隋宫·紫泉宫殿锁烟霞,/home/ubuntu/workspace/image_voting_system/all_images/隋宫·紫泉宫殿锁烟霞_gpt.jpg,gpt,D,36012,"{""q1-2"": ""c"", ""q1-1"": ""B"", ""q2-1"": ""a"", ""q2-2"": ""b"", ""q2-3"": ""c"", ""q2-4"": ""c"", ""q2-5"": ""a"", ""q2-6"": ""d"", ""q2-7"": ""b"", ""q2-8"": ""a"", ""q2-9"": ""b"", ""q2-10"": ""d""}",36952,72964
8071,2026-02-25T21:07:02.500858,LuoLuo,30,男,硕士,八月十五夜赠张功曹,/home/ubuntu/workspace/image_voting_system/all_images/八月十五夜赠张功曹_nano.jpg,nano,A,17677,"{""q1-2"": ""b"", ""q1-1"": ""A"", ""q2-1"": ""a"", ""q2-2"": ""b"", ""q2-3"": ""b"", ""q2-4"": ""b"", ""q2-5"": ""a"", ""q2-6"": ""b"", ""q2-7"": ""a"", ""q2-8"": ""a"", ""q2-9"": ""b"", ""q2-10"": ""c""}",25919,43596
8072,2026-02-25T21:07:33.787921,LuoLuo,30,男,硕士,登乐游原,/home/ubuntu/workspace/image_voting_system/all_images/登乐游原_nano.jpg,nano,D,17750,"{""q1-2"": ""a"", ""q1-1"": ""D"", ""q2-1"": ""a"", ""q2-2"": ""a"", ""q2-3"": ""a"", ""q2-4"": ""a"", ""q2-5"": ""a"", ""q2-6"": ""a"", ""q2-7"": ""a"", ""q2-8"": ""a"", ""q2-9"": ""a"", ""q2-10"": ""a""}",13537,31287
8073,2026-02-25T21:08:30.500147,LuoLuo,30,男,硕士,兵车行,/home/ubuntu/workspace/image_voting_system/all_images/兵车行_mj.jpg,mj,C,9089,"{""q1-2"": ""a"", ""q1-1"": ""C"", ""q2-1"": ""a"", ""q2-2"": ""c"", ""q2-3"": ""b"", ""q2-4"": ""a"", ""q2-5"": ""b"", ""q2-6"": ""b"", ""q2-7"": ""c"", ""q2-8"": ""a"", ""q2-9"": ""c"", ""q2-10"": ""c""}",47623,56712
8074,2026-02-25T21:09:23.875896,LuoLuo,30,男,硕士,早寒江上有怀,/home/ubuntu/workspace/image_voting_system/all_images/早寒江上有怀_seedream.jpg,seedream,D,29298,"{""q1-2"": ""b"", ""q1-1"": ""B"", ""q2-1"": ""a"", ""q2-2"": ""a"", ""q2-3"": ""a"", ""q2-4"": ""a"", ""q2-5"": ""a"", ""q2-6"": ""a"", ""q2-7"": ""a"", ""q2-8"": ""a"", ""q2-9"": ""a"", ""q2-10"": ""a""}",24078,53376
8075,2026-02-25T21:10:08.147698,LuoLuo,30,男,硕士,客夜与故人偶集,/home/ubuntu/workspace/image_voting_system/all_images/客夜与故人偶集_nano.jpg,nano,A,11690,"{""q1-2"": ""c"", ""q1-1"": ""A"", ""q2-1"": ""a"", ""q2-2"": ""b"", ""q2-3"": ""b"", ""q2-4"": ""a"", ""q2-5"": ""a"", ""q2-6"": ""b"", ""q2-7"": ""a"", ""q2-8"": ""a"", ""q2-9"": ""b"", ""q2-10"": ""c""}",32582,44272
8076,2026-02-26T00:01:54.856375,whu,31,男,硕士,琵琶行,/home/ubuntu/workspace/image_voting_system/all_images/琵琶行_nano.jpg,nano,C,29136,"{""q1-2"": ""a"", ""q1-1"": ""C"", ""q2-1"": ""a"", ""q2-2"": ""a"", ""q2-3"": ""a"", ""q2-4"": ""a"", ""q2-6"": ""a"", ""q2-5"": ""a"", ""q2-7"": ""a"", ""q2-8"": ""a"", ""q2-9"": ""a"", ""q2-10"": ""b""}",27541,56677
8077,2026-02-26T00:02:51.951828,whu,31,男,硕士,登高,/home/ubuntu/workspace/image_voting_system/all_images/登高_mj.jpg,mj,B,17653,"{""q1-2"": ""d"", ""q1-1"": ""B"", ""q2-1"": ""a"", ""q2-2"": ""a"", ""q2-3"": ""a"", ""q2-4"": ""d"", ""q2-5"": ""d"", ""q2-6"": ""d"", ""q2-7"": ""d"", ""q2-8"": ""d"", ""q2-9"": ""b"", ""q2-10"": ""e""}",39443,57096
8078,2026-02-26T16:49:36.308664,zl_zl,33,男,硕士,咏怀古迹五首·其二,/home/ubuntu/workspace/image_voting_system/all_images/咏怀古迹五首·其二_seedream.jpg,seedream,A,131696917,"{""q1-2"": ""a"", ""q1-1"": ""A"", ""q2-1"": ""a"", ""q2-2"": ""a"", ""q2-3"": ""a"", ""q2-4"": ""a"", ""q2-5"": ""a"", ""q2-6"": ""c"", ""q2-7"": ""a"", ""q2-8"": ""a"", ""q2-9"": ""a"", ""q2-10"": ""a""}",38035,131734952
8079,2026-02-26T16:50:39.932089,zl_zl,33,男,硕士,长相思·其一,/home/ubuntu/workspace/image_voting_system/all_images/长相思·其一_mj.jpg,mj,C,35429,"{""q1-2"": ""a"", ""q1-1"": ""C"", ""q2-1"": ""a"", ""q2-2"": ""a"", ""q2-3"": ""a"", ""q2-4"": ""a"", ""q2-5"": ""a"", ""q2-6"": ""c"", ""q2-7"": ""a"", ""q2-8"": ""a"", ""q2-9"": ""a"", ""q2-10"": ""a""}",28194,63623
8080,2026-02-26T16:57:36.656057,zl_zl,33,男,硕士,黄鹤楼,/home/ubuntu/workspace/image_voting_system/all_images/黄鹤楼_mj.jpg,mj,D,225602,"{""q1-2"": ""d"", ""q1-1"": ""D"", ""q2-1"": ""a"", ""q2-2"": ""a"", ""q2-3"": ""a"", ""q2-4"": ""c"", ""q2-5"": ""a"", ""q2-6"": ""c"", ""q2-7"": ""a"", ""q2-8"": ""a"", ""q2-9"": ""a"", ""q2-10"": ""d""}",76955,302557
8081,2026-02-26T17:00:17.757889,zl_zl,33,男,硕士,宿业师山房期丁大不至,/home/ubuntu/workspace/image_voting_system/all_images/宿业师山房期丁大不至_gpt.jpg,gpt,C,83036,"{""q1-2"": ""d"", ""q1-1"": ""C"", ""q2-1"": ""a"", ""q2-2"": ""a"", ""q2-3"": ""c"", ""q2-4"": ""a"", ""q2-5"": ""a"", ""q2-6"": ""c"", ""q2-7"": ""a"", ""q2-8"": ""a"", ""q2-9"": ""a"", ""q2-10"": ""c""}",78066,161102
8082,2026-02-26T17:03:14.501387,zl_zl,33,男,硕士,山居秋暝,/home/ubuntu/workspace/image_voting_system/all_images/山居秋暝_mj.jpg,mj,D,51783,"{""q1-2"": ""a"", ""q1-1"": ""D"", ""q2-1"": ""a"", ""q2-2"": ""a"", ""q2-3"": ""a"", ""q2-4"": ""b"", ""q2-5"": ""a"", ""q2-6"": ""a"", ""q2-7"": ""a"", ""q2-8"": ""a"", ""q2-9"": ""a"", ""q2-10"": ""c""}",122656,174439
8083,2026-02-26T17:06:43.721902,zl_zl,33,男,硕士,九日登望仙台呈刘明府,/home/ubuntu/workspace/image_voting_system/all_images/九日登望仙台呈刘明府_mj.jpg,mj,C,136324,"{""q1-2"": ""d"", ""q1-1"": ""B"", ""q2-1"": ""a"", ""q2-2"": ""b"", ""q2-3"": ""a"", ""q2-4"": ""c"", ""q2-5"": ""c"", ""q2-6"": ""c"", ""q2-7"": ""a"", ""q2-8"": ""a"", ""q2-9"": ""a"", ""q2-10"": ""d""}",72897,209221
8084,2026-02-26T17:08:28.808308,zl_zl,33,男,硕士,咏怀古迹五首·其四,/home/ubuntu/workspace/image_voting_system/all_images/咏怀古迹五首·其四_gpt.jpg,gpt,A,65667,"{""q1-2"": ""c"", ""q1-1"": ""A"", ""q2-1"": ""a"", ""q2-2"": ""a"", ""q2-3"": ""a"", ""q2-4"": ""a"", ""q2-5"": ""a"", ""q2-6"": ""c"", ""q2-7"": ""a"", ""q2-8"": ""a"", ""q2-9"": ""a"", ""q2-10"": ""c""}",39419,105086
8085,2026-02-26T17:11:05.597904,zl_zl,33,男,硕士,次北固山下,/home/ubuntu/workspace/image_voting_system/all_images/次北固山下_mj.jpg,mj,B,76625,"{""q1-2"": ""d"", ""q1-1"": ""D"", ""q2-1"": ""a"", ""q2-2"": ""a"", ""q2-3"": ""a"", ""q2-4"": ""a"", ""q2-5"": ""a"", ""q2-6"": ""a"", ""q2-7"": ""a"", ""q2-8"": ""a"", ""q2-9"": ""a"", ""q2-10"": ""a""}",80165,156790
8086,2026-02-26T17:11:53.392348,zl_zl,33,男,硕士,长信秋词五首·其三,/home/ubuntu/workspace/image_voting_system/all_images/长信秋词五首·其三_seedream.jpg,seedream,A,19265,"{""q1-2"": ""a"", ""q1-1"": ""A"", ""q2-1"": ""a"", ""q2-2"": ""a"", ""q2-3"": ""a"", ""q2-4"": ""a"", ""q2-5"": ""a"", ""q2-6"": ""a"", ""q2-7"": ""a"", ""q2-8"": ""a"", ""q2-9"": ""a"", ""q2-10"": ""b""}",28529,47794
8087,2026-02-26T17:15:02.602954,zl_zl,33,男,硕士,苏武庙,/home/ubuntu/workspace/image_voting_system/all_images/苏武庙_seedream.jpg,seedream,D,112515,"{""q1-2"": ""c"", ""q1-1"": ""A"", ""q2-1"": ""a"", ""q2-2"": ""a"", ""q2-3"": ""a"", ""q2-4"": ""b"", ""q2-5"": ""a"", ""q2-6"": ""c"", ""q2-7"": ""a"", ""q2-8"": ""a"", ""q2-9"": ""a"", ""q2-10"": ""c""}",74622,187137
8088,2026-02-26T17:16:11.103545,zl_zl,33,男,硕士,次北固山下,/home/ubuntu/workspace/image_voting_system/all_images/次北固山下_seedream.jpg,seedream,A,49757,"{""q1-2"": ""b"", ""q1-1"": ""A"", ""q2-1"": ""a"", ""q2-2"": ""a"", ""q2-3"": ""a"", ""q2-4"": ""a"", ""q2-5"": ""a"", ""q2-6"": ""c"", ""q2-7"": ""a"", ""q2-8"": ""a"", ""q2-9"": ""a"", ""q2-10"": ""a""}",18743,68500
8089,2026-02-26T17:18:31.031503,zl_zl,33,男,硕士,近试上张水部,/home/ubuntu/workspace/image_voting_system/all_images/近试上张水部_mj.jpg,mj,D,69771,"{""q1-2"": ""d"", ""q1-1"": ""C"", ""q2-1"": ""a"", ""q2-2"": ""a"", ""q2-3"": ""a"", ""q2-5"": ""e"", ""q2-6"": ""c"", ""q2-7"": ""a"", ""q2-8"": ""d"", ""q2-9"": ""b"", ""q2-10"": ""d"", ""q2-4"": ""c""}",70158,139929
8090,2026-02-26T17:21:16.296388,zl_zl,33,男,硕士,送杨氏女,/home/ubuntu/workspace/image_voting_system/all_images/送杨氏女_gpt.jpg,gpt,B,138532,"{""q1-2"": ""b"", ""q1-1"": ""B"", ""q2-1"": ""a"", ""q2-2"": ""a"", ""q2-3"": ""a"", ""q2-4"": ""a"", ""q2-5"": ""a"", ""q2-6"": ""a"", ""q2-7"": ""a"", ""q2-8"": ""a"", ""q2-9"": ""a"", ""q2-10"": ""c""}",26732,165264
8091,2026-02-26T17:22:41.905817,zl_zl,33,男,硕士,枫桥夜泊,/home/ubuntu/workspace/image_voting_system/all_images/枫桥夜泊_nano.jpg,nano,D,65434,"{""q1-2"": ""b"", ""q1-1"": ""D"", ""q2-1"": ""a"", ""q2-2"": ""a"", ""q2-3"": ""a"", ""q2-4"": ""a"", ""q2-5"": ""a"", ""q2-6"": ""c"", ""q2-7"": ""a"", ""q2-8"": ""a"", ""q2-9"": ""a"", ""q2-10"": ""b""}",20176,85610
8092,2026-02-26T17:25:19.881054,zl_zl,33,男,硕士,瑶池,/home/ubuntu/workspace/image_voting_system/all_images/瑶池_gpt.jpg,gpt,C,69421,"{""q1-2"": ""a"", ""q1-1"": ""C"", ""q2-1"": ""a"", ""q2-2"": ""a"", ""q2-3"": ""a"", ""q2-4"": ""a"", ""q2-5"": ""a"", ""q2-6"": ""a"", ""q2-7"": ""a"", ""q2-8"": ""a"", ""q2-9"": ""a"", ""q2-10"": ""b""}",86606,156027
8093,2026-02-26T17:26:39.696018,zl_zl,33,男,硕士,听董大弹胡笳声兼寄语弄房给事,/home/ubuntu/workspace/image_voting_system/all_images/听董大弹胡笳声兼寄语弄房给事_gpt.jpg,gpt,B,42162,"{""q1-2"": ""c"", ""q1-1"": ""B"", ""q2-1"": ""a"", ""q2-2"": ""a"", ""q2-3"": ""a"", ""q2-4"": ""a"", ""q2-5"": ""a"", ""q2-6"": ""a"", ""q2-7"": ""a"", ""q2-8"": ""a"", ""q2-9"": ""a"", ""q2-10"": ""b""}",37653,79815
8094,2026-02-26T17:30:27.978680,zl_zl,33,男,硕士,客夜与故人偶集,/home/ubuntu/workspace/image_voting_system/all_images/客夜与故人偶集_gpt.jpg,gpt,A,36453,"{""q1-2"": ""a"", ""q1-1"": ""A"", ""q2-1"": ""a"", ""q2-2"": ""a"", ""q2-3"": ""a"", ""q2-4"": ""a"", ""q2-5"": ""a"", ""q2-6"": ""a"", ""q2-7"": ""a"", ""q2-8"": ""a"", ""q2-9"": ""a"", ""q2-10"": ""c""}",191830,228283
8095,2026-02-26T17:31:35.102271,zl_zl,33,男,硕士,归嵩山作,/home/ubuntu/workspace/image_voting_system/all_images/归嵩山作_seedream.jpg,seedream,A,23868,"{""q1-2"": ""e"", ""q1-1"": ""A"", ""q2-1"": ""a"", ""q2-2"": ""a"", ""q2-3"": ""a"", ""q2-4"": ""a"", ""q2-5"": ""a"", ""q2-6"": ""a"", ""q2-7"": ""a"", ""q2-8"": ""a"", ""q2-9"": ""a"", ""q2-10"": ""a""}",43255,67123
8096,2026-02-26T17:34:35.179939,zl_zl,33,男,硕士,蜀道难,/home/ubuntu/workspace/image_voting_system/all_images/蜀道难_mj.jpg,mj,B,57775,"{""q1-2"": ""d"", ""q1-1"": ""C"", ""q2-1"": ""a"", ""q2-2"": ""a"", ""q2-3"": ""a"", ""q2-4"": ""c"", ""q2-5"": ""a"", ""q2-6"": ""c"", ""q2-7"": ""a"", ""q2-8"": ""a"", ""q2-9"": ""a"", ""q2-10"": ""c""}",122303,180078
8097,2026-02-26T17:36:44.733099,zl_zl,33,男,硕士,塞下曲·蝉鸣空桑林,/home/ubuntu/workspace/image_voting_system/all_images/塞下曲·蝉鸣空桑林_seedream.jpg,seedream,C,81996,"{""q1-2"": ""d"", ""q1-1"": ""C"", ""q2-1"": ""a"", ""q2-2"": ""a"", ""q2-3"": ""a"", ""q2-4"": ""a"", ""q2-5"": ""a"", ""q2-6"": ""c"", ""q2-7"": ""a"", ""q2-8"": ""a"", ""q2-9"": ""a"", ""q2-10"": ""b""}",45437,127433
8098,2026-02-26T17:38:06.191325,zl_zl,33,男,硕士,苏武庙,/home/ubuntu/workspace/image_voting_system/all_images/苏武庙_mj.jpg,mj,D,58501,"{""q1-2"": ""d"", ""q1-1"": ""D"", ""q2-1"": ""a"", ""q2-2"": ""a"", ""q2-3"": ""a"", ""q2-4"": ""b"", ""q2-5"": ""a"", ""q2-6"": ""c"", ""q2-7"": ""a"", ""q2-8"": ""a"", ""q2-9"": ""a"", ""q2-10"": ""b""}",22957,81458
8099,2026-02-26T17:39:32.052561,zl_zl,33,男,硕士,望蓟门,/home/ubuntu/workspace/image_voting_system/all_images/望蓟门_gpt.jpg,gpt,A,57689,"{""q1-2"": ""d"", ""q1-1"": ""A"", ""q2-1"": ""a"", ""q2-2"": ""a"", ""q2-3"": ""a"", ""q2-4"": ""a"", ""q2-5"": ""a"", ""q2-6"": ""c"", ""q2-7"": ""a"", ""q2-8"": ""a"", ""q2-9"": ""a"", ""q2-10"": ""b""}",28173,85862
8100,2026-02-26T17:40:50.106351,zl_zl,33,男,硕士,相思,/home/ubuntu/workspace/image_voting_system/all_images/相思_nano.jpg,nano,D,56742,"{""q1-2"": ""a"", ""q1-1"": ""D"", ""q2-1"": ""a"", ""q2-2"": ""a"", ""q2-3"": ""a"", ""q2-4"": ""a"", ""q2-5"": ""a"", ""q2-6"": ""c"", ""q2-7"": ""a"", ""q2-8"": ""a"", ""q2-9"": ""a"", ""q2-10"": ""a""}",21311,78053
8101,2026-02-26T17:42:38.277926,zl_zl,33,男,硕士,清平调·其一,/home/ubuntu/workspace/image_voting_system/all_images/清平调·其一_gpt.jpg,gpt,C,46089,"{""q1-2"": ""b"", ""q1-1"": ""C"", ""q2-1"": ""a"", ""q2-2"": ""a"", ""q2-3"": ""a"", ""q2-4"": ""b"", ""q2-5"": ""a"", ""q2-6"": ""a"", ""q2-7"": ""a"", ""q2-8"": ""a"", ""q2-9"": ""a"", ""q2-10"": ""b""}",62083,108172
8102,2026-02-26T18:13:47.607296,高大王,32,女,硕士,怨情,/home/ubuntu/workspace/image_voting_system/all_images/怨情_gpt.jpg,gpt,D,384708,"{""q1-2"": ""a"", ""q1-1"": ""D"", ""q2-1"": ""a"", ""q2-2"": ""b"", ""q2-3"": ""b"", ""q2-4"": ""a"", ""q2-5"": ""a"", ""q2-6"": ""a"", ""q2-7"": ""a"", ""q2-8"": ""a"", ""q2-9"": ""a"", ""q2-10"": ""c""}",40087,424795
8103,2026-02-26T18:15:14.096349,高大王,32,女,硕士,独不见,/home/ubuntu/workspace/image_voting_system/all_images/独不见_nano.jpg,nano,B,27382,"{""q1-2"": ""a"", ""q1-1"": ""B"", ""q2-1"": ""a"", ""q2-2"": ""a"", ""q2-3"": ""a"", ""q2-4"": ""a"", ""q2-5"": ""a"", ""q2-6"": ""b"", ""q2-7"": ""a"", ""q2-8"": ""a"", ""q2-9"": ""a"", ""q2-10"": ""b""}",59107,86489
8104,2026-02-26T18:16:26.863959,高大王,32,女,硕士,谷口书斋寄杨补阙,/home/ubuntu/workspace/image_voting_system/all_images/谷口书斋寄杨补阙_gpt.jpg,gpt,D,53804,"{""q1-2"": ""a"", ""q1-1"": ""D"", ""q2-1"": ""a"", ""q2-2"": ""a"", ""q2-3"": ""a"", ""q2-4"": ""a"", ""q2-5"": ""a"", ""q2-6"": ""c"", ""q2-7"": ""a"", ""q2-8"": ""a"", ""q2-9"": ""a"", ""q2-10"": ""b""}",18964,72768
8105,2026-02-26T18:17:55.179440,高大王,32,女,硕士,初发扬子寄元大校书,/home/ubuntu/workspace/image_voting_system/all_images/初发扬子寄元大校书_gpt.jpg,gpt,D,50120,"{""q1-2"": ""a"", ""q1-1"": ""D"", ""q2-1"": ""a"", ""q2-2"": ""b"", ""q2-3"": ""b"", ""q2-4"": ""b"", ""q2-5"": ""a"", ""q2-6"": ""c"", ""q2-7"": ""a"", ""q2-8"": ""a"", ""q2-9"": ""b"", ""q2-10"": ""c""}",38195,88315
8106,2026-02-26T18:20:48.837278,高大王,32,女,硕士,蝉,/home/ubuntu/workspace/image_voting_system/all_images/蝉_mj.jpg,mj,C,97889,"{""q1-2"": ""d"", ""q1-1"": ""D"", ""q2-1"": ""a"", ""q2-2"": ""b"", ""q2-3"": ""b"", ""q2-4"": ""c"", ""q2-5"": ""c"", ""q2-6"": ""d"", ""q2-7"": ""b"", ""q2-8"": ""d"", ""q2-9"": ""b"", ""q2-10"": ""d""}",75769,173658
8107,2026-02-26T18:22:03.056741,高大王,32,女,硕士,泊秦淮,/home/ubuntu/workspace/image_voting_system/all_images/泊秦淮_gpt.jpg,gpt,B,34098,"{""q1-2"": ""a"", ""q1-1"": ""B"", ""q2-1"": ""a"", ""q2-2"": ""b"", ""q2-3"": ""b"", ""q2-4"": ""a"", ""q2-5"": ""a"", ""q2-6"": ""a"", ""q2-7"": ""a"", ""q2-8"": ""a"", ""q2-9"": ""b"", ""q2-10"": ""c""}",38720,72818
8108,2026-02-26T18:23:02.908250,高大王,32,女,硕士,江南曲,/home/ubuntu/workspace/image_voting_system/all_images/江南曲_gpt.jpg,gpt,D,24903,"{""q1-2"": ""a"", ""q1-1"": ""D"", ""q2-1"": ""a"", ""q2-2"": ""b"", ""q2-3"": ""a"", ""q2-4"": ""a"", ""q2-5"": ""a"", ""q2-6"": ""a"", ""q2-7"": ""a"", ""q2-8"": ""a"", ""q2-9"": ""b"", ""q2-10"": ""c""}",34952,59855
8109,2026-02-26T18:24:46.484449,高大王,32,女,硕士,寄人,/home/ubuntu/workspace/image_voting_system/all_images/寄人_seedream.jpg,seedream,B,79978,"{""q1-2"": ""a"", ""q1-1"": ""B"", ""q2-1"": ""a"", ""q2-2"": ""a"", ""q2-3"": ""a"", ""q2-4"": ""a"", ""q2-5"": ""a"", ""q2-6"": ""a"", ""q2-7"": ""a"", ""q2-8"": ""a"", ""q2-9"": ""a"", ""q2-10"": ""a""}",23598,103576
8110,2026-02-26T18:26:14.904148,高大王,32,女,硕士,登金陵凤凰台,/home/ubuntu/workspace/image_voting_system/all_images/登金陵凤凰台_nano.jpg,nano,B,56908,"{""q1-2"": ""c"", ""q1-1"": ""B"", ""q2-1"": ""a"", ""q2-2"": ""a"", ""q2-3"": ""a"", ""q2-4"": ""b"", ""q2-5"": ""b"", ""q2-6"": ""c"", ""q2-7"": ""a"", ""q2-8"": ""a"", ""q2-9"": ""a"", ""q2-10"": ""b""}",31512,88420
8111,2026-02-26T18:27:16.614566,高大王,32,女,硕士,望岳,/home/ubuntu/workspace/image_voting_system/all_images/望岳_nano.jpg,nano,A,36000,"{""q1-2"": ""a"", ""q1-1"": ""A"", ""q2-1"": ""a"", ""q2-2"": ""a"", ""q2-3"": ""a"", ""q2-4"": ""a"", ""q2-5"": ""a"", ""q2-6"": ""c"", ""q2-7"": ""a"", ""q2-8"": ""a"", ""q2-9"": ""a"", ""q2-10"": ""b""}",25710,61710
8112,2026-02-26T18:28:35.824978,高大王,32,女,硕士,宫词·十二楼中尽晓妆,/home/ubuntu/workspace/image_voting_system/all_images/宫词·十二楼中尽晓妆_nano.jpg,nano,C,56379,"{""q1-2"": ""a"", ""q1-1"": ""C"", ""q2-1"": ""a"", ""q2-2"": ""a"", ""q2-3"": ""a"", ""q2-4"": ""a"", ""q2-5"": ""a"", ""q2-6"": ""c"", ""q2-7"": ""a"", ""q2-8"": ""a"", ""q2-9"": ""a"", ""q2-10"": ""b""}",21964,78343
8113,2026-02-26T18:29:52.400814,高大王,32,女,硕士,望月怀远,/home/ubuntu/workspace/image_voting_system/all_images/望月怀远_gpt.jpg,gpt,D,54918,"{""q1-2"": ""b"", ""q1-1"": ""D"", ""q2-1"": ""a"", ""q2-2"": ""b"", ""q2-3"": ""a"", ""q2-4"": ""b"", ""q2-5"": ""a"", ""q2-6"": ""c"", ""q2-7"": ""a"", ""q2-8"": ""a"", ""q2-9"": ""b"", ""q2-10"": ""c""}",21658,76576
8114,2026-02-26T18:32:26.007710,高大王,32,女,硕士,夜雨寄北,/home/ubuntu/workspace/image_voting_system/all_images/夜雨寄北_mj.jpg,mj,B,62875,"{""q1-2"": ""a"", ""q1-1"": ""B"", ""q2-1"": ""a"", ""q2-2"": ""a"", ""q2-3"": ""b"", ""q2-4"": ""b"", ""q2-5"": ""a"", ""q2-6"": ""c"", ""q2-7"": ""b"", ""q2-8"": ""d"", ""q2-9"": ""c"", ""q2-10"": ""d""}",90732,153607
8115,2026-02-26T18:34:14.592616,高大王,32,女,硕士,寻南溪常山道人隐居,/home/ubuntu/workspace/image_voting_system/all_images/寻南溪常山道人隐居_mj.jpg,mj,A,57440,"{""q1-2"": ""a"", ""q1-1"": ""A"", ""q2-1"": ""a"", ""q2-2"": ""a"", ""q2-3"": ""b"", ""q2-4"": ""b"", ""q2-5"": ""a"", ""q2-6"": ""c"", ""q2-7"": ""a"", ""q2-8"": ""b"", ""q2-9"": ""b"", ""q2-10"": ""c""}",51145,108585
8116,2026-02-26T18:35:06.915936,高大王,32,女,硕士,静夜思,/home/ubuntu/workspace/image_voting_system/all_images/静夜思_seedream.jpg,seedream,C,9668,"{""q1-2"": ""a"", ""q1-1"": ""C"", ""q2-1"": ""a"", ""q2-2"": ""b"", ""q2-3"": ""c"", ""q2-4"": ""b"", ""q2-5"": ""a"", ""q2-6"": ""a"", ""q2-7"": ""a"", ""q2-8"": ""a"", ""q2-9"": ""a"", ""q2-10"": ""c""}",42655,52323
8117,2026-02-26T18:36:25.419352,高大王,32,女,硕士,哀王孙,/home/ubuntu/workspace/image_voting_system/all_images/哀王孙_mj.jpg,mj,C,35701,"{""q1-2"": ""a"", ""q1-1"": ""C"", ""q2-1"": ""a"", ""q2-2"": ""c"", ""q2-3"": ""b"", ""q2-4"": ""b"", ""q2-5"": ""b"", ""q2-6"": ""b"", ""q2-7"": ""a"", ""q2-8"": ""d"", ""q2-9"": ""b"", ""q2-10"": ""d""}",41912,77613
8118,2026-02-26T18:37:40.808992,高大王,32,女,硕士,长干曲四首·其二,/home/ubuntu/workspace/image_voting_system/all_images/长干曲四首·其二_gpt.jpg,gpt,D,24462,"{""q1-2"": ""a"", ""q1-1"": ""D"", ""q2-1"": ""a"", ""q2-2"": ""b"", ""q2-3"": ""b"", ""q2-4"": ""a"", ""q2-5"": ""a"", ""q2-6"": ""c"", ""q2-7"": ""a"", ""q2-8"": ""a"", ""q2-9"": ""a"", ""q2-10"": ""c""}",50928,75390
8119,2026-02-26T18:39:16.434478,高大王,32,女,硕士,登金陵凤凰台,/home/ubuntu/workspace/image_voting_system/all_images/登金陵凤凰台_mj.jpg,mj,B,46696,"{""q1-2"": ""a"", ""q1-1"": ""C"", ""q2-1"": ""a"", ""q2-2"": ""b"", ""q2-3"": ""c"", ""q2-4"": ""c"", ""q2-5"": ""b"", ""q2-6"": ""c"", ""q2-7"": ""c"", ""q2-8"": ""a"", ""q2-9"": ""b"", ""q2-10"": ""d""}",48929,95625
8120,2026-02-26T18:41:03.489403,高大王,32,女,硕士,灞上秋居,/home/ubuntu/workspace/image_voting_system/all_images/灞上秋居_mj.jpg,mj,B,40805,"{""q1-2"": ""a"", ""q1-1"": ""C"", ""q2-1"": ""a"", ""q2-2"": ""b"", ""q2-3"": ""b"", ""q2-4"": ""b"", ""q2-5"": ""a"", ""q2-6"": ""b"", ""q2-7"": ""a"", ""q2-8"": ""b"", ""q2-9"": ""a"", ""q2-10"": ""c""}",66250,107055
8121,2026-02-26T18:42:13.196845,高大王,32,女,硕士,古柏行,/home/ubuntu/workspace/image_voting_system/all_images/古柏行_mj.jpg,mj,D,26403,"{""q1-2"": ""a"", ""q1-1"": ""D"", ""q2-1"": ""a"", ""q2-2"": ""b"", ""q2-3"": ""a"", ""q2-4"": ""a"", ""q2-5"": ""a"", ""q2-6"": ""c"", ""q2-7"": ""a"", ""q2-8"": ""b"", ""q2-9"": ""b"", ""q2-10"": ""c""}",43305,69708
8122,2026-02-26T20:08:30.611290,LuoLuo,30,男,硕士,和张仆射塞下曲·其二,/home/ubuntu/workspace/image_voting_system/all_images/和张仆射塞下曲·其二_seedream.jpg,seedream,C,15566,"{""q1-2"": ""c"", ""q1-1"": ""B"", ""q2-1"": ""a"", ""q2-2"": ""b"", ""q2-3"": ""a"", ""q2-4"": ""a"", ""q2-5"": ""a"", ""q2-6"": ""a"", ""q2-7"": ""a"", ""q2-8"": ""a"", ""q2-9"": ""a"", ""q2-10"": ""b""}",33589,49155
8123,2026-02-26T20:09:04.983878,LuoLuo,30,男,硕士,白雪歌送武判官归京,/home/ubuntu/workspace/image_voting_system/all_images/白雪歌送武判官归京_gpt.jpg,gpt,A,9034,"{""q1-2"": ""a"", ""q1-1"": ""A"", ""q2-1"": ""a"", ""q2-2"": ""a"", ""q2-3"": ""b"", ""q2-4"": ""a"", ""q2-5"": ""a"", ""q2-6"": ""a"", ""q2-7"": ""a"", ""q2-8"": ""a"", ""q2-9"": ""a"", ""q2-10"": ""b""}",25339,34373
8124,2026-02-26T20:10:36.047203,LuoLuo,30,男,硕士,酬程延秋夜即事见赠,/home/ubuntu/workspace/image_voting_system/all_images/酬程延秋夜即事见赠_mj.jpg,mj,D,55170,"{""q1-2"": ""b"", ""q1-1"": ""C"", ""q2-1"": ""a"", ""q2-2"": ""c"", ""q2-3"": ""b"", ""q2-4"": ""c"", ""q2-5"": ""a"", ""q2-6"": ""d"", ""q2-7"": ""a"", ""q2-8"": ""d"", ""q2-9"": ""b"", ""q2-10"": ""d""}",35893,91063
8125,2026-02-26T20:14:53.722965,LuoLuo,30,男,硕士,咏怀古迹五首·其二,/home/ubuntu/workspace/image_voting_system/all_images/咏怀古迹五首·其二_mj.jpg,mj,A,227856,"{""q1-2"": ""b"", ""q1-1"": ""A"", ""q2-1"": ""a"", ""q2-2"": ""b"", ""q2-3"": ""b"", ""q2-4"": ""b"", ""q2-5"": ""a"", ""q2-6"": ""d"", ""q2-7"": ""a"", ""q2-8"": ""a"", ""q2-9"": ""c"", ""q2-10"": ""d""}",29820,257676
8126,2026-02-26T20:17:10.544984,LuoLuo,30,男,硕士,江南逢李龟年,/home/ubuntu/workspace/image_voting_system/all_images/江南逢李龟年_mj.jpg,mj,D,87593,"{""q1-2"": ""b"", ""q1-1"": ""D"", ""q2-1"": ""a"", ""q2-2"": ""c"", ""q2-3"": ""b"", ""q2-4"": ""b"", ""q2-5"": ""a"", ""q2-6"": ""d"", ""q2-7"": ""a"", ""q2-8"": ""d"", ""q2-9"": ""b"", ""q2-10"": ""d""}",49229,136822
8127,2026-02-26T20:18:34.626983,LuoLuo,30,男,硕士,出塞,/home/ubuntu/workspace/image_voting_system/all_images/出塞_mj.jpg,mj,D,50500,"{""q1-2"": ""d"", ""q1-1"": ""A"", ""q2-1"": ""a"", ""q2-2"": ""b"", ""q2-3"": ""b"", ""q2-4"": ""c"", ""q2-5"": ""e"", ""q2-6"": ""c"", ""q2-7"": ""b"", ""q2-8"": ""d"", ""q2-9"": ""b"", ""q2-10"": ""d""}",28876,79376
8128,2026-02-26T20:20:24.041075,LuoLuo,30,男,硕士,玉阶怨,/home/ubuntu/workspace/image_voting_system/all_images/玉阶怨_mj.jpg,mj,C,72327,"{""q1-2"": ""a"", ""q1-1"": ""B"", ""q2-1"": ""a"", ""q2-2"": ""b"", ""q2-3"": ""b"", ""q2-5"": ""a"", ""q2-6"": ""c"", ""q2-7"": ""b"", ""q2-8"": ""a"", ""q2-9"": ""b"", ""q2-10"": ""d"", ""q2-4"": ""b""}",37087,109414
8129,2026-02-26T20:21:49.526618,LuoLuo,30,男,硕士,长恨歌,/home/ubuntu/workspace/image_voting_system/all_images/长恨歌_gpt.jpg,gpt,B,56775,"{""q1-2"": ""d"", ""q1-1"": ""B"", ""q2-1"": ""a"", ""q2-2"": ""a"", ""q2-3"": ""a"", ""q2-4"": ""b"", ""q2-5"": ""e"", ""q2-6"": ""b"", ""q2-7"": ""a"", ""q2-8"": ""a"", ""q2-9"": ""a"", ""q2-10"": ""c""}",28710,85485
8130,2026-02-26T20:23:00.023103,LuoLuo,30,男,硕士,赠内人,/home/ubuntu/workspace/image_voting_system/all_images/赠内人_seedream.jpg,seedream,B,41792,"{""q1-2"": ""a"", ""q1-1"": ""D"", ""q2-1"": ""a"", ""q2-2"": ""a"", ""q2-3"": ""b"", ""q2-4"": ""a"", ""q2-5"": ""a"", ""q2-6"": ""a"", ""q2-7"": ""a"", ""q2-8"": ""a"", ""q2-9"": ""a"", ""q2-10"": ""b""}",28702,70494
8131,2026-02-26T20:23:51.044233,LuoLuo,30,男,硕士,晚次鄂州,/home/ubuntu/workspace/image_voting_system/all_images/晚次鄂州_seedream.jpg,seedream,A,28385,"{""q1-2"": ""b"", ""q1-1"": ""A"", ""q2-1"": ""a"", ""q2-2"": ""b"", ""q2-3"": ""b"", ""q2-4"": ""b"", ""q2-5"": ""a"", ""q2-6"": ""d"", ""q2-7"": ""a"", ""q2-8"": ""a"", ""q2-9"": ""b"", ""q2-10"": ""c""}",22639,51024
8132,2026-02-26T20:24:50.572576,LuoLuo,30,男,硕士,送陈章甫,/home/ubuntu/workspace/image_voting_system/all_images/送陈章甫_seedream.jpg,seedream,B,13092,"{""q1-2"": ""e"", ""q1-1"": ""B"", ""q2-1"": ""a"", ""q2-2"": ""a"", ""q2-3"": ""b"", ""q2-4"": ""c"", ""q2-5"": ""b"", ""q2-6"": ""e"", ""q2-7"": ""a"", ""q2-8"": ""b"", ""q2-9"": ""a"", ""q2-10"": ""c""}",43379,56471
8133,2026-02-26T20:25:43.660580,LuoLuo,30,男,硕士,芙蓉楼送辛渐,/home/ubuntu/workspace/image_voting_system/all_images/芙蓉楼送辛渐_gpt.jpg,gpt,B,26800,"{""q1-2"": ""b"", ""q1-1"": ""D"", ""q2-1"": ""a"", ""q2-2"": ""a"", ""q2-3"": ""b"", ""q2-4"": ""c"", ""q2-5"": ""a"", ""q2-6"": ""d"", ""q2-7"": ""a"", ""q2-8"": ""a"", ""q2-9"": ""a"", ""q2-10"": ""c""}",26287,53087
8134,2026-02-26T20:26:12.212549,LuoLuo,30,男,硕士,送元二使安西,/home/ubuntu/workspace/image_voting_system/all_images/送元二使安西_gpt.jpg,gpt,A,9036,"{""q1-2"": ""a"", ""q1-1"": ""A"", ""q2-1"": ""a"", ""q2-2"": ""a"", ""q2-3"": ""a"", ""q2-4"": ""a"", ""q2-5"": ""a"", ""q2-6"": ""a"", ""q2-7"": ""a"", ""q2-8"": ""a"", ""q2-9"": ""a"", ""q2-10"": ""b""}",19516,28552
8135,2026-02-26T20:26:54.938455,LuoLuo,30,男,硕士,寻隐者不遇,/home/ubuntu/workspace/image_voting_system/all_images/寻隐者不遇_mj.jpg,mj,C,21055,"{""q1-2"": ""a"", ""q1-1"": ""C"", ""q2-1"": ""a"", ""q2-2"": ""a"", ""q2-3"": ""a"", ""q2-4"": ""a"", ""q2-5"": ""a"", ""q2-6"": ""c"", ""q2-7"": ""a"", ""q2-8"": ""a"", ""q2-9"": ""a"", ""q2-10"": ""a""}",21671,42726
8136,2026-02-26T20:28:01.700401,LuoLuo,30,男,硕士,登岳阳楼,/home/ubuntu/workspace/image_voting_system/all_images/登岳阳楼_gpt.jpg,gpt,A,32323,"{""q1-2"": ""b"", ""q1-1"": ""D"", ""q2-1"": ""a"", ""q2-2"": ""a"", ""q2-3"": ""c"", ""q2-4"": ""b"", ""q2-5"": ""a"", ""q2-6"": ""e"", ""q2-7"": ""a"", ""q2-8"": ""a"", ""q2-9"": ""a"", ""q2-10"": ""c""}",34439,66762
8137,2026-02-26T20:28:46.375725,LuoLuo,30,男,硕士,凉州词二首·其一,/home/ubuntu/workspace/image_voting_system/all_images/凉州词二首·其一_nano.jpg,nano,D,14413,"{""q1-2"": ""c"", ""q1-1"": ""D"", ""q2-1"": ""a"", ""q2-2"": ""a"", ""q2-3"": ""c"", ""q2-4"": ""b"", ""q2-5"": ""a"", ""q2-6"": ""b"", ""q2-7"": ""a"", ""q2-8"": ""a"", ""q2-9"": ""b"", ""q2-10"": ""c""}",29108,43521
8138,2026-02-26T20:29:14.209914,LuoLuo,30,男,硕士,静夜思,/home/ubuntu/workspace/image_voting_system/all_images/静夜思_nano.jpg,nano,A,11115,"{""q1-2"": ""a"", ""q1-1"": ""A"", ""q2-1"": ""a"", ""q2-2"": ""a"", ""q2-3"": ""a"", ""q2-4"": ""a"", ""q2-5"": ""a"", ""q2-6"": ""a"", ""q2-7"": ""a"", ""q2-8"": ""a"", ""q2-9"": ""a"", ""q2-10"": ""a""}",16719,27834
8139,2026-02-26T20:30:13.606605,LuoLuo,30,男,硕士,瑶瑟怨,/home/ubuntu/workspace/image_voting_system/all_images/瑶瑟怨_seedream.jpg,seedream,B,19300,"{""q1-2"": ""e"", ""q1-1"": ""B"", ""q2-1"": ""a"", ""q2-2"": ""c"", ""q2-3"": ""d"", ""q2-4"": ""c"", ""q2-5"": ""a"", ""q2-6"": ""b"", ""q2-7"": ""b"", ""q2-8"": ""c"", ""q2-9"": ""c"", ""q2-10"": ""d""}",40096,59396
8140,2026-02-26T20:31:12.128985,LuoLuo,30,男,硕士,没蕃故人,/home/ubuntu/workspace/image_voting_system/all_images/没蕃故人_seedream.jpg,seedream,D,32367,"{""q1-2"": ""a"", ""q1-1"": ""D"", ""q2-1"": ""a"", ""q2-2"": ""a"", ""q2-3"": ""a"", ""q2-4"": ""a"", ""q2-5"": ""a"", ""q2-6"": ""b"", ""q2-7"": ""a"", ""q2-8"": ""a"", ""q2-9"": ""a"", ""q2-10"": ""b""}",26156,58523
8141,2026-02-26T20:31:43.234374,LuoLuo,30,男,硕士,观公孙大娘弟子舞剑器行,/home/ubuntu/workspace/image_voting_system/all_images/观公孙大娘弟子舞剑器行_seedream.jpg,seedream,D,8768,"{""q1-2"": ""a"", ""q1-1"": ""D"", ""q2-1"": ""a"", ""q2-2"": ""a"", ""q2-3"": ""a"", ""q2-4"": ""b"", ""q2-5"": ""a"", ""q2-6"": ""e"", ""q2-7"": ""a"", ""q2-8"": ""a"", ""q2-9"": ""a"", ""q2-10"": ""b""}",22337,31105
8142,2026-02-27T03:12:23.723738,zl_zl,33,男,硕士,夜泊牛渚怀古,/home/ubuntu/workspace/image_voting_system/all_images/夜泊牛渚怀古_nano.jpg,nano,C,97325,"{""q1-2"": ""a"", ""q1-1"": ""C"", ""q2-1"": ""a"", ""q2-2"": ""a"", ""q2-3"": ""a"", ""q2-4"": ""a"", ""q2-5"": ""a"", ""q2-6"": ""c"", ""q2-7"": ""a"", ""q2-8"": ""a"", ""q2-9"": ""a"", ""q2-10"": ""a""}",53528,150853
8143,2026-02-27T04:19:51.484737,whu,31,男,硕士,辋川闲居赠裴秀才迪,/home/ubuntu/workspace/image_voting_system/all_images/辋川闲居赠裴秀才迪_gpt.jpg,gpt,C,130524,"{""q1-2"": ""a"", ""q1-1"": ""C"", ""q2-1"": ""a"", ""q2-2"": ""a"", ""q2-3"": ""b"", ""q2-4"": ""b"", ""q2-5"": ""a"", ""q2-6"": ""b"", ""q2-7"": ""a"", ""q2-8"": ""a"", ""q2-9"": ""a"", ""q2-10"": ""b""}",90533,221057
8144,2026-02-27T04:22:29.668971,whu,31,男,硕士,春怨·打起黄莺儿,/home/ubuntu/workspace/image_voting_system/all_images/春怨·打起黄莺儿_nano.jpg,nano,D,111855,"{""q1-2"": ""c"", ""q1-1"": ""A"", ""q2-1"": ""a"", ""q2-2"": ""a"", ""q2-3"": ""a"", ""q2-4"": ""b"", ""q2-5"": ""a"", ""q2-6"": ""a"", ""q2-7"": ""a"", ""q2-8"": ""a"", ""q2-9"": ""a"", ""q2-10"": ""b""}",46329,158184
8145,2026-02-27T04:26:06.659883,whu,31,男,硕士,贼平后送人北归,/home/ubuntu/workspace/image_voting_system/all_images/贼平后送人北归_nano.jpg,nano,A,191500,"{""q1-2"": ""a"", ""q1-1"": ""A"", ""q2-1"": ""a"", ""q2-2"": ""a"", ""q2-3"": ""a"", ""q2-4"": ""b"", ""q2-5"": ""a"", ""q2-6"": ""b"", ""q2-7"": ""a"", ""q2-8"": ""a"", ""q2-9"": ""a"", ""q2-10"": ""b""}",25491,216991
8146,2026-02-27T04:30:34.100427,whu,31,男,硕士,桃源行,/home/ubuntu/workspace/image_voting_system/all_images/桃源行_seedream.jpg,seedream,B,190553,"{""q1-2"": ""a"", ""q1-1"": ""B"", ""q2-1"": ""a"", ""q2-2"": ""a"", ""q2-3"": ""c"", ""q2-4"": ""a"", ""q2-5"": ""a"", ""q2-6"": ""d"", ""q2-7"": ""a"", ""q2-8"": ""a"", ""q2-9"": ""a"", ""q2-10"": ""d""}",75371,265924
8147,2026-02-27T04:33:05.112822,whu,31,男,硕士,佳人,/home/ubuntu/workspace/image_voting_system/all_images/佳人_seedream.jpg,seedream,B,27714,"{""q1-2"": ""a"", ""q1-1"": ""B"", ""q2-1"": ""a"", ""q2-2"": ""a"", ""q2-3"": ""c"", ""q2-4"": ""b"", ""q2-5"": ""a"", ""q2-6"": ""a"", ""q2-7"": ""a"", ""q2-8"": ""a"", ""q2-9"": ""a"", ""q2-10"": ""c""}",123299,151013
8148,2026-02-27T04:35:14.801863,whu,31,男,硕士,李端公,/home/ubuntu/workspace/image_voting_system/all_images/李端公_mj.jpg,mj,A,61490,"{""q1-2"": ""d"", ""q1-1"": ""A"", ""q2-1"": ""a"", ""q2-2"": ""b"", ""q2-3"": ""a"", ""q2-4"": ""c"", ""q2-5"": ""b"", ""q2-6"": ""d"", ""q2-7"": ""a"", ""q2-8"": ""a"", ""q2-9"": ""b"", ""q2-10"": ""d""}",68199,129689
8149,2026-02-27T04:37:16.362306,whu,31,男,硕士,无题·相见时难别亦难,/home/ubuntu/workspace/image_voting_system/all_images/无题·相见时难别亦难_mj.jpg,mj,C,65075,"{""q1-2"": ""d"", ""q1-1"": ""C"", ""q2-1"": ""a"", ""q2-2"": ""a"", ""q2-3"": ""b"", ""q2-4"": ""c"", ""q2-5"": ""b"", ""q2-6"": ""d"", ""q2-7"": ""b"", ""q2-8"": ""a"", ""q2-9"": ""c"", ""q2-10"": ""e""}",56485,121560
8150,2026-02-27T04:38:23.064109,whu,31,男,硕士,赠卫八处士,/home/ubuntu/workspace/image_voting_system/all_images/赠卫八处士_mj.jpg,mj,B,14787,"{""q1-2"": ""c"", ""q1-1"": ""B"", ""q2-1"": ""a"", ""q2-2"": ""c"", ""q2-3"": ""a"", ""q2-4"": ""b"", ""q2-5"": ""d"", ""q2-6"": ""b"", ""q2-7"": ""b"", ""q2-8"": ""a"", ""q2-9"": ""c"", ""q2-10"": ""d""}",51915,66702
8151,2026-02-27T04:41:28.050572,whu,31,男,硕士,青溪,/home/ubuntu/workspace/image_voting_system/all_images/青溪_seedream.jpg,seedream,B,60266,"{""q1-2"": ""a"", ""q1-1"": ""B"", ""q2-1"": ""a"", ""q2-2"": ""a"", ""q2-3"": ""a"", ""q2-4"": ""a"", ""q2-5"": ""a"", ""q2-6"": ""b"", ""q2-7"": ""a"", ""q2-8"": ""a"", ""q2-9"": ""a"", ""q2-10"": ""b""}",122747,183013
8152,2026-02-27T04:42:44.297967,whu,31,男,硕士,怨情,/home/ubuntu/workspace/image_voting_system/all_images/怨情_seedream.jpg,seedream,D,29854,"{""q1-2"": ""a"", ""q1-1"": ""D"", ""q2-1"": ""b"", ""q2-2"": ""a"", ""q2-3"": ""c"", ""q2-4"": ""b"", ""q2-5"": ""e"", ""q2-6"": ""a"", ""q2-7"": ""a"", ""q2-8"": ""a"", ""q2-9"": ""a"", ""q2-10"": ""d""}",46394,76248
8153,2026-02-27T04:44:00.396911,whu,31,男,硕士,白雪歌送武判官归京,/home/ubuntu/workspace/image_voting_system/all_images/白雪歌送武判官归京_nano.jpg,nano,A,44496,"{""q1-2"": ""a"", ""q1-1"": ""A"", ""q2-1"": ""a"", ""q2-2"": ""a"", ""q2-3"": ""b"", ""q2-4"": ""a"", ""q2-5"": ""a"", ""q2-6"": ""b"", ""q2-7"": ""a"", ""q2-8"": ""a"", ""q2-9"": ""a"", ""q2-10"": ""c""}",31603,76099
8154,2026-02-27T04:47:50.270556,whu,31,男,硕士,春宿左省,/home/ubuntu/workspace/image_voting_system/all_images/春宿左省_mj.jpg,mj,C,38089,"{""q1-2"": ""d"", ""q1-1"": ""C"", ""q2-1"": ""a"", ""q2-2"": ""b"", ""q2-3"": ""a"", ""q2-4"": ""c"", ""q2-5"": ""a"", ""q2-6"": ""d"", ""q2-7"": ""a"", ""q2-8"": ""b"", ""q2-9"": ""c"", ""q2-10"": ""d""}",191784,229873
8155,2026-02-27T04:52:43.339508,whu,31,男,硕士,宿府,/home/ubuntu/workspace/image_voting_system/all_images/宿府_mj.jpg,mj,C,240662,"{""q1-2"": ""c"", ""q1-1"": ""B"", ""q2-1"": ""a"", ""q2-2"": ""b"", ""q2-3"": ""b"", ""q2-4"": ""d"", ""q2-5"": ""c"", ""q2-6"": ""d"", ""q2-7"": ""a"", ""q2-8"": ""a"", ""q2-9"": ""c"", ""q2-10"": ""e""}",52408,293070
8156,2026-02-27T05:01:55.189512,whu,31,男,硕士,江州重别薛六柳八二员外,/home/ubuntu/workspace/image_voting_system/all_images/江州重别薛六柳八二员外_nano.jpg,nano,C,530642,"{""q1-2"": ""a"", ""q1-1"": ""C"", ""q2-1"": ""a"", ""q2-2"": ""a"", ""q2-3"": ""a"", ""q2-4"": ""a"", ""q2-5"": ""a"", ""q2-6"": ""b"", ""q2-7"": ""a"", ""q2-8"": ""a"", ""q2-9"": ""a"", ""q2-10"": ""b""}",18939,549581
8157,2026-02-27T05:05:56.597999,whu,31,男,硕士,岁暮归南山,/home/ubuntu/workspace/image_voting_system/all_images/岁暮归南山_gpt.jpg,gpt,C,181094,"{""q1-2"": ""d"", ""q1-1"": ""C"", ""q2-1"": ""a"", ""q2-2"": ""b"", ""q2-3"": ""a"", ""q2-4"": ""b"", ""q2-5"": ""a"", ""q2-6"": ""a"", ""q2-7"": ""a"", ""q2-8"": ""a"", ""q2-9"": ""a"", ""q2-10"": ""c""}",60314,241408
8158,2026-02-27T05:07:51.313508,whu,31,男,硕士,咏怀古迹五首·其一,/home/ubuntu/workspace/image_voting_system/all_images/咏怀古迹五首·其一_mj.jpg,mj,B,70190,"{""q1-2"": ""c"", ""q1-1"": ""B"", ""q2-1"": ""a"", ""q2-2"": ""b"", ""q2-3"": ""a"", ""q2-4"": ""c"", ""q2-5"": ""a"", ""q2-6"": ""d"", ""q2-7"": ""a"", ""q2-8"": ""a"", ""q2-9"": ""a"", ""q2-10"": ""d""}",44525,114715
8159,2026-02-27T05:08:58.459826,whu,31,男,硕士,月夜·更深月色半人家,/home/ubuntu/workspace/image_voting_system/all_images/月夜·更深月色半人家_nano.jpg,nano,D,38931,"{""q1-2"": ""a"", ""q1-1"": ""D"", ""q2-1"": ""a"", ""q2-2"": ""a"", ""q2-3"": ""b"", ""q2-4"": ""a"", ""q2-5"": ""a"", ""q2-6"": ""a"", ""q2-7"": ""a"", ""q2-8"": ""a"", ""q2-9"": ""a"", ""q2-10"": ""b""}",28216,67147
8160,2026-02-27T05:10:33.926825,whu,31,男,硕士,望月有感,/home/ubuntu/workspace/image_voting_system/all_images/望月有感_mj.jpg,mj,B,51988,"{""q1-2"": ""b"", ""q1-1"": ""B"", ""q2-1"": ""a"", ""q2-2"": ""b"", ""q2-3"": ""a"", ""q2-4"": ""b"", ""q2-5"": ""b"", ""q2-6"": ""d"", ""q2-7"": ""a"", ""q2-8"": ""b"", ""q2-9"": ""b"", ""q2-10"": ""c""}",43479,95467
8161,2026-02-27T05:11:34.619765,whu,31,男,硕士,鹿柴,/home/ubuntu/workspace/image_voting_system/all_images/鹿柴_seedream.jpg,seedream,B,27447,"{""q1-2"": ""a"", ""q1-1"": ""B"", ""q2-1"": ""a"", ""q2-2"": ""a"", ""q2-3"": ""b"", ""q2-4"": ""a"", ""q2-5"": ""a"", ""q2-6"": ""c"", ""q2-7"": ""a"", ""q2-8"": ""a"", ""q2-9"": ""a"", ""q2-10"": ""b""}",31608,59055
8162,2026-02-27T05:12:27.943894,whu,31,男,硕士,望月怀远,/home/ubuntu/workspace/image_voting_system/all_images/望月怀远_mj.jpg,mj,C,14260,"{""q1-2"": ""c"", ""q1-1"": ""C"", ""q2-1"": ""a"", ""q2-2"": ""a"", ""q2-3"": ""c"", ""q2-4"": ""c"", ""q2-5"": ""c"", ""q2-6"": ""d"", ""q2-7"": ""b"", ""q2-8"": ""a"", ""q2-9"": ""c"", ""q2-10"": ""e""}",39064,53324
8163,2026-02-27T05:13:39.838602,whu,31,男,硕士,逢入京使,/home/ubuntu/workspace/image_voting_system/all_images/逢入京使_mj.jpg,mj,A,31299,"{""q1-2"": ""d"", ""q1-1"": ""A"", ""q2-1"": ""a"", ""q2-2"": ""c"", ""q2-3"": ""a"", ""q2-4"": ""d"", ""q2-5"": ""c"", ""q2-6"": ""d"", ""q2-7"": ""a"", ""q2-8"": ""a"", ""q2-9"": ""c"", ""q2-10"": ""d""}",40596,71895
8164,2026-02-27T05:14:49.106840,whu,31,男,硕士,秋登兰山寄张五,/home/ubuntu/workspace/image_voting_system/all_images/秋登兰山寄张五_mj.jpg,mj,B,24595,"{""q1-2"": ""c"", ""q1-1"": ""B"", ""q2-1"": ""a"", ""q2-2"": ""a"", ""q2-3"": ""a"", ""q2-4"": ""c"", ""q2-5"": ""d"", ""q2-6"": ""d"", ""q2-7"": ""b"", ""q2-8"": ""a"", ""q2-9"": ""b"", ""q2-10"": ""d""}",44673,69268
8165,2026-02-27T05:17:23.869722,whu,31,男,硕士,陇西行四首·其二,/home/ubuntu/workspace/image_voting_system/all_images/陇西行四首·其二_mj.jpg,mj,D,106582,"{""q1-2"": ""a"", ""q1-1"": ""D"", ""q2-1"": ""b"", ""q2-2"": ""a"", ""q2-3"": ""b"", ""q2-4"": ""b"", ""q2-5"": ""b"", ""q2-6"": ""d"", ""q2-7"": ""b"", ""q2-8"": ""a"", ""q2-9"": ""b"", ""q2-10"": ""d""}",48181,154763
8166,2026-02-27T05:31:19.330189,高大王,32,女,硕士,渭川田家,/home/ubuntu/workspace/image_voting_system/all_images/渭川田家_gpt.jpg,gpt,B,90673,"{""q1-2"": ""a"", ""q1-1"": ""B"", ""q2-1"": ""a"", ""q2-2"": ""b"", ""q2-3"": ""a"", ""q2-4"": ""b"", ""q2-5"": ""a"", ""q2-6"": ""c"", ""q2-7"": ""a"", ""q2-8"": ""a"", ""q2-9"": ""a"", ""q2-10"": ""c""}",39870,130543
8167,2026-02-27T05:32:51.694652,高大王,32,女,硕士,无题·重帏深下莫愁堂,/home/ubuntu/workspace/image_voting_system/all_images/无题·重帏深下莫愁堂_nano.jpg,nano,A,57785,"{""q1-2"": ""a"", ""q1-1"": ""A"", ""q2-1"": ""a"", ""q2-2"": ""a"", ""q2-3"": ""a"", ""q2-4"": ""a"", ""q2-5"": ""a"", ""q2-6"": ""a"", ""q2-7"": ""a"", ""q2-8"": ""a"", ""q2-9"": ""a"", ""q2-10"": ""b""}",34579,92364
8168,2026-02-27T05:35:15.808719,whu,31,男,硕士,宫词·寂寂花时闭院门,/home/ubuntu/workspace/image_voting_system/all_images/宫词·寂寂花时闭院门_mj.jpg,mj,B,24258,"{""q1-2"": ""c"", ""q1-1"": ""B"", ""q2-1"": ""a"", ""q2-2"": ""b"", ""q2-3"": ""a"", ""q2-4"": ""b"", ""q2-5"": ""a"", ""q2-6"": ""a"", ""q2-7"": ""b"", ""q2-8"": ""a"", ""q2-9"": ""b"", ""q2-10"": ""c""}",50370,74628
8169,2026-02-27T05:35:20.989530,高大王,32,女,硕士,贼退示官吏,/home/ubuntu/workspace/image_voting_system/all_images/贼退示官吏_mj.jpg,mj,D,39724,"{""q1-2"": ""c"", ""q1-1"": ""C"", ""q2-1"": ""a"", ""q2-2"": ""c"", ""q2-3"": ""b"", ""q2-4"": ""c"", ""q2-5"": ""d"", ""q2-6"": ""c"", ""q2-7"": ""a"", ""q2-8"": ""a"", ""q2-9"": ""b"", ""q2-10"": ""d""}",109572,149296
8170,2026-02-27T05:36:49.499548,高大王,32,女,硕士,江州重别薛六柳八二员外,/home/ubuntu/workspace/image_voting_system/all_images/江州重别薛六柳八二员外_seedream.jpg,seedream,C,60985,"{""q1-2"": ""a"", ""q1-1"": ""C"", ""q2-1"": ""a"", ""q2-2"": ""a"", ""q2-3"": ""a"", ""q2-4"": ""a"", ""q2-5"": ""a"", ""q2-6"": ""a"", ""q2-7"": ""a"", ""q2-8"": ""a"", ""q2-9"": ""a"", ""q2-10"": ""a""}",27524,88509
8171,2026-02-27T05:38:02.045369,高大王,32,女,硕士,和张仆射塞下曲·其四,/home/ubuntu/workspace/image_voting_system/all_images/和张仆射塞下曲·其四_gpt.jpg,gpt,D,38160,"{""q1-2"": ""a"", ""q1-1"": ""D"", ""q2-1"": ""a"", ""q2-2"": ""b"", ""q2-3"": ""a"", ""q2-4"": ""a"", ""q2-5"": ""a"", ""q2-6"": ""b"", ""q2-7"": ""a"", ""q2-8"": ""a"", ""q2-9"": ""b"", ""q2-10"": ""c""}",34386,72546
8172,2026-02-27T05:38:02.153900,whu,31,男,硕士,秋夜寄邱员外,/home/ubuntu/workspace/image_voting_system/all_images/秋夜寄邱员外_mj.jpg,mj,A,16976,"{""q1-2"": ""d"", ""q1-1"": ""D"", ""q2-1"": ""a"", ""q2-2"": ""b"", ""q2-3"": ""a"", ""q2-4"": ""d"", ""q2-5"": ""d"", ""q2-6"": ""d"", ""q2-7"": ""a"", ""q2-8"": ""d"", ""q2-9"": ""b"", ""q2-10"": ""e""}",149369,166345
8173,2026-02-27T05:39:31.336956,高大王,32,女,硕士,杂诗三首·其三,/home/ubuntu/workspace/image_voting_system/all_images/杂诗三首·其三_gpt.jpg,gpt,D,57286,"{""q1-2"": ""a"", ""q1-1"": ""D"", ""q2-1"": ""a"", ""q2-2"": ""b"", ""q2-3"": ""b"", ""q2-4"": ""a"", ""q2-5"": ""a"", ""q2-6"": ""a"", ""q2-7"": ""a"", ""q2-8"": ""a"", ""q2-9"": ""b"", ""q2-10"": ""c""}",30943,88229
8174,2026-02-27T05:40:59.821682,高大王,32,女,硕士,早秋三首·其一,/home/ubuntu/workspace/image_voting_system/all_images/早秋三首·其一_seedream.jpg,seedream,A,74584,"{""q1-2"": ""a"", ""q1-1"": ""A"", ""q2-1"": ""a"", ""q2-2"": ""a"", ""q2-3"": ""a"", ""q2-4"": ""a"", ""q2-5"": ""a"", ""q2-6"": ""c"", ""q2-7"": ""a"", ""q2-8"": ""a"", ""q2-9"": ""a"", ""q2-10"": ""b""}",13901,88485
8175,2026-02-27T05:41:18.129132,whu,31,男,硕士,筹笔驿,/home/ubuntu/workspace/image_voting_system/all_images/筹笔驿_nano.jpg,nano,A,95626,"{""q1-2"": ""c"", ""q1-1"": ""A"", ""q2-1"": ""a"", ""q2-2"": ""b"", ""q2-3"": ""a"", ""q2-4"": ""c"", ""q2-5"": ""a"", ""q2-6"": ""d"", ""q2-7"": ""a"", ""q2-8"": ""b"", ""q2-9"": ""a"", ""q2-10"": ""d""}",100349,195975
8176,2026-02-27T05:41:53.267605,whu,31,男,硕士,江雪,/home/ubuntu/workspace/image_voting_system/all_images/江雪_seedream.jpg,seedream,D,10621,"{""q1-2"": ""a"", ""q1-1"": ""D"", ""q2-1"": ""a"", ""q2-2"": ""a"", ""q2-3"": ""b"", ""q2-4"": ""a"", ""q2-5"": ""a"", ""q2-6"": ""c"", ""q2-7"": ""a"", ""q2-8"": ""a"", ""q2-9"": ""a"", ""q2-10"": ""b""}",24518,35139
8177,2026-02-27T05:43:21.106272,高大王,32,女,硕士,古从军行,/home/ubuntu/workspace/image_voting_system/all_images/古从军行_seedream.jpg,seedream,C,85971,"{""q1-2"": ""b"", ""q1-1"": ""C"", ""q2-1"": ""a"", ""q2-2"": ""a"", ""q2-3"": ""b"", ""q2-4"": ""a"", ""q2-5"": ""a"", ""q2-6"": ""c"", ""q2-7"": ""b"", ""q2-8"": ""a"", ""q2-9"": ""a"", ""q2-10"": ""c""}",55313,141284
8178,2026-02-27T05:43:48.186010,whu,31,男,硕士,金缕衣,/home/ubuntu/workspace/image_voting_system/all_images/金缕衣_mj.jpg,mj,B,34359,"{""q1-2"": ""d"", ""q1-1"": ""A"", ""q2-1"": ""a"", ""q2-2"": ""a"", ""q2-3"": ""a"", ""q2-4"": ""c"", ""q2-5"": ""b"", ""q2-6"": ""c"", ""q2-7"": ""a"", ""q2-8"": ""a"", ""q2-9"": ""c"", ""q2-10"": ""d""}",80559,114918
8179,2026-02-27T05:45:15.596146,whu,31,男,硕士,登楼,/home/ubuntu/workspace/image_voting_system/all_images/登楼_gpt.jpg,gpt,C,21805,"{""q1-2"": ""a"", ""q1-1"": ""C"", ""q2-1"": ""a"", ""q2-2"": ""a"", ""q2-3"": ""a"", ""q2-4"": ""a"", ""q2-5"": ""a"", ""q2-6"": ""b"", ""q2-7"": ""a"", ""q2-8"": ""a"", ""q2-9"": ""a"", ""q2-10"": ""b""}",27660,49465
8180,2026-02-27T05:45:52.835070,高大王,32,女,硕士,金陵图,/home/ubuntu/workspace/image_voting_system/all_images/金陵图_gpt.jpg,gpt,A,102387,"{""q1-2"": ""a"", ""q1-1"": ""A"", ""q2-1"": ""a"", ""q2-2"": ""b"", ""q2-3"": ""b"", ""q2-4"": ""b"", ""q2-5"": ""a"", ""q2-6"": ""b"", ""q2-7"": ""a"", ""q2-8"": ""a"", ""q2-9"": ""b"", ""q2-10"": ""c""}",49342,151729
8181,2026-02-27T05:47:54.399723,高大王,32,女,硕士,回乡偶书,/home/ubuntu/workspace/image_voting_system/all_images/回乡偶书_nano.jpg,nano,B,49515,"{""q1-2"": ""a"", ""q1-1"": ""B"", ""q2-1"": ""a"", ""q2-2"": ""a"", ""q2-3"": ""a"", ""q2-4"": ""a"", ""q2-5"": ""a"", ""q2-6"": ""a"", ""q2-7"": ""a"", ""q2-8"": ""b"", ""q2-9"": ""a"", ""q2-10"": ""b""}",72050,121565
8182,2026-02-27T05:48:05.640750,whu,31,男,硕士,贾生,/home/ubuntu/workspace/image_voting_system/all_images/贾生_nano.jpg,nano,B,107920,"{""q1-2"": ""d"", ""q1-1"": ""C"", ""q2-1"": ""a"", ""q2-2"": ""a"", ""q2-3"": ""a"", ""q2-4"": ""d"", ""q2-5"": ""e"", ""q2-6"": ""b"", ""q2-7"": ""b"", ""q2-8"": ""a"", ""q2-9"": ""a"", ""q2-10"": ""d""}",62125,170045
8183,2026-02-27T05:49:47.504367,whu,31,男,硕士,清平调·其三,/home/ubuntu/workspace/image_voting_system/all_images/清平调·其三_mj.jpg,mj,B,43712,"{""q1-2"": ""c"", ""q1-1"": ""B"", ""q2-1"": ""a"", ""q2-2"": ""b"", ""q2-3"": ""a"", ""q2-4"": ""b"", ""q2-5"": ""a"", ""q2-6"": ""d"", ""q2-7"": ""a"", ""q2-8"": ""a"", ""q2-9"": ""c"", ""q2-10"": ""d""}",58151,101863
8184,2026-02-27T05:51:40.604793,whu,31,男,硕士,客至,/home/ubuntu/workspace/image_voting_system/all_images/客至_gpt.jpg,gpt,A,82602,"{""q1-2"": ""b"", ""q1-1"": ""A"", ""q2-1"": ""a"", ""q2-2"": ""a"", ""q2-3"": ""a"", ""q2-4"": ""b"", ""q2-5"": ""b"", ""q2-6"": ""b"", ""q2-7"": ""a"", ""q2-8"": ""a"", ""q2-9"": ""a"", ""q2-10"": ""c""}",30499,113101
8185,2026-02-27T05:53:13.426284,whu,31,男,硕士,马嵬坡,/home/ubuntu/workspace/image_voting_system/all_images/马嵬坡_mj.jpg,mj,C,50307,"{""q1-2"": ""d"", ""q1-1"": ""B"", ""q2-1"": ""a"", ""q2-2"": ""b"", ""q2-3"": ""a"", ""q2-4"": ""c"", ""q2-5"": ""b"", ""q2-6"": ""d"", ""q2-7"": ""a"", ""q2-8"": ""d"", ""q2-9"": ""a"", ""q2-10"": ""d""}",42513,92820
8186,2026-02-27T05:54:37.993873,whu,31,男,硕士,野望,/home/ubuntu/workspace/image_voting_system/all_images/野望_mj.jpg,mj,B,44645,"{""q1-2"": ""c"", ""q1-1"": ""B"", ""q2-1"": ""a"", ""q2-2"": ""b"", ""q2-3"": ""a"", ""q2-4"": ""c"", ""q2-5"": ""b"", ""q2-6"": ""d"", ""q2-7"": ""a"", ""q2-8"": ""d"", ""q2-9"": ""a"", ""q2-10"": ""d""}",38199,82844
8187,2026-02-27T06:14:35.427875,whu,31,男,硕士,初发扬子寄元大校书,/home/ubuntu/workspace/image_voting_system/all_images/初发扬子寄元大校书_mj.jpg,mj,C,14782,"{""q1-2"": ""c"", ""q1-1"": ""C"", ""q2-1"": ""a"", ""q2-2"": ""a"", ""q2-3"": ""a"", ""q2-4"": ""c"", ""q2-5"": ""b"", ""q2-6"": ""d"", ""q2-7"": ""a"", ""q2-8"": ""a"", ""q2-9"": ""c"", ""q2-10"": ""d""}",37216,51998
8188,2026-02-27T06:15:17.209431,whu,31,男,硕士,宫词二首·其一,/home/ubuntu/workspace/image_voting_system/all_images/宫词二首·其一_nano.jpg,nano,C,16492,"{""q1-2"": ""a"", ""q1-1"": ""C"", ""q2-1"": ""a"", ""q2-2"": ""a"", ""q2-3"": ""a"", ""q2-4"": ""a"", ""q2-5"": ""a"", ""q2-6"": ""a"", ""q2-7"": ""a"", ""q2-8"": ""a"", ""q2-9"": ""a"", ""q2-10"": ""b""}",25289,41781
8189,2026-02-27T06:16:28.234197,whu,31,男,硕士,送僧归日本,/home/ubuntu/workspace/image_voting_system/all_images/送僧归日本_nano.jpg,nano,D,25803,"{""q1-2"": ""a"", ""q1-1"": ""D"", ""q2-1"": ""a"", ""q2-2"": ""a"", ""q2-3"": ""b"", ""q2-4"": ""a"", ""q2-5"": ""a"", ""q2-6"": ""c"", ""q2-7"": ""a"", ""q2-8"": ""a"", ""q2-9"": ""a"", ""q2-10"": ""c""}",45222,71025